id_cliente,nombre_cliente,segmento,ciudad,region,departamento,genero,rango_edad,fecha_alta,estado_cliente
C00001,Cliente 00001,Educacion,Manizales,Eje Cafetero,Caldas,M,18-25,2025-11-13,Activo
C00002,Cliente 00002,Pyme,Santa Marta,Caribe,Magdalena,M,18-25,2025-12-05,Activo
C00003,Cliente 00003,Educacion,Santa Marta,Caribe,Magdalena,No informado,18-25,2020-02-22,Activo
C00004,Cliente 00004,Educacion,Barranquilla,Caribe,Atlantico,M,26-35,2019-06-27,Activo
C00005,Cliente 00005,Pyme,Medellin,Antioquia,Antioquia,F,46-55,2023-12-20,Activo
C00006,Cliente 00006,Hogar,Bogota,Centro,Cundinamarca,No informado,36-45,2024-12-12,Activo
C00007,Cliente 00007,Pyme,Pereira,Eje Cafetero,Risaralda,F,56+,2024-02-11,Activo
C00008,Cliente 00008,Pyme,Pasto,Sur,Narino,F,46-55,2022-07-24,Activo
C00009,Cliente 00009,Gobierno,Bucaramanga,Oriente,Santander,F,46-55,2024-02-29,Activo
C00010,Cliente 00010,Pyme,Barranquilla,Caribe,Atlantico,F,46-55,2025-07-06,Activo
C00011,Cliente 00011,Educacion,Bogota,Centro,Cundinamarca,No informado,36-45,2024-01-23,Activo
C00012,Cliente 00012,Hogar,Santa Marta,Caribe,Magdalena,No informado,36-45,2021-12-17,Activo
C00013,Cliente 00013,Corporativo,Bogota,Centro,Cundinamarca,No informado,18-25,2020-01-24,Activo
C00014,Cliente 00014,Hogar,Santa Marta,Caribe,Magdalena,No informado,36-45,2024-07-26,Activo
C00015,Cliente 00015,Corporativo,Bogota,Centro,Cundinamarca,M,56+,2019-04-10,Activo
C00016,Cliente 00016,Pyme,Santa Marta,Caribe,Magdalena,No informado,56+,2019-12-06,Activo
C00017,Cliente 00017,Corporativo,Pasto,Sur,Narino,No informado,56+,2024-08-26,Activo
C00018,Cliente 00018,Hogar,Bogota,Centro,Cundinamarca,No informado,26-35,2021-12-30,Activo
C00019,Cliente 00019,Gobierno,Villavicencio,Llanos,Meta,M,56+,2022-10-03,Activo
C00020,Cliente 00020,Pyme,Cartagena,Caribe,Bolivar,M,36-45,2020-04-26,Activo
C00021,Cliente 00021,Hogar,Manizales,Eje Cafetero,Caldas,No informado,56+,2019-09-17,Activo
C00022,Cliente 00022,Corporativo,Villavicencio,Llanos,Meta,M,46-55,2020-11-30,Activo
C00023,Cliente 00023,Hogar,Barranquilla,Caribe,Atlantico,No informado,26-35,2021-06-22,Activo
C00024,Cliente 00024,Gobierno,Villavicencio,Llanos,Meta,No informado,56+,2024-05-30,Activo
C00025,Cliente 00025,Pyme,Pasto,Sur,Narino,No informado,56+,2021-07-08,Activo
C00026,Cliente 00026,Gobierno,Villavicencio,Llanos,Meta,M,46-55,2025-07-29,Activo
C00027,Cliente 00027,Corporativo,Ibague,Centro,Tolima,No informado,26-35,2019-02-04,Activo
C00028,Cliente 00028,Corporativo,Pasto,Sur,Narino,F,26-35,2026-02-04,Activo
C00029,Cliente 00029,Gobierno,Manizales,Eje Cafetero,Caldas,No informado,18-25,2023-10-18,Activo
C00030,Cliente 00030,Gobierno,Manizales,Eje Cafetero,Caldas,No informado,36-45,2023-09-04,Inactivo
C00031,Cliente 00031,Hogar,Bucaramanga,Oriente,Santander,No informado,26-35,2023-09-29,Activo
C00032,Cliente 00032,Gobierno,Bogota,Centro,Cundinamarca,M,26-35,2020-12-08,Activo
C00033,Cliente 00033,Gobierno,Cartagena,Caribe,Bolivar,M,18-25,2022-08-01,Activo
C00034,Cliente 00034,Gobierno,Ibague,Centro,Tolima,No informado,36-45,2022-10-28,Activo
C00035,Cliente 00035,Gobierno,Pasto,Sur,Narino,M,36-45,2023-01-22,Activo
C00036,Cliente 00036,Hogar,Ibague,Centro,Tolima,M,18-25,2021-11-04,Activo
C00037,Cliente 00037,Corporativo,Villavicencio,Llanos,Meta,F,26-35,2021-06-18,Activo
C00038,Cliente 00038,Hogar,Barranquilla,Caribe,Atlantico,M,36-45,2022-08-13,Activo
C00039,Cliente 00039,Hogar,Santa Marta,Caribe,Magdalena,F,18-25,2020-09-09,Activo
C00040,Cliente 00040,Gobierno,Barranquilla,Caribe,Atlantico,F,46-55,2019-12-09,Activo
C00041,Cliente 00041,Hogar,Pereira,Eje Cafetero,Risaralda,F,46-55,2020-06-05,Inactivo
C00042,Cliente 00042,Corporativo,Cali,Occidente,Valle del Cauca,No informado,18-25,2022-10-31,Activo
C00043,Cliente 00043,Hogar,Pereira,Eje Cafetero,Risaralda,No informado,56+,2021-06-27,Activo
C00044,Cliente 00044,Hogar,Bogota,Centro,Cundinamarca,No informado,26-35,2019-01-27,Inactivo
C00045,Cliente 00045,Educacion,Cali,Occidente,Valle del Cauca,F,46-55,2019-06-06,Activo
C00046,Cliente 00046,Corporativo,Pasto,Sur,Narino,No informado,18-25,2023-11-18,Activo
C00047,Cliente 00047,Educacion,Cartagena,Caribe,Bolivar,F,18-25,2024-03-29,Activo
C00048,Cliente 00048,Gobierno,Ibague,Centro,Tolima,M,26-35,2020-02-29,Inactivo
C00049,Cliente 00049,Hogar,Ibague,Centro,Tolima,M,36-45,2024-06-14,Activo
C00050,Cliente 00050,Corporativo,Ibague,Centro,Tolima,F,18-25,2020-05-15,Activo
C00051,Cliente 00051,Gobierno,Manizales,Eje Cafetero,Caldas,F,36-45,2025-10-09,Activo
C00052,Cliente 00052,Corporativo,Ibague,Centro,Tolima,F,56+,2020-01-30,Activo
C00053,Cliente 00053,Pyme,Bogota,Centro,Cundinamarca,M,36-45,2024-04-24,Activo
C00054,Cliente 00054,Gobierno,Pasto,Sur,Narino,M,56+,2023-09-01,Activo
C00055,Cliente 00055,Corporativo,Santa Marta,Caribe,Magdalena,M,56+,2023-06-10,Activo
C00056,Cliente 00056,Hogar,Cali,Occidente,Valle del Cauca,F,26-35,2024-06-11,Activo
C00057,Cliente 00057,Gobierno,Villavicencio,Llanos,Meta,M,36-45,2020-12-10,Activo
C00058,Cliente 00058,Gobierno,Bogota,Centro,Cundinamarca,F,46-55,2022-10-06,Activo
C00059,Cliente 00059,Gobierno,Barranquilla,Caribe,Atlantico,F,36-45,2024-08-17,Activo
C00060,Cliente 00060,Pyme,Pasto,Sur,Narino,F,26-35,2020-01-27,Activo
C00061,Cliente 00061,Educacion,Bucaramanga,Oriente,Santander,F,36-45,2021-06-25,Activo
C00062,Cliente 00062,Corporativo,Manizales,Eje Cafetero,Caldas,F,46-55,2023-07-22,Activo
C00063,Cliente 00063,Educacion,Manizales,Eje Cafetero,Caldas,M,36-45,2020-05-18,Activo
C00064,Cliente 00064,Corporativo,Ibague,Centro,Tolima,F,26-35,2019-08-17,Activo
C00065,Cliente 00065,Educacion,Villavicencio,Llanos,Meta,M,18-25,2022-10-21,Activo
C00066,Cliente 00066,Gobierno,Pasto,Sur,Narino,No informado,18-25,2019-11-30,Activo
C00067,Cliente 00067,Corporativo,Pasto,Sur,Narino,No informado,18-25,2019-07-10,Activo
C00068,Cliente 00068,Pyme,Bucaramanga,Oriente,Santander,M,26-35,2021-11-02,Activo
C00069,Cliente 00069,Pyme,Villavicencio,Llanos,Meta,F,56+,2019-01-16,Activo
C00070,Cliente 00070,Hogar,Bogota,Centro,Cundinamarca,M,18-25,2023-10-23,Activo
C00071,Cliente 00071,Hogar,Bogota,Centro,Cundinamarca,M,46-55,2021-06-21,Activo
C00072,Cliente 00072,Educacion,Pereira,Eje Cafetero,Risaralda,No informado,56+,2024-11-24,Activo
C00073,Cliente 00073,Gobierno,Bucaramanga,Oriente,Santander,No informado,26-35,2022-09-13,Activo
C00074,Cliente 00074,Pyme,Bogota,Centro,Cundinamarca,M,18-25,2020-03-07,Activo
C00075,Cliente 00075,Gobierno,Manizales,Eje Cafetero,Caldas,No informado,56+,2019-02-17,Activo
C00076,Cliente 00076,Educacion,Medellin,Antioquia,Antioquia,M,56+,2022-07-14,Activo
C00077,Cliente 00077,Corporativo,Bucaramanga,Oriente,Santander,No informado,46-55,2022-02-01,Activo
C00078,Cliente 00078,Pyme,Cartagena,Caribe,Bolivar,M,36-45,2021-06-16,Activo
C00079,Cliente 00079,Educacion,Medellin,Antioquia,Antioquia,No informado,18-25,2020-03-08,Activo
C00080,Cliente 00080,Pyme,Medellin,Antioquia,Antioquia,F,18-25,2022-12-07,Activo
C00081,Cliente 00081,Pyme,Villavicencio,Llanos,Meta,F,26-35,2023-09-17,Activo
C00082,Cliente 00082,Corporativo,Pereira,Eje Cafetero,Risaralda,F,26-35,2021-01-09,Activo
C00083,Cliente 00083,Educacion,Pereira,Eje Cafetero,Risaralda,No informado,46-55,2021-02-10,Activo
C00084,Cliente 00084,Pyme,Santa Marta,Caribe,Magdalena,No informado,36-45,2025-12-07,Activo
C00085,Cliente 00085,Gobierno,Bucaramanga,Oriente,Santander,M,18-25,2023-12-29,Activo
C00086,Cliente 00086,Corporativo,Cartagena,Caribe,Bolivar,No informado,46-55,2024-12-09,Inactivo
C00087,Cliente 00087,Corporativo,Cali,Occidente,Valle del Cauca,No informado,46-55,2025-06-30,Activo
C00088,Cliente 00088,Educacion,Ibague,Centro,Tolima,No informado,36-45,2020-07-12,Activo
C00089,Cliente 00089,Gobierno,Medellin,Antioquia,Antioquia,F,26-35,2019-11-27,Activo
C00090,Cliente 00090,Pyme,Bogota,Centro,Cundinamarca,M,18-25,2025-12-21,Activo
C00091,Cliente 00091,Hogar,Ibague,Centro,Tolima,M,36-45,2022-06-10,Activo
C00092,Cliente 00092,Pyme,Manizales,Eje Cafetero,Caldas,F,46-55,2025-01-16,Inactivo
C00093,Cliente 00093,Educacion,Medellin,Antioquia,Antioquia,M,56+,2022-06-21,Activo
C00094,Cliente 00094,Educacion,Barranquilla,Caribe,Atlantico,No informado,26-35,2025-04-24,Activo
C00095,Cliente 00095,Corporativo,Bogota,Centro,Cundinamarca,F,56+,2024-01-05,Activo
C00096,Cliente 00096,Corporativo,Cali,Occidente,Valle del Cauca,F,56+,2020-11-20,Activo
C00097,Cliente 00097,Hogar,Cartagena,Caribe,Bolivar,M,36-45,2025-05-20,Activo
C00098,Cliente 00098,Gobierno,Barranquilla,Caribe,Atlantico,M,18-25,2025-10-23,Activo
C00099,Cliente 00099,Pyme,Medellin,Antioquia,Antioquia,F,56+,2023-01-05,Inactivo
C00100,Cliente 00100,Gobierno,Pasto,Sur,Narino,M,46-55,2023-04-13,Activo
C00101,Cliente 00101,Hogar,Cali,Occidente,Valle del Cauca,M,36-45,2025-05-12,Inactivo
C00102,Cliente 00102,Educacion,Bucaramanga,Oriente,Santander,No informado,26-35,2024-08-18,Activo
C00103,Cliente 00103,Educacion,Cali,Occidente,Valle del Cauca,No informado,46-55,2019-07-28,Activo
C00104,Cliente 00104,Gobierno,Cali,Occidente,Valle del Cauca,No informado,26-35,2023-04-21,Activo
C00105,Cliente 00105,Gobierno,Manizales,Eje Cafetero,Caldas,F,36-45,2023-08-15,Activo
C00106,Cliente 00106,Educacion,Pereira,Eje Cafetero,Risaralda,No informado,26-35,2019-06-30,Activo
C00107,Cliente 00107,Pyme,Ibague,Centro,Tolima,M,46-55,2023-06-07,Activo
C00108,Cliente 00108,Hogar,Santa Marta,Caribe,Magdalena,F,26-35,2025-02-26,Activo
C00109,Cliente 00109,Gobierno,Santa Marta,Caribe,Magdalena,No informado,26-35,2025-12-26,Activo
C00110,Cliente 00110,Corporativo,Cali,Occidente,Valle del Cauca,M,46-55,2020-09-26,Activo
C00111,Cliente 00111,Gobierno,Cali,Occidente,Valle del Cauca,M,56+,2025-01-28,Activo
C00112,Cliente 00112,Hogar,Medellin,Antioquia,Antioquia,F,46-55,2020-08-08,Activo
C00113,Cliente 00113,Corporativo,Villavicencio,Llanos,Meta,F,56+,2019-03-06,Activo
C00114,Cliente 00114,Educacion,Manizales,Eje Cafetero,Caldas,No informado,26-35,2019-01-12,Activo
C00115,Cliente 00115,Educacion,Cali,Occidente,Valle del Cauca,F,36-45,2021-12-05,Activo
C00116,Cliente 00116,Pyme,Cali,Occidente,Valle del Cauca,No informado,36-45,2022-02-06,Activo
C00117,Cliente 00117,Educacion,Santa Marta,Caribe,Magdalena,No informado,36-45,2020-04-04,Activo
C00118,Cliente 00118,Pyme,Bucaramanga,Oriente,Santander,No informado,36-45,2021-12-27,Activo
C00119,Cliente 00119,Educacion,Bogota,Centro,Cundinamarca,M,26-35,2021-07-12,Activo
C00120,Cliente 00120,Gobierno,Manizales,Eje Cafetero,Caldas,M,56+,2019-10-04,Activo
C00121,Cliente 00121,Pyme,Manizales,Eje Cafetero,Caldas,F,18-25,2021-10-27,Activo
C00122,Cliente 00122,Gobierno,Pereira,Eje Cafetero,Risaralda,M,26-35,2021-01-18,Activo
C00123,Cliente 00123,Corporativo,Cartagena,Caribe,Bolivar,No informado,26-35,2019-02-07,Activo
C00124,Cliente 00124,Hogar,Villavicencio,Llanos,Meta,M,36-45,2020-02-17,Activo
C00125,Cliente 00125,Hogar,Santa Marta,Caribe,Magdalena,No informado,56+,2023-06-26,Activo
C00126,Cliente 00126,Educacion,Bogota,Centro,Cundinamarca,F,36-45,2022-02-11,Activo
C00127,Cliente 00127,Gobierno,Bogota,Centro,Cundinamarca,No informado,26-35,2022-07-14,Activo
C00128,Cliente 00128,Educacion,Bucaramanga,Oriente,Santander,F,18-25,2025-01-28,Activo
C00129,Cliente 00129,Pyme,Villavicencio,Llanos,Meta,No informado,46-55,2019-03-12,Activo
C00130,Cliente 00130,Corporativo,Cartagena,Caribe,Bolivar,F,26-35,2021-03-31,Activo
C00131,Cliente 00131,Pyme,Villavicencio,Llanos,Meta,M,56+,2022-04-10,Activo
C00132,Cliente 00132,Hogar,Barranquilla,Caribe,Atlantico,M,46-55,2023-01-20,Activo
C00133,Cliente 00133,Gobierno,Cartagena,Caribe,Bolivar,M,36-45,2019-03-18,Activo
C00134,Cliente 00134,Pyme,Pereira,Eje Cafetero,Risaralda,No informado,18-25,2023-12-02,Activo
C00135,Cliente 00135,Gobierno,Cartagena,Caribe,Bolivar,No informado,18-25,2022-05-14,Activo
C00136,Cliente 00136,Pyme,Cartagena,Caribe,Bolivar,No informado,36-45,2022-07-13,Activo
C00137,Cliente 00137,Educacion,Ibague,Centro,Tolima,F,46-55,2024-12-03,Activo
C00138,Cliente 00138,Gobierno,Villavicencio,Llanos,Meta,F,56+,2023-01-23,Activo
C00139,Cliente 00139,Hogar,Barranquilla,Caribe,Atlantico,M,46-55,2020-01-23,Activo
C00140,Cliente 00140,Corporativo,Bogota,Centro,Cundinamarca,F,36-45,2023-05-01,Activo
C00141,Cliente 00141,Corporativo,Barranquilla,Caribe,Atlantico,No informado,36-45,2024-04-07,Activo
C00142,Cliente 00142,Pyme,Ibague,Centro,Tolima,F,36-45,2023-10-18,Activo
C00143,Cliente 00143,Gobierno,Manizales,Eje Cafetero,Caldas,M,26-35,2020-10-11,Activo
C00144,Cliente 00144,Educacion,Villavicencio,Llanos,Meta,M,46-55,2019-08-18,Activo
C00145,Cliente 00145,Educacion,Medellin,Antioquia,Antioquia,No informado,18-25,2019-10-08,Activo
C00146,Cliente 00146,Corporativo,Cali,Occidente,Valle del Cauca,No informado,56+,2024-01-21,Activo
C00147,Cliente 00147,Educacion,Cartagena,Caribe,Bolivar,F,56+,2021-09-22,Activo
C00148,Cliente 00148,Hogar,Barranquilla,Caribe,Atlantico,F,56+,2022-05-20,Inactivo
C00149,Cliente 00149,Pyme,Santa Marta,Caribe,Magdalena,F,26-35,2020-03-25,Activo
C00150,Cliente 00150,Corporativo,Barranquilla,Caribe,Atlantico,M,18-25,2021-11-04,Activo
C00151,Cliente 00151,Gobierno,Villavicencio,Llanos,Meta,No informado,26-35,2024-07-31,Activo
C00152,Cliente 00152,Educacion,Barranquilla,Caribe,Atlantico,M,18-25,2019-03-24,Activo
C00153,Cliente 00153,Hogar,Bogota,Centro,Cundinamarca,F,26-35,2021-05-28,Activo
C00154,Cliente 00154,Hogar,Ibague,Centro,Tolima,F,36-45,2020-07-12,Activo
C00155,Cliente 00155,Educacion,Ibague,Centro,Tolima,M,46-55,2021-09-24,Activo
C00156,Cliente 00156,Hogar,Santa Marta,Caribe,Magdalena,No informado,56+,2025-05-31,Activo
C00157,Cliente 00157,Educacion,Cartagena,Caribe,Bolivar,M,56+,2025-12-16,Activo
C00158,Cliente 00158,Gobierno,Santa Marta,Caribe,Magdalena,No informado,18-25,2024-07-13,Activo
C00159,Cliente 00159,Hogar,Cali,Occidente,Valle del Cauca,M,26-35,2020-02-17,Activo
C00160,Cliente 00160,Educacion,Pasto,Sur,Narino,M,56+,2019-09-18,Activo
C00161,Cliente 00161,Educacion,Bogota,Centro,Cundinamarca,F,18-25,2024-09-02,Activo
C00162,Cliente 00162,Pyme,Ibague,Centro,Tolima,M,26-35,2022-09-16,Activo
C00163,Cliente 00163,Gobierno,Pereira,Eje Cafetero,Risaralda,M,36-45,2019-11-17,Activo
C00164,Cliente 00164,Educacion,Bucaramanga,Oriente,Santander,M,36-45,2023-08-19,Activo
C00165,Cliente 00165,Educacion,Cartagena,Caribe,Bolivar,M,46-55,2021-09-11,Activo
C00166,Cliente 00166,Educacion,Medellin,Antioquia,Antioquia,F,56+,2025-08-26,Activo
C00167,Cliente 00167,Educacion,Bucaramanga,Oriente,Santander,F,46-55,2025-05-04,Activo
C00168,Cliente 00168,Pyme,Barranquilla,Caribe,Atlantico,M,26-35,2019-01-21,Activo
C00169,Cliente 00169,Educacion,Pereira,Eje Cafetero,Risaralda,No informado,36-45,2025-07-24,Activo
C00170,Cliente 00170,Gobierno,Ibague,Centro,Tolima,M,46-55,2019-07-26,Activo
C00171,Cliente 00171,Pyme,Bucaramanga,Oriente,Santander,No informado,18-25,2023-02-06,Activo
C00172,Cliente 00172,Corporativo,Cartagena,Caribe,Bolivar,F,56+,2020-09-04,Activo
C00173,Cliente 00173,Educacion,Pereira,Eje Cafetero,Risaralda,No informado,36-45,2021-04-21,Activo
C00174,Cliente 00174,Corporativo,Bucaramanga,Oriente,Santander,No informado,36-45,2023-07-09,Activo
C00175,Cliente 00175,Hogar,Barranquilla,Caribe,Atlantico,No informado,36-45,2021-09-06,Activo
C00176,Cliente 00176,Pyme,Manizales,Eje Cafetero,Caldas,F,26-35,2020-09-17,Inactivo
C00177,Cliente 00177,Hogar,Cartagena,Caribe,Bolivar,M,36-45,2025-05-06,Activo
C00178,Cliente 00178,Educacion,Pasto,Sur,Narino,F,18-25,2023-05-31,Activo
C00179,Cliente 00179,Corporativo,Pasto,Sur,Narino,No informado,36-45,2019-04-28,Activo
C00180,Cliente 00180,Gobierno,Santa Marta,Caribe,Magdalena,M,18-25,2021-08-19,Inactivo
C00181,Cliente 00181,Corporativo,Pereira,Eje Cafetero,Risaralda,F,46-55,2022-07-25,Activo
C00182,Cliente 00182,Corporativo,Cali,Occidente,Valle del Cauca,M,56+,2019-12-24,Activo
C00183,Cliente 00183,Corporativo,Bucaramanga,Oriente,Santander,F,18-25,2023-06-23,Activo
C00184,Cliente 00184,Corporativo,Pereira,Eje Cafetero,Risaralda,M,56+,2019-09-28,Activo
C00185,Cliente 00185,Hogar,Medellin,Antioquia,Antioquia,M,46-55,2020-09-04,Activo
C00186,Cliente 00186,Corporativo,Ibague,Centro,Tolima,M,18-25,2021-06-19,Activo
C00187,Cliente 00187,Corporativo,Ibague,Centro,Tolima,M,18-25,2023-10-18,Activo
C00188,Cliente 00188,Hogar,Cartagena,Caribe,Bolivar,M,26-35,2022-12-16,Activo
C00189,Cliente 00189,Educacion,Cartagena,Caribe,Bolivar,F,56+,2021-06-05,Activo
C00190,Cliente 00190,Pyme,Bucaramanga,Oriente,Santander,No informado,26-35,2024-02-29,Inactivo
C00191,Cliente 00191,Corporativo,Pasto,Sur,Narino,F,36-45,2025-01-16,Activo
C00192,Cliente 00192,Educacion,Bucaramanga,Oriente,Santander,F,36-45,2021-08-13,Activo
C00193,Cliente 00193,Pyme,Pasto,Sur,Narino,M,36-45,2020-02-28,Activo
C00194,Cliente 00194,Gobierno,Bogota,Centro,Cundinamarca,No informado,46-55,2019-01-22,Activo
C00195,Cliente 00195,Pyme,Cali,Occidente,Valle del Cauca,No informado,46-55,2022-12-12,Activo
C00196,Cliente 00196,Educacion,Villavicencio,Llanos,Meta,F,56+,2022-10-30,Activo
C00197,Cliente 00197,Corporativo,Villavicencio,Llanos,Meta,No informado,46-55,2025-03-10,Activo
C00198,Cliente 00198,Pyme,Cali,Occidente,Valle del Cauca,No informado,26-35,2023-01-17,Activo
C00199,Cliente 00199,Pyme,Bucaramanga,Oriente,Santander,M,26-35,2022-09-11,Activo
C00200,Cliente 00200,Gobierno,Bucaramanga,Oriente,Santander,F,36-45,2019-07-26,Activo
C00201,Cliente 00201,Hogar,Santa Marta,Caribe,Magdalena,M,26-35,2023-03-08,Activo
C00202,Cliente 00202,Educacion,Manizales,Eje Cafetero,Caldas,M,18-25,2019-01-17,Activo
C00203,Cliente 00203,Gobierno,Ibague,Centro,Tolima,No informado,56+,2023-01-29,Activo
C00204,Cliente 00204,Pyme,Ibague,Centro,Tolima,F,36-45,2019-05-16,Activo
C00205,Cliente 00205,Hogar,Barranquilla,Caribe,Atlantico,No informado,26-35,2023-12-26,Activo
C00206,Cliente 00206,Gobierno,Barranquilla,Caribe,Atlantico,F,36-45,2021-10-11,Activo
C00207,Cliente 00207,Gobierno,Bogota,Centro,Cundinamarca,M,26-35,2021-09-27,Activo
C00208,Cliente 00208,Hogar,Ibague,Centro,Tolima,No informado,18-25,2024-11-10,Inactivo
C00209,Cliente 00209,Educacion,Bucaramanga,Oriente,Santander,M,46-55,2019-01-21,Activo
C00210,Cliente 00210,Gobierno,Bogota,Centro,Cundinamarca,No informado,18-25,2025-05-26,Activo
C00211,Cliente 00211,Corporativo,Villavicencio,Llanos,Meta,No informado,18-25,2024-09-12,Activo
C00212,Cliente 00212,Pyme,Barranquilla,Caribe,Atlantico,F,26-35,2020-07-10,Activo
C00213,Cliente 00213,Gobierno,Cali,Occidente,Valle del Cauca,M,18-25,2020-03-21,Activo
C00214,Cliente 00214,Corporativo,Cartagena,Caribe,Bolivar,F,26-35,2020-10-25,Activo
C00215,Cliente 00215,Pyme,Villavicencio,Llanos,Meta,M,46-55,2026-01-03,Activo
C00216,Cliente 00216,Hogar,Pasto,Sur,Narino,M,36-45,2021-10-04,Activo
C00217,Cliente 00217,Educacion,Cali,Occidente,Valle del Cauca,No informado,18-25,2019-06-14,Activo
C00218,Cliente 00218,Educacion,Ibague,Centro,Tolima,M,46-55,2019-07-23,Activo
C00219,Cliente 00219,Pyme,Barranquilla,Caribe,Atlantico,F,46-55,2025-07-04,Activo
C00220,Cliente 00220,Corporativo,Bucaramanga,Oriente,Santander,F,56+,2021-12-25,Activo
C00221,Cliente 00221,Hogar,Santa Marta,Caribe,Magdalena,M,46-55,2022-12-17,Activo
C00222,Cliente 00222,Pyme,Bogota,Centro,Cundinamarca,No informado,18-25,2024-10-22,Activo
C00223,Cliente 00223,Educacion,Cartagena,Caribe,Bolivar,No informado,18-25,2020-12-24,Activo
C00224,Cliente 00224,Pyme,Cartagena,Caribe,Bolivar,F,36-45,2022-05-31,Activo
C00225,Cliente 00225,Pyme,Pereira,Eje Cafetero,Risaralda,F,46-55,2023-03-03,Activo
C00226,Cliente 00226,Pyme,Cartagena,Caribe,Bolivar,M,46-55,2023-08-13,Activo
C00227,Cliente 00227,Educacion,Bogota,Centro,Cundinamarca,F,46-55,2022-02-02,Activo
C00228,Cliente 00228,Pyme,Pasto,Sur,Narino,F,56+,2021-02-04,Activo
C00229,Cliente 00229,Educacion,Ibague,Centro,Tolima,M,46-55,2020-07-10,Activo
C00230,Cliente 00230,Hogar,Bogota,Centro,Cundinamarca,F,56+,2022-11-03,Activo
C00231,Cliente 00231,Gobierno,Manizales,Eje Cafetero,Caldas,M,56+,2023-07-24,Activo
C00232,Cliente 00232,Gobierno,Bogota,Centro,Cundinamarca,No informado,26-35,2021-03-02,Activo
C00233,Cliente 00233,Gobierno,Santa Marta,Caribe,Magdalena,No informado,36-45,2022-05-19,Activo
C00234,Cliente 00234,Hogar,Bucaramanga,Oriente,Santander,No informado,56+,2020-09-03,Activo
C00235,Cliente 00235,Gobierno,Pereira,Eje Cafetero,Risaralda,F,36-45,2025-02-07,Activo
C00236,Cliente 00236,Pyme,Pasto,Sur,Narino,No informado,26-35,2020-01-02,Activo
C00237,Cliente 00237,Corporativo,Cali,Occidente,Valle del Cauca,No informado,18-25,2025-09-03,Activo
C00238,Cliente 00238,Pyme,Villavicencio,Llanos,Meta,F,46-55,2019-01-06,Activo
C00239,Cliente 00239,Pyme,Medellin,Antioquia,Antioquia,F,18-25,2019-06-24,Activo
C00240,Cliente 00240,Hogar,Ibague,Centro,Tolima,F,56+,2020-02-21,Activo
C00241,Cliente 00241,Educacion,Ibague,Centro,Tolima,F,46-55,2023-11-14,Activo
C00242,Cliente 00242,Pyme,Manizales,Eje Cafetero,Caldas,M,46-55,2019-12-09,Activo
C00243,Cliente 00243,Pyme,Manizales,Eje Cafetero,Caldas,No informado,36-45,2021-03-19,Activo
C00244,Cliente 00244,Educacion,Bucaramanga,Oriente,Santander,F,46-55,2025-03-28,Activo
C00245,Cliente 00245,Educacion,Cali,Occidente,Valle del Cauca,F,36-45,2025-10-20,Activo
C00246,Cliente 00246,Educacion,Villavicencio,Llanos,Meta,No informado,36-45,2022-05-23,Activo
C00247,Cliente 00247,Pyme,Barranquilla,Caribe,Atlantico,M,26-35,2023-08-27,Activo
C00248,Cliente 00248,Hogar,Cartagena,Caribe,Bolivar,F,46-55,2023-12-16,Activo
C00249,Cliente 00249,Gobierno,Bogota,Centro,Cundinamarca,M,36-45,2021-01-09,Activo
C00250,Cliente 00250,Hogar,Manizales,Eje Cafetero,Caldas,No informado,46-55,2025-09-11,Activo
C00251,Cliente 00251,Pyme,Bogota,Centro,Cundinamarca,No informado,36-45,2020-08-11,Activo
C00252,Cliente 00252,Educacion,Cartagena,Caribe,Bolivar,No informado,46-55,2023-08-18,Activo
C00253,Cliente 00253,Educacion,Bogota,Centro,Cundinamarca,No informado,18-25,2019-12-11,Activo
C00254,Cliente 00254,Pyme,Villavicencio,Llanos,Meta,M,56+,2021-03-11,Activo
C00255,Cliente 00255,Hogar,Bogota,Centro,Cundinamarca,M,36-45,2021-06-14,Activo
C00256,Cliente 00256,Educacion,Barranquilla,Caribe,Atlantico,M,18-25,2025-07-10,Inactivo
C00257,Cliente 00257,Pyme,Cartagena,Caribe,Bolivar,M,36-45,2021-09-13,Activo
C00258,Cliente 00258,Educacion,Bogota,Centro,Cundinamarca,M,46-55,2020-08-31,Activo
C00259,Cliente 00259,Educacion,Santa Marta,Caribe,Magdalena,No informado,46-55,2024-09-26,Activo
C00260,Cliente 00260,Corporativo,Cali,Occidente,Valle del Cauca,No informado,46-55,2022-12-04,Activo
C00261,Cliente 00261,Gobierno,Barranquilla,Caribe,Atlantico,M,56+,2020-11-28,Activo
C00262,Cliente 00262,Pyme,Medellin,Antioquia,Antioquia,M,36-45,2021-09-07,Activo
C00263,Cliente 00263,Corporativo,Ibague,Centro,Tolima,No informado,18-25,2021-02-25,Inactivo
C00264,Cliente 00264,Gobierno,Villavicencio,Llanos,Meta,No informado,46-55,2023-06-29,Activo
C00265,Cliente 00265,Hogar,Bogota,Centro,Cundinamarca,F,36-45,2025-06-13,Inactivo
C00266,Cliente 00266,Gobierno,Ibague,Centro,Tolima,F,56+,2021-12-04,Activo
C00267,Cliente 00267,Corporativo,Cartagena,Caribe,Bolivar,No informado,26-35,2024-06-30,Activo
C00268,Cliente 00268,Educacion,Bucaramanga,Oriente,Santander,M,26-35,2022-04-16,Activo
C00269,Cliente 00269,Pyme,Barranquilla,Caribe,Atlantico,No informado,26-35,2022-05-25,Activo
C00270,Cliente 00270,Corporativo,Cali,Occidente,Valle del Cauca,M,46-55,2025-09-17,Activo
C00271,Cliente 00271,Gobierno,Manizales,Eje Cafetero,Caldas,No informado,18-25,2024-08-29,Activo
C00272,Cliente 00272,Hogar,Cartagena,Caribe,Bolivar,M,56+,2025-05-06,Inactivo
C00273,Cliente 00273,Gobierno,Manizales,Eje Cafetero,Caldas,No informado,36-45,2026-01-21,Activo
C00274,Cliente 00274,Educacion,Bogota,Centro,Cundinamarca,M,46-55,2023-08-24,Activo
C00275,Cliente 00275,Corporativo,Pereira,Eje Cafetero,Risaralda,F,56+,2024-10-28,Activo
C00276,Cliente 00276,Hogar,Cartagena,Caribe,Bolivar,F,56+,2020-07-16,Activo
C00277,Cliente 00277,Pyme,Manizales,Eje Cafetero,Caldas,F,46-55,2019-11-01,Activo
C00278,Cliente 00278,Educacion,Medellin,Antioquia,Antioquia,M,18-25,2023-04-07,Activo
C00279,Cliente 00279,Hogar,Medellin,Antioquia,Antioquia,F,36-45,2023-04-04,Activo
C00280,Cliente 00280,Hogar,Pereira,Eje Cafetero,Risaralda,F,36-45,2025-08-06,Activo
C00281,Cliente 00281,Educacion,Villavicencio,Llanos,Meta,M,26-35,2025-06-30,Activo
C00282,Cliente 00282,Pyme,Manizales,Eje Cafetero,Caldas,No informado,56+,2020-06-06,Activo
C00283,Cliente 00283,Corporativo,Pereira,Eje Cafetero,Risaralda,F,26-35,2021-01-02,Activo
C00284,Cliente 00284,Corporativo,Manizales,Eje Cafetero,Caldas,M,18-25,2025-06-03,Activo
C00285,Cliente 00285,Corporativo,Cali,Occidente,Valle del Cauca,No informado,26-35,2019-01-12,Activo
C00286,Cliente 00286,Hogar,Ibague,Centro,Tolima,No informado,36-45,2025-02-28,Activo
C00287,Cliente 00287,Educacion,Villavicencio,Llanos,Meta,No informado,56+,2022-09-02,Activo
C00288,Cliente 00288,Educacion,Ibague,Centro,Tolima,F,26-35,2022-07-13,Activo
C00289,Cliente 00289,Gobierno,Ibague,Centro,Tolima,No informado,18-25,2023-04-29,Activo
C00290,Cliente 00290,Hogar,Pasto,Sur,Narino,M,18-25,2024-11-26,Activo
C00291,Cliente 00291,Pyme,Bogota,Centro,Cundinamarca,No informado,46-55,2023-09-15,Activo
C00292,Cliente 00292,Hogar,Pereira,Eje Cafetero,Risaralda,No informado,46-55,2021-03-06,Activo
C00293,Cliente 00293,Hogar,Cali,Occidente,Valle del Cauca,M,18-25,2022-12-10,Activo
C00294,Cliente 00294,Corporativo,Cali,Occidente,Valle del Cauca,No informado,36-45,2022-06-17,Activo
C00295,Cliente 00295,Pyme,Manizales,Eje Cafetero,Caldas,F,26-35,2022-03-12,Inactivo
C00296,Cliente 00296,Pyme,Cartagena,Caribe,Bolivar,M,56+,2022-03-19,Activo
C00297,Cliente 00297,Gobierno,Bucaramanga,Oriente,Santander,M,18-25,2019-07-17,Activo
C00298,Cliente 00298,Gobierno,Bogota,Centro,Cundinamarca,No informado,18-25,2024-04-22,Activo
C00299,Cliente 00299,Educacion,Villavicencio,Llanos,Meta,F,26-35,2025-01-23,Activo
C00300,Cliente 00300,Gobierno,Manizales,Eje Cafetero,Caldas,F,56+,2022-12-29,Activo
C00301,Cliente 00301,Gobierno,Manizales,Eje Cafetero,Caldas,F,36-45,2019-07-28,Activo
C00302,Cliente 00302,Corporativo,Manizales,Eje Cafetero,Caldas,F,18-25,2022-02-21,Activo
C00303,Cliente 00303,Educacion,Santa Marta,Caribe,Magdalena,F,36-45,2023-12-16,Activo
C00304,Cliente 00304,Educacion,Villavicencio,Llanos,Meta,F,56+,2023-04-14,Activo
C00305,Cliente 00305,Hogar,Manizales,Eje Cafetero,Caldas,M,36-45,2025-04-25,Activo
C00306,Cliente 00306,Hogar,Ibague,Centro,Tolima,No informado,18-25,2025-11-26,Activo
C00307,Cliente 00307,Pyme,Pasto,Sur,Narino,No informado,36-45,2021-06-02,Activo
C00308,Cliente 00308,Corporativo,Cali,Occidente,Valle del Cauca,M,46-55,2022-08-14,Activo
C00309,Cliente 00309,Corporativo,Cartagena,Caribe,Bolivar,M,36-45,2023-09-04,Inactivo
C00310,Cliente 00310,Educacion,Bogota,Centro,Cundinamarca,M,46-55,2022-08-06,Activo
C00311,Cliente 00311,Pyme,Barranquilla,Caribe,Atlantico,M,18-25,2024-07-24,Activo
C00312,Cliente 00312,Corporativo,Bucaramanga,Oriente,Santander,No informado,56+,2023-08-24,Activo
C00313,Cliente 00313,Educacion,Santa Marta,Caribe,Magdalena,M,26-35,2025-01-23,Activo
C00314,Cliente 00314,Pyme,Pasto,Sur,Narino,No informado,18-25,2024-07-26,Activo
C00315,Cliente 00315,Corporativo,Villavicencio,Llanos,Meta,F,26-35,2023-09-06,Activo
C00316,Cliente 00316,Hogar,Manizales,Eje Cafetero,Caldas,M,56+,2024-02-14,Activo
C00317,Cliente 00317,Educacion,Manizales,Eje Cafetero,Caldas,No informado,26-35,2025-11-20,Activo
C00318,Cliente 00318,Educacion,Bucaramanga,Oriente,Santander,F,56+,2021-05-21,Inactivo
C00319,Cliente 00319,Hogar,Manizales,Eje Cafetero,Caldas,No informado,36-45,2020-06-23,Activo
C00320,Cliente 00320,Hogar,Ibague,Centro,Tolima,No informado,26-35,2021-11-24,Activo
C00321,Cliente 00321,Hogar,Cartagena,Caribe,Bolivar,F,46-55,2019-01-05,Activo
C00322,Cliente 00322,Educacion,Medellin,Antioquia,Antioquia,No informado,46-55,2021-05-26,Activo
C00323,Cliente 00323,Corporativo,Ibague,Centro,Tolima,F,36-45,2022-11-26,Activo
C00324,Cliente 00324,Gobierno,Cali,Occidente,Valle del Cauca,F,56+,2022-07-24,Activo
C00325,Cliente 00325,Gobierno,Cali,Occidente,Valle del Cauca,M,46-55,2020-09-06,Activo
C00326,Cliente 00326,Educacion,Medellin,Antioquia,Antioquia,F,26-35,2020-10-24,Activo
C00327,Cliente 00327,Gobierno,Barranquilla,Caribe,Atlantico,F,36-45,2022-05-03,Inactivo
C00328,Cliente 00328,Pyme,Cartagena,Caribe,Bolivar,M,56+,2020-05-03,Activo
C00329,Cliente 00329,Corporativo,Pereira,Eje Cafetero,Risaralda,M,56+,2022-01-11,Activo
C00330,Cliente 00330,Corporativo,Cali,Occidente,Valle del Cauca,M,36-45,2025-07-20,Inactivo
C00331,Cliente 00331,Educacion,Ibague,Centro,Tolima,F,56+,2022-08-18,Activo
C00332,Cliente 00332,Hogar,Medellin,Antioquia,Antioquia,F,26-35,2023-05-12,Activo
C00333,Cliente 00333,Gobierno,Bucaramanga,Oriente,Santander,No informado,56+,2023-05-29,Activo
C00334,Cliente 00334,Gobierno,Cartagena,Caribe,Bolivar,F,56+,2022-07-12,Activo
C00335,Cliente 00335,Educacion,Santa Marta,Caribe,Magdalena,M,18-25,2021-05-28,Activo
C00336,Cliente 00336,Pyme,Villavicencio,Llanos,Meta,No informado,56+,2024-08-30,Activo
C00337,Cliente 00337,Educacion,Villavicencio,Llanos,Meta,M,36-45,2024-10-09,Activo
C00338,Cliente 00338,Corporativo,Ibague,Centro,Tolima,F,18-25,2023-09-18,Inactivo
C00339,Cliente 00339,Educacion,Barranquilla,Caribe,Atlantico,M,18-25,2019-09-08,Activo
C00340,Cliente 00340,Gobierno,Cali,Occidente,Valle del Cauca,M,46-55,2019-06-27,Activo
C00341,Cliente 00341,Pyme,Bucaramanga,Oriente,Santander,F,36-45,2025-03-26,Activo
C00342,Cliente 00342,Hogar,Pasto,Sur,Narino,F,56+,2023-02-25,Activo
C00343,Cliente 00343,Gobierno,Manizales,Eje Cafetero,Caldas,F,46-55,2024-07-01,Activo
C00344,Cliente 00344,Gobierno,Barranquilla,Caribe,Atlantico,No informado,36-45,2019-09-01,Activo
C00345,Cliente 00345,Corporativo,Bucaramanga,Oriente,Santander,F,36-45,2020-06-26,Activo
C00346,Cliente 00346,Pyme,Manizales,Eje Cafetero,Caldas,No informado,36-45,2025-05-09,Activo
C00347,Cliente 00347,Hogar,Cali,Occidente,Valle del Cauca,No informado,26-35,2019-07-09,Activo
C00348,Cliente 00348,Pyme,Manizales,Eje Cafetero,Caldas,No informado,18-25,2019-10-25,Activo
C00349,Cliente 00349,Hogar,Santa Marta,Caribe,Magdalena,M,36-45,2024-05-14,Activo
C00350,Cliente 00350,Pyme,Bogota,Centro,Cundinamarca,No informado,36-45,2025-10-24,Activo
C00351,Cliente 00351,Gobierno,Villavicencio,Llanos,Meta,No informado,46-55,2023-04-22,Activo
C00352,Cliente 00352,Educacion,Cartagena,Caribe,Bolivar,M,36-45,2020-09-25,Activo
C00353,Cliente 00353,Corporativo,Santa Marta,Caribe,Magdalena,No informado,18-25,2023-05-12,Activo
C00354,Cliente 00354,Educacion,Pereira,Eje Cafetero,Risaralda,No informado,36-45,2023-02-14,Activo
C00355,Cliente 00355,Educacion,Manizales,Eje Cafetero,Caldas,F,46-55,2023-11-01,Activo
C00356,Cliente 00356,Pyme,Medellin,Antioquia,Antioquia,F,56+,2024-12-03,Activo
C00357,Cliente 00357,Pyme,Ibague,Centro,Tolima,M,36-45,2019-01-01,Activo
C00358,Cliente 00358,Hogar,Bucaramanga,Oriente,Santander,No informado,56+,2022-01-25,Activo
C00359,Cliente 00359,Corporativo,Manizales,Eje Cafetero,Caldas,No informado,18-25,2025-01-13,Activo
C00360,Cliente 00360,Gobierno,Pereira,Eje Cafetero,Risaralda,M,18-25,2023-01-08,Activo
C00361,Cliente 00361,Pyme,Manizales,Eje Cafetero,Caldas,F,56+,2022-11-07,Activo
C00362,Cliente 00362,Pyme,Medellin,Antioquia,Antioquia,No informado,18-25,2021-08-02,Activo
C00363,Cliente 00363,Hogar,Medellin,Antioquia,Antioquia,No informado,26-35,2022-02-15,Activo
C00364,Cliente 00364,Educacion,Santa Marta,Caribe,Magdalena,No informado,56+,2023-12-01,Activo
C00365,Cliente 00365,Pyme,Cartagena,Caribe,Bolivar,M,36-45,2022-10-08,Activo
C00366,Cliente 00366,Educacion,Manizales,Eje Cafetero,Caldas,M,46-55,2024-03-12,Activo
C00367,Cliente 00367,Gobierno,Pasto,Sur,Narino,No informado,26-35,2024-08-09,Activo
C00368,Cliente 00368,Gobierno,Bogota,Centro,Cundinamarca,F,56+,2020-09-10,Activo
C00369,Cliente 00369,Hogar,Santa Marta,Caribe,Magdalena,F,46-55,2023-07-17,Activo
C00370,Cliente 00370,Hogar,Cali,Occidente,Valle del Cauca,No informado,18-25,2021-11-20,Activo
C00371,Cliente 00371,Pyme,Pasto,Sur,Narino,M,18-25,2019-11-15,Activo
C00372,Cliente 00372,Corporativo,Bucaramanga,Oriente,Santander,F,36-45,2024-11-12,Activo
C00373,Cliente 00373,Hogar,Bogota,Centro,Cundinamarca,M,18-25,2025-07-06,Activo
C00374,Cliente 00374,Corporativo,Ibague,Centro,Tolima,F,26-35,2022-06-28,Activo
C00375,Cliente 00375,Corporativo,Manizales,Eje Cafetero,Caldas,M,46-55,2021-01-31,Activo
C00376,Cliente 00376,Corporativo,Cartagena,Caribe,Bolivar,No informado,46-55,2024-08-27,Activo
C00377,Cliente 00377,Educacion,Manizales,Eje Cafetero,Caldas,M,56+,2021-10-07,Activo
C00378,Cliente 00378,Gobierno,Bucaramanga,Oriente,Santander,F,46-55,2020-07-30,Activo
C00379,Cliente 00379,Gobierno,Bogota,Centro,Cundinamarca,M,18-25,2020-06-05,Activo
C00380,Cliente 00380,Educacion,Cali,Occidente,Valle del Cauca,M,36-45,2020-12-19,Activo
C00381,Cliente 00381,Educacion,Bogota,Centro,Cundinamarca,No informado,18-25,2025-02-23,Activo
C00382,Cliente 00382,Corporativo,Bogota,Centro,Cundinamarca,No informado,36-45,2020-09-12,Activo
C00383,Cliente 00383,Gobierno,Santa Marta,Caribe,Magdalena,M,36-45,2022-07-18,Activo
C00384,Cliente 00384,Hogar,Cartagena,Caribe,Bolivar,F,46-55,2021-10-12,Activo
C00385,Cliente 00385,Pyme,Medellin,Antioquia,Antioquia,F,56+,2026-01-12,Activo
C00386,Cliente 00386,Educacion,Santa Marta,Caribe,Magdalena,No informado,46-55,2022-07-15,Activo
C00387,Cliente 00387,Pyme,Cali,Occidente,Valle del Cauca,F,36-45,2025-11-17,Activo
C00388,Cliente 00388,Gobierno,Barranquilla,Caribe,Atlantico,M,18-25,2020-08-20,Activo
C00389,Cliente 00389,Corporativo,Villavicencio,Llanos,Meta,F,18-25,2020-09-05,Activo
C00390,Cliente 00390,Corporativo,Cartagena,Caribe,Bolivar,F,26-35,2024-01-15,Activo
C00391,Cliente 00391,Pyme,Bucaramanga,Oriente,Santander,F,56+,2023-05-07,Activo
C00392,Cliente 00392,Gobierno,Cartagena,Caribe,Bolivar,No informado,56+,2022-01-11,Activo
C00393,Cliente 00393,Corporativo,Barranquilla,Caribe,Atlantico,F,56+,2019-02-05,Inactivo
C00394,Cliente 00394,Hogar,Bucaramanga,Oriente,Santander,M,46-55,2025-04-30,Inactivo
C00395,Cliente 00395,Corporativo,Manizales,Eje Cafetero,Caldas,F,56+,2024-03-01,Activo
C00396,Cliente 00396,Educacion,Pereira,Eje Cafetero,Risaralda,M,56+,2026-01-01,Activo
C00397,Cliente 00397,Pyme,Villavicencio,Llanos,Meta,No informado,36-45,2023-03-27,Activo
C00398,Cliente 00398,Pyme,Pasto,Sur,Narino,F,46-55,2022-09-10,Activo
C00399,Cliente 00399,Gobierno,Santa Marta,Caribe,Magdalena,F,56+,2025-12-14,Activo
C00400,Cliente 00400,Educacion,Medellin,Antioquia,Antioquia,F,46-55,2024-07-26,Activo
C00401,Cliente 00401,Educacion,Ibague,Centro,Tolima,No informado,46-55,2023-05-29,Activo
C00402,Cliente 00402,Corporativo,Manizales,Eje Cafetero,Caldas,No informado,46-55,2024-06-30,Activo
C00403,Cliente 00403,Pyme,Cali,Occidente,Valle del Cauca,No informado,46-55,2024-02-13,Activo
C00404,Cliente 00404,Pyme,Manizales,Eje Cafetero,Caldas,No informado,46-55,2025-11-17,Activo
C00405,Cliente 00405,Educacion,Bucaramanga,Oriente,Santander,F,46-55,2025-05-19,Activo
C00406,Cliente 00406,Corporativo,Cartagena,Caribe,Bolivar,No informado,26-35,2020-08-17,Activo
C00407,Cliente 00407,Hogar,Barranquilla,Caribe,Atlantico,F,36-45,2024-12-28,Activo
C00408,Cliente 00408,Pyme,Medellin,Antioquia,Antioquia,No informado,18-25,2024-09-24,Activo
C00409,Cliente 00409,Gobierno,Ibague,Centro,Tolima,No informado,18-25,2025-01-14,Activo
C00410,Cliente 00410,Corporativo,Santa Marta,Caribe,Magdalena,M,46-55,2024-08-17,Activo
C00411,Cliente 00411,Gobierno,Cali,Occidente,Valle del Cauca,No informado,18-25,2019-05-25,Activo
C00412,Cliente 00412,Pyme,Cartagena,Caribe,Bolivar,No informado,18-25,2021-01-12,Activo
C00413,Cliente 00413,Educacion,Medellin,Antioquia,Antioquia,M,56+,2020-08-01,Activo
C00414,Cliente 00414,Hogar,Santa Marta,Caribe,Magdalena,F,46-55,2019-02-22,Activo
C00415,Cliente 00415,Corporativo,Medellin,Antioquia,Antioquia,No informado,56+,2020-03-14,Activo
C00416,Cliente 00416,Educacion,Villavicencio,Llanos,Meta,No informado,18-25,2024-11-01,Activo
C00417,Cliente 00417,Corporativo,Santa Marta,Caribe,Magdalena,M,26-35,2024-07-07,Activo
C00418,Cliente 00418,Pyme,Medellin,Antioquia,Antioquia,No informado,18-25,2020-05-15,Activo
C00419,Cliente 00419,Pyme,Medellin,Antioquia,Antioquia,No informado,18-25,2024-01-05,Activo
C00420,Cliente 00420,Pyme,Barranquilla,Caribe,Atlantico,F,46-55,2019-02-03,Inactivo
C00421,Cliente 00421,Corporativo,Barranquilla,Caribe,Atlantico,M,36-45,2025-03-18,Activo
C00422,Cliente 00422,Corporativo,Medellin,Antioquia,Antioquia,No informado,18-25,2019-12-01,Activo
C00423,Cliente 00423,Educacion,Villavicencio,Llanos,Meta,M,26-35,2024-11-13,Activo
C00424,Cliente 00424,Hogar,Bucaramanga,Oriente,Santander,No informado,26-35,2019-10-11,Activo
C00425,Cliente 00425,Gobierno,Cali,Occidente,Valle del Cauca,F,56+,2024-08-30,Activo
C00426,Cliente 00426,Pyme,Cali,Occidente,Valle del Cauca,M,26-35,2025-11-28,Activo
C00427,Cliente 00427,Corporativo,Cali,Occidente,Valle del Cauca,F,18-25,2024-10-16,Activo
C00428,Cliente 00428,Gobierno,Bogota,Centro,Cundinamarca,M,46-55,2025-07-31,Activo
C00429,Cliente 00429,Hogar,Villavicencio,Llanos,Meta,No informado,26-35,2019-04-24,Activo
C00430,Cliente 00430,Pyme,Manizales,Eje Cafetero,Caldas,No informado,36-45,2025-02-05,Inactivo
C00431,Cliente 00431,Pyme,Pasto,Sur,Narino,M,36-45,2020-07-15,Activo
C00432,Cliente 00432,Gobierno,Manizales,Eje Cafetero,Caldas,F,26-35,2025-06-08,Activo
C00433,Cliente 00433,Hogar,Cartagena,Caribe,Bolivar,M,18-25,2019-04-02,Activo
C00434,Cliente 00434,Corporativo,Pasto,Sur,Narino,No informado,46-55,2024-11-20,Activo
C00435,Cliente 00435,Hogar,Pereira,Eje Cafetero,Risaralda,No informado,46-55,2023-03-26,Activo
C00436,Cliente 00436,Corporativo,Cartagena,Caribe,Bolivar,F,46-55,2019-01-15,Activo
C00437,Cliente 00437,Hogar,Medellin,Antioquia,Antioquia,F,18-25,2020-03-25,Activo
C00438,Cliente 00438,Gobierno,Bogota,Centro,Cundinamarca,No informado,56+,2021-09-22,Activo
C00439,Cliente 00439,Corporativo,Bucaramanga,Oriente,Santander,F,26-35,2024-04-29,Activo
C00440,Cliente 00440,Gobierno,Bogota,Centro,Cundinamarca,M,18-25,2023-04-28,Activo
C00441,Cliente 00441,Pyme,Medellin,Antioquia,Antioquia,F,18-25,2024-02-15,Activo
C00442,Cliente 00442,Corporativo,Pereira,Eje Cafetero,Risaralda,M,18-25,2021-08-28,Activo
C00443,Cliente 00443,Corporativo,Santa Marta,Caribe,Magdalena,M,56+,2025-03-25,Inactivo
C00444,Cliente 00444,Corporativo,Ibague,Centro,Tolima,No informado,46-55,2022-06-05,Activo
C00445,Cliente 00445,Hogar,Pereira,Eje Cafetero,Risaralda,M,36-45,2024-02-17,Activo
C00446,Cliente 00446,Gobierno,Ibague,Centro,Tolima,F,56+,2025-01-03,Activo
C00447,Cliente 00447,Corporativo,Pasto,Sur,Narino,No informado,46-55,2023-04-11,Inactivo
C00448,Cliente 00448,Hogar,Bogota,Centro,Cundinamarca,M,36-45,2026-01-30,Activo
C00449,Cliente 00449,Hogar,Villavicencio,Llanos,Meta,M,46-55,2020-06-19,Activo
C00450,Cliente 00450,Educacion,Cali,Occidente,Valle del Cauca,No informado,18-25,2024-05-12,Activo
C00451,Cliente 00451,Pyme,Bucaramanga,Oriente,Santander,M,36-45,2025-08-14,Activo
C00452,Cliente 00452,Gobierno,Santa Marta,Caribe,Magdalena,No informado,36-45,2022-03-18,Activo
C00453,Cliente 00453,Pyme,Cali,Occidente,Valle del Cauca,F,18-25,2023-02-21,Activo
C00454,Cliente 00454,Gobierno,Villavicencio,Llanos,Meta,M,36-45,2024-12-01,Activo
C00455,Cliente 00455,Hogar,Villavicencio,Llanos,Meta,M,26-35,2023-03-08,Activo
C00456,Cliente 00456,Corporativo,Villavicencio,Llanos,Meta,No informado,26-35,2021-07-03,Activo
C00457,Cliente 00457,Corporativo,Cartagena,Caribe,Bolivar,M,18-25,2020-02-09,Activo
C00458,Cliente 00458,Corporativo,Pasto,Sur,Narino,M,36-45,2020-02-26,Activo
C00459,Cliente 00459,Gobierno,Medellin,Antioquia,Antioquia,M,56+,2025-10-13,Activo
C00460,Cliente 00460,Pyme,Manizales,Eje Cafetero,Caldas,No informado,56+,2021-07-06,Activo
C00461,Cliente 00461,Corporativo,Bucaramanga,Oriente,Santander,F,26-35,2025-07-03,Activo
C00462,Cliente 00462,Corporativo,Villavicencio,Llanos,Meta,No informado,56+,2025-04-24,Activo
C00463,Cliente 00463,Educacion,Bucaramanga,Oriente,Santander,M,18-25,2021-07-20,Activo
C00464,Cliente 00464,Hogar,Villavicencio,Llanos,Meta,M,26-35,2021-01-01,Activo
C00465,Cliente 00465,Educacion,Medellin,Antioquia,Antioquia,No informado,46-55,2019-10-19,Activo
C00466,Cliente 00466,Gobierno,Ibague,Centro,Tolima,No informado,56+,2019-08-11,Activo
C00467,Cliente 00467,Corporativo,Pereira,Eje Cafetero,Risaralda,No informado,26-35,2025-03-18,Activo
C00468,Cliente 00468,Corporativo,Cartagena,Caribe,Bolivar,No informado,46-55,2025-01-15,Activo
C00469,Cliente 00469,Hogar,Bucaramanga,Oriente,Santander,M,46-55,2024-08-27,Activo
C00470,Cliente 00470,Gobierno,Bogota,Centro,Cundinamarca,F,56+,2020-01-27,Activo
C00471,Cliente 00471,Hogar,Cartagena,Caribe,Bolivar,F,46-55,2024-11-20,Activo
C00472,Cliente 00472,Pyme,Santa Marta,Caribe,Magdalena,No informado,36-45,2019-12-06,Activo
C00473,Cliente 00473,Corporativo,Pasto,Sur,Narino,No informado,46-55,2021-12-23,Activo
C00474,Cliente 00474,Hogar,Cartagena,Caribe,Bolivar,No informado,36-45,2025-10-20,Inactivo
C00475,Cliente 00475,Pyme,Ibague,Centro,Tolima,M,36-45,2022-01-22,Activo
C00476,Cliente 00476,Pyme,Barranquilla,Caribe,Atlantico,M,46-55,2021-02-27,Activo
C00477,Cliente 00477,Corporativo,Cali,Occidente,Valle del Cauca,F,36-45,2023-05-23,Activo
C00478,Cliente 00478,Hogar,Barranquilla,Caribe,Atlantico,F,46-55,2025-11-28,Activo
C00479,Cliente 00479,Corporativo,Bucaramanga,Oriente,Santander,F,26-35,2022-08-24,Activo
C00480,Cliente 00480,Gobierno,Pereira,Eje Cafetero,Risaralda,M,26-35,2021-05-28,Activo
C00481,Cliente 00481,Educacion,Pasto,Sur,Narino,M,18-25,2020-10-24,Activo
C00482,Cliente 00482,Gobierno,Bogota,Centro,Cundinamarca,F,26-35,2019-10-11,Activo
C00483,Cliente 00483,Hogar,Cartagena,Caribe,Bolivar,F,18-25,2021-01-04,Activo
C00484,Cliente 00484,Corporativo,Cali,Occidente,Valle del Cauca,M,36-45,2022-12-19,Activo
C00485,Cliente 00485,Corporativo,Manizales,Eje Cafetero,Caldas,No informado,26-35,2022-01-09,Activo
C00486,Cliente 00486,Hogar,Ibague,Centro,Tolima,F,56+,2023-01-23,Activo
C00487,Cliente 00487,Hogar,Villavicencio,Llanos,Meta,F,18-25,2020-08-20,Activo
C00488,Cliente 00488,Hogar,Cali,Occidente,Valle del Cauca,No informado,46-55,2020-11-13,Activo
C00489,Cliente 00489,Educacion,Bucaramanga,Oriente,Santander,M,36-45,2019-09-16,Activo
C00490,Cliente 00490,Corporativo,Medellin,Antioquia,Antioquia,F,56+,2019-10-13,Activo
C00491,Cliente 00491,Corporativo,Villavicencio,Llanos,Meta,No informado,18-25,2023-12-05,Activo
C00492,Cliente 00492,Educacion,Bogota,Centro,Cundinamarca,F,46-55,2019-01-23,Activo
C00493,Cliente 00493,Educacion,Barranquilla,Caribe,Atlantico,F,18-25,2019-07-27,Activo
C00494,Cliente 00494,Corporativo,Ibague,Centro,Tolima,No informado,56+,2019-05-26,Inactivo
C00495,Cliente 00495,Hogar,Bogota,Centro,Cundinamarca,M,46-55,2020-07-11,Activo
C00496,Cliente 00496,Educacion,Cartagena,Caribe,Bolivar,F,36-45,2024-12-02,Activo
C00497,Cliente 00497,Gobierno,Santa Marta,Caribe,Magdalena,F,36-45,2021-07-07,Inactivo
C00498,Cliente 00498,Educacion,Manizales,Eje Cafetero,Caldas,M,26-35,2026-02-10,Activo
C00499,Cliente 00499,Pyme,Cartagena,Caribe,Bolivar,M,56+,2024-09-01,Activo
C00500,Cliente 00500,Hogar,Medellin,Antioquia,Antioquia,F,46-55,2025-03-16,Activo
C00501,Cliente 00501,Corporativo,Bucaramanga,Oriente,Santander,No informado,18-25,2025-09-10,Activo
C00502,Cliente 00502,Corporativo,Ibague,Centro,Tolima,F,26-35,2020-06-10,Activo
C00503,Cliente 00503,Educacion,Barranquilla,Caribe,Atlantico,F,36-45,2019-09-02,Activo
C00504,Cliente 00504,Hogar,Pereira,Eje Cafetero,Risaralda,M,36-45,2024-03-20,Activo
C00505,Cliente 00505,Pyme,Bogota,Centro,Cundinamarca,F,36-45,2025-12-01,Activo
C00506,Cliente 00506,Hogar,Cartagena,Caribe,Bolivar,No informado,56+,2020-02-28,Activo
C00507,Cliente 00507,Hogar,Ibague,Centro,Tolima,M,56+,2019-10-23,Activo
C00508,Cliente 00508,Educacion,Cartagena,Caribe,Bolivar,F,18-25,2020-02-11,Activo
C00509,Cliente 00509,Gobierno,Bogota,Centro,Cundinamarca,M,36-45,2024-08-22,Activo
C00510,Cliente 00510,Hogar,Cali,Occidente,Valle del Cauca,No informado,18-25,2019-09-19,Activo
C00511,Cliente 00511,Pyme,Ibague,Centro,Tolima,M,26-35,2019-01-28,Inactivo
C00512,Cliente 00512,Hogar,Manizales,Eje Cafetero,Caldas,F,36-45,2022-04-07,Activo
C00513,Cliente 00513,Pyme,Barranquilla,Caribe,Atlantico,F,46-55,2021-05-02,Activo
C00514,Cliente 00514,Educacion,Villavicencio,Llanos,Meta,No informado,46-55,2021-04-15,Activo
C00515,Cliente 00515,Corporativo,Villavicencio,Llanos,Meta,M,56+,2025-08-04,Inactivo
C00516,Cliente 00516,Gobierno,Ibague,Centro,Tolima,M,36-45,2021-08-16,Activo
C00517,Cliente 00517,Hogar,Manizales,Eje Cafetero,Caldas,F,18-25,2021-02-21,Activo
C00518,Cliente 00518,Hogar,Medellin,Antioquia,Antioquia,F,26-35,2025-11-10,Activo
C00519,Cliente 00519,Hogar,Manizales,Eje Cafetero,Caldas,M,36-45,2020-04-12,Activo
C00520,Cliente 00520,Gobierno,Bogota,Centro,Cundinamarca,No informado,56+,2023-11-22,Activo
C00521,Cliente 00521,Hogar,Bucaramanga,Oriente,Santander,F,56+,2024-06-02,Activo
C00522,Cliente 00522,Corporativo,Bogota,Centro,Cundinamarca,M,26-35,2020-08-19,Activo
C00523,Cliente 00523,Corporativo,Santa Marta,Caribe,Magdalena,M,36-45,2023-12-29,Activo
C00524,Cliente 00524,Educacion,Bogota,Centro,Cundinamarca,M,56+,2022-07-05,Activo
C00525,Cliente 00525,Hogar,Pereira,Eje Cafetero,Risaralda,No informado,36-45,2022-06-05,Activo
C00526,Cliente 00526,Educacion,Bucaramanga,Oriente,Santander,F,18-25,2022-09-18,Activo
C00527,Cliente 00527,Educacion,Bucaramanga,Oriente,Santander,No informado,36-45,2019-11-16,Activo
C00528,Cliente 00528,Educacion,Pasto,Sur,Narino,F,26-35,2025-07-29,Activo
C00529,Cliente 00529,Educacion,Bogota,Centro,Cundinamarca,M,18-25,2024-01-29,Activo
C00530,Cliente 00530,Corporativo,Bucaramanga,Oriente,Santander,F,56+,2021-08-30,Activo
C00531,Cliente 00531,Hogar,Ibague,Centro,Tolima,F,26-35,2024-05-30,Activo
C00532,Cliente 00532,Gobierno,Villavicencio,Llanos,Meta,F,36-45,2025-07-23,Inactivo
C00533,Cliente 00533,Gobierno,Ibague,Centro,Tolima,No informado,18-25,2023-03-07,Activo
C00534,Cliente 00534,Gobierno,Barranquilla,Caribe,Atlantico,F,46-55,2022-05-10,Activo
C00535,Cliente 00535,Educacion,Bogota,Centro,Cundinamarca,F,26-35,2024-01-01,Activo
C00536,Cliente 00536,Hogar,Santa Marta,Caribe,Magdalena,F,56+,2020-11-17,Activo
C00537,Cliente 00537,Corporativo,Medellin,Antioquia,Antioquia,M,26-35,2021-08-20,Activo
C00538,Cliente 00538,Pyme,Ibague,Centro,Tolima,M,26-35,2025-11-09,Activo
C00539,Cliente 00539,Pyme,Medellin,Antioquia,Antioquia,No informado,18-25,2024-04-05,Activo
C00540,Cliente 00540,Corporativo,Barranquilla,Caribe,Atlantico,No informado,18-25,2022-02-19,Activo
C00541,Cliente 00541,Pyme,Medellin,Antioquia,Antioquia,F,46-55,2025-02-20,Activo
C00542,Cliente 00542,Hogar,Santa Marta,Caribe,Magdalena,No informado,26-35,2021-02-13,Activo
C00543,Cliente 00543,Corporativo,Pereira,Eje Cafetero,Risaralda,No informado,36-45,2025-01-28,Activo
C00544,Cliente 00544,Corporativo,Cali,Occidente,Valle del Cauca,No informado,26-35,2020-12-07,Activo
C00545,Cliente 00545,Gobierno,Pasto,Sur,Narino,F,26-35,2024-02-23,Activo
C00546,Cliente 00546,Pyme,Cali,Occidente,Valle del Cauca,M,56+,2024-05-05,Activo
C00547,Cliente 00547,Corporativo,Ibague,Centro,Tolima,F,18-25,2020-07-30,Activo
C00548,Cliente 00548,Gobierno,Bogota,Centro,Cundinamarca,No informado,26-35,2019-01-29,Activo
C00549,Cliente 00549,Pyme,Pasto,Sur,Narino,No informado,46-55,2020-01-06,Activo
C00550,Cliente 00550,Pyme,Pasto,Sur,Narino,No informado,36-45,2019-12-09,Activo
C00551,Cliente 00551,Hogar,Pereira,Eje Cafetero,Risaralda,F,26-35,2022-10-09,Activo
C00552,Cliente 00552,Hogar,Cali,Occidente,Valle del Cauca,F,56+,2024-04-21,Activo
C00553,Cliente 00553,Educacion,Manizales,Eje Cafetero,Caldas,M,26-35,2024-02-22,Activo
C00554,Cliente 00554,Pyme,Cartagena,Caribe,Bolivar,M,26-35,2024-07-22,Activo
C00555,Cliente 00555,Educacion,Ibague,Centro,Tolima,M,56+,2024-09-09,Inactivo
C00556,Cliente 00556,Corporativo,Ibague,Centro,Tolima,No informado,46-55,2022-06-03,Activo
C00557,Cliente 00557,Pyme,Bucaramanga,Oriente,Santander,No informado,36-45,2022-03-02,Activo
C00558,Cliente 00558,Pyme,Bogota,Centro,Cundinamarca,F,18-25,2023-02-10,Activo
C00559,Cliente 00559,Pyme,Bogota,Centro,Cundinamarca,No informado,18-25,2022-03-26,Activo
C00560,Cliente 00560,Gobierno,Ibague,Centro,Tolima,No informado,18-25,2020-12-30,Activo
C00561,Cliente 00561,Pyme,Villavicencio,Llanos,Meta,M,18-25,2020-03-17,Activo
C00562,Cliente 00562,Educacion,Bucaramanga,Oriente,Santander,F,36-45,2024-06-28,Activo
C00563,Cliente 00563,Educacion,Barranquilla,Caribe,Atlantico,M,36-45,2019-03-15,Activo
C00564,Cliente 00564,Educacion,Pasto,Sur,Narino,No informado,26-35,2023-09-16,Activo
C00565,Cliente 00565,Pyme,Pereira,Eje Cafetero,Risaralda,M,18-25,2020-09-21,Activo
C00566,Cliente 00566,Hogar,Bogota,Centro,Cundinamarca,M,56+,2021-08-03,Activo
C00567,Cliente 00567,Educacion,Santa Marta,Caribe,Magdalena,No informado,46-55,2022-06-05,Activo
C00568,Cliente 00568,Gobierno,Cartagena,Caribe,Bolivar,F,56+,2024-03-06,Activo
C00569,Cliente 00569,Educacion,Santa Marta,Caribe,Magdalena,M,18-25,2021-03-01,Activo
C00570,Cliente 00570,Gobierno,Pereira,Eje Cafetero,Risaralda,M,26-35,2023-12-28,Activo
C00571,Cliente 00571,Corporativo,Santa Marta,Caribe,Magdalena,F,36-45,2021-05-24,Activo
C00572,Cliente 00572,Educacion,Cartagena,Caribe,Bolivar,M,36-45,2025-07-17,Activo
C00573,Cliente 00573,Pyme,Bogota,Centro,Cundinamarca,F,56+,2022-11-18,Activo
C00574,Cliente 00574,Corporativo,Ibague,Centro,Tolima,F,18-25,2025-01-28,Activo
C00575,Cliente 00575,Corporativo,Cali,Occidente,Valle del Cauca,F,46-55,2024-01-05,Activo
C00576,Cliente 00576,Pyme,Villavicencio,Llanos,Meta,M,46-55,2021-10-19,Activo
C00577,Cliente 00577,Hogar,Manizales,Eje Cafetero,Caldas,F,46-55,2022-07-22,Activo
C00578,Cliente 00578,Hogar,Ibague,Centro,Tolima,F,46-55,2023-09-21,Activo
C00579,Cliente 00579,Corporativo,Manizales,Eje Cafetero,Caldas,No informado,26-35,2021-12-12,Activo
C00580,Cliente 00580,Corporativo,Pasto,Sur,Narino,F,46-55,2022-09-13,Activo
C00581,Cliente 00581,Corporativo,Pasto,Sur,Narino,No informado,18-25,2022-01-08,Activo
C00582,Cliente 00582,Educacion,Ibague,Centro,Tolima,No informado,26-35,2019-07-13,Activo
C00583,Cliente 00583,Hogar,Ibague,Centro,Tolima,No informado,56+,2022-06-17,Activo
C00584,Cliente 00584,Corporativo,Villavicencio,Llanos,Meta,M,36-45,2024-04-05,Activo
C00585,Cliente 00585,Educacion,Cali,Occidente,Valle del Cauca,No informado,36-45,2025-02-17,Activo
C00586,Cliente 00586,Pyme,Barranquilla,Caribe,Atlantico,M,26-35,2023-06-26,Activo
C00587,Cliente 00587,Corporativo,Medellin,Antioquia,Antioquia,No informado,18-25,2019-08-01,Activo
C00588,Cliente 00588,Pyme,Bucaramanga,Oriente,Santander,No informado,36-45,2019-09-20,Activo
C00589,Cliente 00589,Corporativo,Pereira,Eje Cafetero,Risaralda,F,36-45,2025-08-31,Inactivo
C00590,Cliente 00590,Educacion,Pasto,Sur,Narino,No informado,46-55,2021-02-14,Activo
C00591,Cliente 00591,Pyme,Pereira,Eje Cafetero,Risaralda,F,56+,2019-12-11,Activo
C00592,Cliente 00592,Corporativo,Pereira,Eje Cafetero,Risaralda,M,26-35,2021-05-05,Activo
C00593,Cliente 00593,Gobierno,Santa Marta,Caribe,Magdalena,F,26-35,2022-01-19,Activo
C00594,Cliente 00594,Hogar,Villavicencio,Llanos,Meta,F,56+,2022-11-22,Activo
C00595,Cliente 00595,Pyme,Cali,Occidente,Valle del Cauca,No informado,46-55,2019-04-26,Activo
C00596,Cliente 00596,Educacion,Medellin,Antioquia,Antioquia,No informado,56+,2025-12-23,Activo
C00597,Cliente 00597,Pyme,Barranquilla,Caribe,Atlantico,M,26-35,2020-03-09,Activo
C00598,Cliente 00598,Hogar,Pereira,Eje Cafetero,Risaralda,No informado,26-35,2021-11-26,Activo
C00599,Cliente 00599,Educacion,Bogota,Centro,Cundinamarca,No informado,56+,2025-06-30,Activo
C00600,Cliente 00600,Pyme,Barranquilla,Caribe,Atlantico,No informado,46-55,2019-04-01,Activo
C00601,Cliente 00601,Pyme,Pereira,Eje Cafetero,Risaralda,M,26-35,2024-03-02,Activo
C00602,Cliente 00602,Gobierno,Manizales,Eje Cafetero,Caldas,No informado,36-45,2025-01-17,Activo
C00603,Cliente 00603,Pyme,Cartagena,Caribe,Bolivar,M,56+,2020-12-10,Activo
C00604,Cliente 00604,Corporativo,Cartagena,Caribe,Bolivar,M,36-45,2019-02-21,Activo
C00605,Cliente 00605,Pyme,Medellin,Antioquia,Antioquia,F,36-45,2024-09-18,Activo
C00606,Cliente 00606,Pyme,Pasto,Sur,Narino,F,56+,2021-02-10,Activo
C00607,Cliente 00607,Educacion,Manizales,Eje Cafetero,Caldas,M,18-25,2025-04-09,Activo
C00608,Cliente 00608,Pyme,Ibague,Centro,Tolima,F,46-55,2020-02-18,Activo
C00609,Cliente 00609,Pyme,Cartagena,Caribe,Bolivar,No informado,46-55,2024-10-31,Activo
C00610,Cliente 00610,Corporativo,Barranquilla,Caribe,Atlantico,M,56+,2019-01-11,Activo
C00611,Cliente 00611,Hogar,Cali,Occidente,Valle del Cauca,No informado,56+,2020-01-04,Activo
C00612,Cliente 00612,Gobierno,Barranquilla,Caribe,Atlantico,M,26-35,2021-11-28,Activo
C00613,Cliente 00613,Corporativo,Villavicencio,Llanos,Meta,No informado,18-25,2023-02-03,Activo
C00614,Cliente 00614,Corporativo,Medellin,Antioquia,Antioquia,F,56+,2024-01-26,Activo
C00615,Cliente 00615,Hogar,Pereira,Eje Cafetero,Risaralda,M,36-45,2024-09-24,Activo
C00616,Cliente 00616,Hogar,Villavicencio,Llanos,Meta,M,18-25,2024-03-29,Activo
C00617,Cliente 00617,Gobierno,Medellin,Antioquia,Antioquia,M,26-35,2022-10-16,Activo
C00618,Cliente 00618,Gobierno,Bogota,Centro,Cundinamarca,M,36-45,2024-10-29,Activo
C00619,Cliente 00619,Corporativo,Medellin,Antioquia,Antioquia,No informado,26-35,2024-11-22,Activo
C00620,Cliente 00620,Corporativo,Pasto,Sur,Narino,No informado,18-25,2024-08-30,Inactivo
C00621,Cliente 00621,Educacion,Pasto,Sur,Narino,F,46-55,2019-07-27,Activo
C00622,Cliente 00622,Corporativo,Pereira,Eje Cafetero,Risaralda,M,36-45,2020-02-25,Activo
C00623,Cliente 00623,Educacion,Bogota,Centro,Cundinamarca,No informado,26-35,2022-05-12,Activo
C00624,Cliente 00624,Hogar,Ibague,Centro,Tolima,No informado,18-25,2023-05-21,Activo
C00625,Cliente 00625,Educacion,Barranquilla,Caribe,Atlantico,F,46-55,2021-12-18,Activo
C00626,Cliente 00626,Gobierno,Barranquilla,Caribe,Atlantico,No informado,56+,2021-11-21,Activo
C00627,Cliente 00627,Corporativo,Bogota,Centro,Cundinamarca,No informado,26-35,2021-11-10,Activo
C00628,Cliente 00628,Hogar,Manizales,Eje Cafetero,Caldas,F,18-25,2025-11-29,Activo
C00629,Cliente 00629,Corporativo,Cartagena,Caribe,Bolivar,No informado,18-25,2019-04-10,Inactivo
C00630,Cliente 00630,Corporativo,Villavicencio,Llanos,Meta,No informado,46-55,2024-02-11,Activo
C00631,Cliente 00631,Gobierno,Medellin,Antioquia,Antioquia,M,18-25,2025-06-28,Activo
C00632,Cliente 00632,Hogar,Medellin,Antioquia,Antioquia,No informado,46-55,2020-07-22,Activo
C00633,Cliente 00633,Educacion,Bucaramanga,Oriente,Santander,No informado,56+,2021-03-04,Activo
C00634,Cliente 00634,Gobierno,Barranquilla,Caribe,Atlantico,No informado,36-45,2021-07-23,Activo
C00635,Cliente 00635,Educacion,Ibague,Centro,Tolima,F,56+,2025-07-06,Activo
C00636,Cliente 00636,Hogar,Villavicencio,Llanos,Meta,No informado,26-35,2019-11-05,Activo
C00637,Cliente 00637,Corporativo,Barranquilla,Caribe,Atlantico,M,46-55,2025-10-12,Activo
C00638,Cliente 00638,Corporativo,Ibague,Centro,Tolima,M,46-55,2023-04-07,Inactivo
C00639,Cliente 00639,Educacion,Cartagena,Caribe,Bolivar,No informado,56+,2022-10-19,Activo
C00640,Cliente 00640,Gobierno,Pasto,Sur,Narino,M,18-25,2023-10-12,Activo
C00641,Cliente 00641,Gobierno,Cartagena,Caribe,Bolivar,No informado,46-55,2024-09-20,Activo
C00642,Cliente 00642,Pyme,Bucaramanga,Oriente,Santander,No informado,56+,2023-08-29,Activo
C00643,Cliente 00643,Corporativo,Pereira,Eje Cafetero,Risaralda,M,26-35,2021-07-01,Activo
C00644,Cliente 00644,Educacion,Cartagena,Caribe,Bolivar,No informado,18-25,2023-06-19,Activo
C00645,Cliente 00645,Gobierno,Cali,Occidente,Valle del Cauca,No informado,36-45,2023-08-19,Activo
C00646,Cliente 00646,Pyme,Pereira,Eje Cafetero,Risaralda,No informado,26-35,2019-01-24,Inactivo
C00647,Cliente 00647,Corporativo,Bucaramanga,Oriente,Santander,F,56+,2023-04-15,Activo
C00648,Cliente 00648,Hogar,Pereira,Eje Cafetero,Risaralda,No informado,18-25,2023-08-28,Activo
C00649,Cliente 00649,Pyme,Bogota,Centro,Cundinamarca,No informado,56+,2019-03-13,Activo
C00650,Cliente 00650,Gobierno,Medellin,Antioquia,Antioquia,No informado,18-25,2021-03-11,Activo
C00651,Cliente 00651,Educacion,Barranquilla,Caribe,Atlantico,M,36-45,2021-03-30,Activo
C00652,Cliente 00652,Gobierno,Bogota,Centro,Cundinamarca,M,36-45,2020-05-04,Activo
C00653,Cliente 00653,Educacion,Pasto,Sur,Narino,M,26-35,2023-05-28,Activo
C00654,Cliente 00654,Educacion,Pasto,Sur,Narino,F,46-55,2022-03-23,Activo
C00655,Cliente 00655,Corporativo,Bucaramanga,Oriente,Santander,No informado,18-25,2020-07-22,Activo
C00656,Cliente 00656,Corporativo,Barranquilla,Caribe,Atlantico,F,26-35,2023-06-11,Activo
C00657,Cliente 00657,Educacion,Bogota,Centro,Cundinamarca,F,18-25,2024-03-18,Activo
C00658,Cliente 00658,Pyme,Santa Marta,Caribe,Magdalena,F,56+,2020-08-31,Activo
C00659,Cliente 00659,Pyme,Manizales,Eje Cafetero,Caldas,F,46-55,2021-07-03,Activo
C00660,Cliente 00660,Educacion,Bucaramanga,Oriente,Santander,M,18-25,2025-04-02,Activo
C00661,Cliente 00661,Educacion,Santa Marta,Caribe,Magdalena,F,26-35,2023-11-12,Activo
C00662,Cliente 00662,Pyme,Bucaramanga,Oriente,Santander,F,36-45,2019-08-06,Activo
C00663,Cliente 00663,Pyme,Ibague,Centro,Tolima,M,46-55,2025-12-21,Activo
C00664,Cliente 00664,Gobierno,Ibague,Centro,Tolima,M,26-35,2020-05-10,Activo
C00665,Cliente 00665,Corporativo,Manizales,Eje Cafetero,Caldas,No informado,18-25,2019-12-27,Activo
C00666,Cliente 00666,Gobierno,Santa Marta,Caribe,Magdalena,M,18-25,2022-11-20,Activo
C00667,Cliente 00667,Pyme,Ibague,Centro,Tolima,M,36-45,2019-11-21,Activo
C00668,Cliente 00668,Gobierno,Barranquilla,Caribe,Atlantico,M,26-35,2024-08-12,Activo
C00669,Cliente 00669,Hogar,Villavicencio,Llanos,Meta,No informado,36-45,2025-03-23,Inactivo
C00670,Cliente 00670,Hogar,Santa Marta,Caribe,Magdalena,M,36-45,2022-10-26,Activo
C00671,Cliente 00671,Hogar,Bucaramanga,Oriente,Santander,No informado,26-35,2023-10-29,Activo
C00672,Cliente 00672,Educacion,Cali,Occidente,Valle del Cauca,No informado,26-35,2021-02-27,Activo
C00673,Cliente 00673,Educacion,Pereira,Eje Cafetero,Risaralda,F,26-35,2021-12-02,Activo
C00674,Cliente 00674,Educacion,Manizales,Eje Cafetero,Caldas,No informado,46-55,2021-06-14,Activo
C00675,Cliente 00675,Pyme,Pereira,Eje Cafetero,Risaralda,No informado,26-35,2025-04-13,Activo
C00676,Cliente 00676,Pyme,Santa Marta,Caribe,Magdalena,F,26-35,2024-02-04,Activo
C00677,Cliente 00677,Gobierno,Cali,Occidente,Valle del Cauca,M,36-45,2020-05-27,Activo
C00678,Cliente 00678,Corporativo,Pasto,Sur,Narino,F,18-25,2025-08-31,Activo
C00679,Cliente 00679,Pyme,Medellin,Antioquia,Antioquia,M,46-55,2020-12-14,Activo
C00680,Cliente 00680,Gobierno,Villavicencio,Llanos,Meta,F,26-35,2026-01-31,Activo
C00681,Cliente 00681,Corporativo,Bucaramanga,Oriente,Santander,M,26-35,2021-03-07,Activo
C00682,Cliente 00682,Hogar,Medellin,Antioquia,Antioquia,No informado,46-55,2020-06-01,Activo
C00683,Cliente 00683,Corporativo,Ibague,Centro,Tolima,No informado,46-55,2019-06-21,Activo
C00684,Cliente 00684,Corporativo,Manizales,Eje Cafetero,Caldas,M,18-25,2021-03-29,Activo
C00685,Cliente 00685,Gobierno,Pereira,Eje Cafetero,Risaralda,F,56+,2019-06-27,Activo
C00686,Cliente 00686,Corporativo,Santa Marta,Caribe,Magdalena,No informado,46-55,2019-01-06,Activo
C00687,Cliente 00687,Educacion,Cali,Occidente,Valle del Cauca,No informado,56+,2019-04-09,Activo
C00688,Cliente 00688,Educacion,Pereira,Eje Cafetero,Risaralda,F,46-55,2023-12-23,Activo
C00689,Cliente 00689,Educacion,Cartagena,Caribe,Bolivar,M,36-45,2025-05-17,Activo
C00690,Cliente 00690,Gobierno,Ibague,Centro,Tolima,No informado,46-55,2025-10-21,Activo
C00691,Cliente 00691,Educacion,Ibague,Centro,Tolima,F,56+,2021-07-14,Activo
C00692,Cliente 00692,Hogar,Bogota,Centro,Cundinamarca,F,36-45,2025-03-31,Activo
C00693,Cliente 00693,Gobierno,Cartagena,Caribe,Bolivar,No informado,18-25,2024-02-16,Activo
C00694,Cliente 00694,Corporativo,Cartagena,Caribe,Bolivar,M,46-55,2021-07-26,Inactivo
C00695,Cliente 00695,Hogar,Villavicencio,Llanos,Meta,F,36-45,2020-07-03,Activo
C00696,Cliente 00696,Pyme,Cali,Occidente,Valle del Cauca,No informado,26-35,2021-02-23,Activo
C00697,Cliente 00697,Educacion,Pereira,Eje Cafetero,Risaralda,No informado,36-45,2025-02-14,Activo
C00698,Cliente 00698,Educacion,Pasto,Sur,Narino,M,18-25,2020-03-22,Activo
C00699,Cliente 00699,Hogar,Santa Marta,Caribe,Magdalena,M,56+,2022-09-18,Activo
C00700,Cliente 00700,Hogar,Ibague,Centro,Tolima,No informado,36-45,2024-01-27,Activo
C00701,Cliente 00701,Hogar,Barranquilla,Caribe,Atlantico,F,26-35,2022-01-29,Activo
C00702,Cliente 00702,Corporativo,Bucaramanga,Oriente,Santander,M,46-55,2024-01-28,Activo
C00703,Cliente 00703,Pyme,Medellin,Antioquia,Antioquia,No informado,18-25,2024-05-31,Activo
C00704,Cliente 00704,Corporativo,Medellin,Antioquia,Antioquia,No informado,18-25,2021-02-10,Activo
C00705,Cliente 00705,Corporativo,Pasto,Sur,Narino,F,36-45,2021-09-01,Activo
C00706,Cliente 00706,Pyme,Cartagena,Caribe,Bolivar,No informado,46-55,2025-07-19,Activo
C00707,Cliente 00707,Corporativo,Cartagena,Caribe,Bolivar,F,26-35,2025-04-04,Activo
C00708,Cliente 00708,Gobierno,Pasto,Sur,Narino,M,46-55,2024-06-26,Inactivo
C00709,Cliente 00709,Gobierno,Cali,Occidente,Valle del Cauca,No informado,46-55,2019-02-12,Activo
C00710,Cliente 00710,Gobierno,Cartagena,Caribe,Bolivar,No informado,18-25,2020-01-26,Activo
C00711,Cliente 00711,Pyme,Medellin,Antioquia,Antioquia,No informado,36-45,2024-05-09,Activo
C00712,Cliente 00712,Pyme,Manizales,Eje Cafetero,Caldas,F,56+,2019-01-07,Activo
C00713,Cliente 00713,Gobierno,Pasto,Sur,Narino,F,18-25,2024-03-27,Activo
C00714,Cliente 00714,Corporativo,Pereira,Eje Cafetero,Risaralda,F,56+,2021-10-15,Activo
C00715,Cliente 00715,Gobierno,Pereira,Eje Cafetero,Risaralda,No informado,36-45,2019-05-05,Activo
C00716,Cliente 00716,Pyme,Pereira,Eje Cafetero,Risaralda,F,18-25,2019-04-12,Activo
C00717,Cliente 00717,Gobierno,Villavicencio,Llanos,Meta,M,46-55,2022-04-26,Activo
C00718,Cliente 00718,Hogar,Cali,Occidente,Valle del Cauca,No informado,18-25,2023-04-25,Activo
C00719,Cliente 00719,Educacion,Santa Marta,Caribe,Magdalena,F,36-45,2020-10-15,Activo
C00720,Cliente 00720,Hogar,Ibague,Centro,Tolima,No informado,18-25,2025-04-09,Activo
C00721,Cliente 00721,Gobierno,Villavicencio,Llanos,Meta,M,26-35,2020-09-16,Activo
C00722,Cliente 00722,Gobierno,Bogota,Centro,Cundinamarca,No informado,56+,2025-02-08,Activo
C00723,Cliente 00723,Educacion,Pasto,Sur,Narino,F,56+,2025-04-09,Activo
C00724,Cliente 00724,Gobierno,Pereira,Eje Cafetero,Risaralda,F,56+,2020-06-23,Activo
C00725,Cliente 00725,Pyme,Villavicencio,Llanos,Meta,M,18-25,2025-04-19,Activo
C00726,Cliente 00726,Hogar,Villavicencio,Llanos,Meta,No informado,18-25,2024-10-30,Activo
C00727,Cliente 00727,Pyme,Cali,Occidente,Valle del Cauca,M,26-35,2022-08-02,Activo
C00728,Cliente 00728,Hogar,Manizales,Eje Cafetero,Caldas,M,26-35,2023-08-25,Activo
C00729,Cliente 00729,Corporativo,Bogota,Centro,Cundinamarca,F,18-25,2025-07-19,Activo
C00730,Cliente 00730,Hogar,Medellin,Antioquia,Antioquia,M,46-55,2023-04-03,Activo
C00731,Cliente 00731,Educacion,Bogota,Centro,Cundinamarca,No informado,26-35,2019-01-04,Activo
C00732,Cliente 00732,Corporativo,Cali,Occidente,Valle del Cauca,No informado,46-55,2020-03-15,Activo
C00733,Cliente 00733,Pyme,Pereira,Eje Cafetero,Risaralda,F,46-55,2025-08-20,Activo
C00734,Cliente 00734,Pyme,Cartagena,Caribe,Bolivar,M,56+,2025-02-22,Activo
C00735,Cliente 00735,Corporativo,Manizales,Eje Cafetero,Caldas,No informado,46-55,2023-11-21,Activo
C00736,Cliente 00736,Gobierno,Pasto,Sur,Narino,F,46-55,2025-03-11,Activo
C00737,Cliente 00737,Educacion,Santa Marta,Caribe,Magdalena,F,46-55,2019-01-13,Activo
C00738,Cliente 00738,Hogar,Santa Marta,Caribe,Magdalena,F,18-25,2024-07-28,Activo
C00739,Cliente 00739,Educacion,Bogota,Centro,Cundinamarca,F,18-25,2022-12-10,Activo
C00740,Cliente 00740,Gobierno,Cali,Occidente,Valle del Cauca,F,18-25,2024-07-01,Inactivo
C00741,Cliente 00741,Gobierno,Medellin,Antioquia,Antioquia,F,18-25,2024-10-04,Activo
C00742,Cliente 00742,Corporativo,Medellin,Antioquia,Antioquia,F,56+,2019-10-20,Activo
C00743,Cliente 00743,Educacion,Cartagena,Caribe,Bolivar,M,18-25,2022-12-20,Activo
C00744,Cliente 00744,Educacion,Ibague,Centro,Tolima,No informado,46-55,2025-06-19,Activo
C00745,Cliente 00745,Corporativo,Manizales,Eje Cafetero,Caldas,No informado,56+,2023-10-28,Activo
C00746,Cliente 00746,Gobierno,Pereira,Eje Cafetero,Risaralda,F,36-45,2019-05-03,Activo
C00747,Cliente 00747,Hogar,Villavicencio,Llanos,Meta,M,26-35,2022-11-04,Activo
C00748,Cliente 00748,Hogar,Pasto,Sur,Narino,No informado,18-25,2022-07-13,Activo
C00749,Cliente 00749,Corporativo,Cartagena,Caribe,Bolivar,F,56+,2025-12-02,Activo
C00750,Cliente 00750,Corporativo,Pasto,Sur,Narino,No informado,46-55,2021-07-27,Activo
C00751,Cliente 00751,Educacion,Santa Marta,Caribe,Magdalena,F,18-25,2021-11-05,Activo
C00752,Cliente 00752,Pyme,Ibague,Centro,Tolima,F,18-25,2025-01-06,Activo
C00753,Cliente 00753,Corporativo,Pasto,Sur,Narino,F,18-25,2020-11-15,Activo
C00754,Cliente 00754,Hogar,Barranquilla,Caribe,Atlantico,F,36-45,2022-08-30,Activo
C00755,Cliente 00755,Pyme,Bogota,Centro,Cundinamarca,No informado,36-45,2025-09-16,Activo
C00756,Cliente 00756,Gobierno,Pereira,Eje Cafetero,Risaralda,No informado,18-25,2024-10-06,Activo
C00757,Cliente 00757,Corporativo,Ibague,Centro,Tolima,No informado,56+,2021-07-11,Activo
C00758,Cliente 00758,Hogar,Santa Marta,Caribe,Magdalena,M,26-35,2023-06-07,Activo
C00759,Cliente 00759,Pyme,Pasto,Sur,Narino,M,26-35,2023-10-26,Activo
C00760,Cliente 00760,Educacion,Cartagena,Caribe,Bolivar,F,26-35,2025-01-18,Activo
C00761,Cliente 00761,Corporativo,Cartagena,Caribe,Bolivar,M,46-55,2019-09-13,Activo
C00762,Cliente 00762,Hogar,Ibague,Centro,Tolima,F,56+,2022-01-12,Activo
C00763,Cliente 00763,Educacion,Medellin,Antioquia,Antioquia,M,18-25,2021-10-16,Activo
C00764,Cliente 00764,Corporativo,Pasto,Sur,Narino,No informado,18-25,2020-04-12,Activo
C00765,Cliente 00765,Hogar,Cali,Occidente,Valle del Cauca,F,26-35,2019-11-09,Activo
C00766,Cliente 00766,Gobierno,Cali,Occidente,Valle del Cauca,F,36-45,2021-12-25,Activo
C00767,Cliente 00767,Educacion,Villavicencio,Llanos,Meta,No informado,18-25,2019-04-28,Activo
C00768,Cliente 00768,Hogar,Cali,Occidente,Valle del Cauca,No informado,18-25,2019-06-03,Activo
C00769,Cliente 00769,Corporativo,Bucaramanga,Oriente,Santander,M,26-35,2024-01-04,Activo
C00770,Cliente 00770,Gobierno,Barranquilla,Caribe,Atlantico,F,26-35,2022-11-16,Activo
C00771,Cliente 00771,Educacion,Santa Marta,Caribe,Magdalena,No informado,46-55,2025-12-25,Activo
C00772,Cliente 00772,Corporativo,Villavicencio,Llanos,Meta,No informado,36-45,2024-04-12,Activo
C00773,Cliente 00773,Hogar,Bucaramanga,Oriente,Santander,F,36-45,2024-11-15,Inactivo
C00774,Cliente 00774,Hogar,Pasto,Sur,Narino,F,26-35,2022-05-29,Activo
C00775,Cliente 00775,Hogar,Barranquilla,Caribe,Atlantico,F,56+,2021-05-10,Activo
C00776,Cliente 00776,Educacion,Ibague,Centro,Tolima,M,26-35,2022-08-26,Activo
C00777,Cliente 00777,Hogar,Cartagena,Caribe,Bolivar,M,36-45,2020-03-03,Activo
C00778,Cliente 00778,Gobierno,Santa Marta,Caribe,Magdalena,No informado,56+,2024-02-07,Activo
C00779,Cliente 00779,Hogar,Santa Marta,Caribe,Magdalena,No informado,26-35,2020-10-03,Activo
C00780,Cliente 00780,Corporativo,Medellin,Antioquia,Antioquia,F,46-55,2025-04-26,Activo
C00781,Cliente 00781,Pyme,Barranquilla,Caribe,Atlantico,M,36-45,2019-03-11,Activo
C00782,Cliente 00782,Hogar,Manizales,Eje Cafetero,Caldas,F,26-35,2020-02-29,Activo
C00783,Cliente 00783,Pyme,Ibague,Centro,Tolima,No informado,36-45,2023-12-10,Activo
C00784,Cliente 00784,Pyme,Ibague,Centro,Tolima,F,46-55,2021-08-30,Activo
C00785,Cliente 00785,Gobierno,Pasto,Sur,Narino,M,46-55,2023-01-28,Activo
C00786,Cliente 00786,Gobierno,Cali,Occidente,Valle del Cauca,M,46-55,2019-02-18,Inactivo
C00787,Cliente 00787,Hogar,Pasto,Sur,Narino,M,18-25,2024-04-09,Activo
C00788,Cliente 00788,Corporativo,Barranquilla,Caribe,Atlantico,F,36-45,2022-02-04,Activo
C00789,Cliente 00789,Gobierno,Cartagena,Caribe,Bolivar,No informado,46-55,2019-04-10,Inactivo
C00790,Cliente 00790,Corporativo,Villavicencio,Llanos,Meta,No informado,46-55,2024-03-06,Activo
C00791,Cliente 00791,Hogar,Villavicencio,Llanos,Meta,No informado,36-45,2025-03-08,Activo
C00792,Cliente 00792,Educacion,Medellin,Antioquia,Antioquia,F,36-45,2023-12-30,Activo
C00793,Cliente 00793,Pyme,Bucaramanga,Oriente,Santander,M,46-55,2021-07-08,Activo
C00794,Cliente 00794,Educacion,Barranquilla,Caribe,Atlantico,No informado,36-45,2021-08-19,Activo
C00795,Cliente 00795,Gobierno,Villavicencio,Llanos,Meta,F,18-25,2022-04-14,Activo
C00796,Cliente 00796,Corporativo,Medellin,Antioquia,Antioquia,M,56+,2023-12-22,Activo
C00797,Cliente 00797,Gobierno,Cartagena,Caribe,Bolivar,No informado,18-25,2019-01-17,Activo
C00798,Cliente 00798,Pyme,Medellin,Antioquia,Antioquia,F,36-45,2024-07-26,Activo
C00799,Cliente 00799,Hogar,Cali,Occidente,Valle del Cauca,F,18-25,2020-12-16,Activo
C00800,Cliente 00800,Gobierno,Bucaramanga,Oriente,Santander,M,26-35,2020-12-17,Activo
C00801,Cliente 00801,Gobierno,Bogota,Centro,Cundinamarca,F,36-45,2023-07-15,Activo
C00802,Cliente 00802,Educacion,Cali,Occidente,Valle del Cauca,M,26-35,2021-12-04,Activo
C00803,Cliente 00803,Educacion,Medellin,Antioquia,Antioquia,No informado,26-35,2022-10-04,Activo
C00804,Cliente 00804,Educacion,Pasto,Sur,Narino,M,46-55,2025-05-14,Activo
C00805,Cliente 00805,Educacion,Medellin,Antioquia,Antioquia,M,46-55,2025-03-25,Activo
C00806,Cliente 00806,Pyme,Bogota,Centro,Cundinamarca,F,36-45,2020-04-11,Activo
C00807,Cliente 00807,Gobierno,Ibague,Centro,Tolima,M,26-35,2022-04-24,Activo
C00808,Cliente 00808,Pyme,Cartagena,Caribe,Bolivar,No informado,46-55,2021-03-02,Activo
C00809,Cliente 00809,Educacion,Villavicencio,Llanos,Meta,No informado,56+,2021-09-13,Activo
C00810,Cliente 00810,Gobierno,Pereira,Eje Cafetero,Risaralda,F,56+,2020-01-24,Activo
C00811,Cliente 00811,Pyme,Villavicencio,Llanos,Meta,No informado,36-45,2019-09-09,Activo
C00812,Cliente 00812,Educacion,Villavicencio,Llanos,Meta,F,18-25,2022-10-15,Activo
C00813,Cliente 00813,Educacion,Ibague,Centro,Tolima,F,36-45,2025-02-11,Activo
C00814,Cliente 00814,Pyme,Barranquilla,Caribe,Atlantico,No informado,36-45,2019-04-23,Activo
C00815,Cliente 00815,Gobierno,Pereira,Eje Cafetero,Risaralda,F,46-55,2019-02-08,Activo
C00816,Cliente 00816,Hogar,Manizales,Eje Cafetero,Caldas,No informado,26-35,2023-07-01,Activo
C00817,Cliente 00817,Educacion,Medellin,Antioquia,Antioquia,M,26-35,2024-02-09,Activo
C00818,Cliente 00818,Educacion,Bogota,Centro,Cundinamarca,No informado,18-25,2021-08-13,Activo
C00819,Cliente 00819,Educacion,Manizales,Eje Cafetero,Caldas,F,46-55,2023-02-13,Activo
C00820,Cliente 00820,Hogar,Ibague,Centro,Tolima,No informado,56+,2022-07-09,Activo
C00821,Cliente 00821,Hogar,Pereira,Eje Cafetero,Risaralda,F,18-25,2022-08-13,Activo
C00822,Cliente 00822,Corporativo,Ibague,Centro,Tolima,No informado,36-45,2020-06-13,Activo
C00823,Cliente 00823,Gobierno,Cartagena,Caribe,Bolivar,F,46-55,2021-02-15,Activo
C00824,Cliente 00824,Gobierno,Ibague,Centro,Tolima,M,26-35,2022-04-21,Inactivo
C00825,Cliente 00825,Corporativo,Pereira,Eje Cafetero,Risaralda,No informado,56+,2019-03-10,Activo
C00826,Cliente 00826,Gobierno,Medellin,Antioquia,Antioquia,No informado,46-55,2020-08-03,Activo
C00827,Cliente 00827,Gobierno,Pereira,Eje Cafetero,Risaralda,M,46-55,2025-03-03,Activo
C00828,Cliente 00828,Pyme,Bogota,Centro,Cundinamarca,M,46-55,2021-04-23,Activo
C00829,Cliente 00829,Hogar,Pereira,Eje Cafetero,Risaralda,No informado,46-55,2020-12-03,Activo
C00830,Cliente 00830,Hogar,Pasto,Sur,Narino,M,46-55,2025-01-25,Activo
C00831,Cliente 00831,Hogar,Pasto,Sur,Narino,M,36-45,2022-02-03,Activo
C00832,Cliente 00832,Pyme,Cartagena,Caribe,Bolivar,M,36-45,2021-06-04,Activo
C00833,Cliente 00833,Pyme,Bogota,Centro,Cundinamarca,No informado,36-45,2021-12-21,Activo
C00834,Cliente 00834,Pyme,Bogota,Centro,Cundinamarca,M,46-55,2022-05-30,Activo
C00835,Cliente 00835,Corporativo,Pasto,Sur,Narino,No informado,36-45,2020-09-14,Inactivo
C00836,Cliente 00836,Corporativo,Pasto,Sur,Narino,F,26-35,2025-09-08,Activo
C00837,Cliente 00837,Hogar,Bucaramanga,Oriente,Santander,No informado,18-25,2019-04-23,Activo
C00838,Cliente 00838,Pyme,Cali,Occidente,Valle del Cauca,F,18-25,2023-03-22,Activo
C00839,Cliente 00839,Educacion,Ibague,Centro,Tolima,M,36-45,2025-08-23,Activo
C00840,Cliente 00840,Corporativo,Pereira,Eje Cafetero,Risaralda,No informado,26-35,2024-11-20,Activo
C00841,Cliente 00841,Hogar,Ibague,Centro,Tolima,No informado,36-45,2021-07-04,Activo
C00842,Cliente 00842,Pyme,Villavicencio,Llanos,Meta,M,18-25,2023-03-22,Inactivo
C00843,Cliente 00843,Hogar,Bucaramanga,Oriente,Santander,No informado,56+,2023-05-04,Activo
C00844,Cliente 00844,Gobierno,Barranquilla,Caribe,Atlantico,F,56+,2024-08-28,Activo
C00845,Cliente 00845,Gobierno,Manizales,Eje Cafetero,Caldas,F,18-25,2025-02-20,Activo
C00846,Cliente 00846,Hogar,Santa Marta,Caribe,Magdalena,F,56+,2020-08-15,Activo
C00847,Cliente 00847,Corporativo,Pereira,Eje Cafetero,Risaralda,No informado,46-55,2022-10-17,Activo
C00848,Cliente 00848,Educacion,Bucaramanga,Oriente,Santander,M,56+,2026-01-10,Activo
C00849,Cliente 00849,Hogar,Medellin,Antioquia,Antioquia,M,36-45,2021-04-19,Activo
C00850,Cliente 00850,Educacion,Bucaramanga,Oriente,Santander,No informado,36-45,2023-01-06,Activo
C00851,Cliente 00851,Corporativo,Santa Marta,Caribe,Magdalena,M,26-35,2023-07-02,Activo
C00852,Cliente 00852,Gobierno,Bogota,Centro,Cundinamarca,No informado,46-55,2023-01-30,Activo
C00853,Cliente 00853,Corporativo,Santa Marta,Caribe,Magdalena,M,56+,2022-08-20,Activo
C00854,Cliente 00854,Pyme,Bucaramanga,Oriente,Santander,F,36-45,2022-07-28,Activo
C00855,Cliente 00855,Gobierno,Bucaramanga,Oriente,Santander,M,36-45,2024-03-23,Activo
C00856,Cliente 00856,Educacion,Bucaramanga,Oriente,Santander,No informado,18-25,2022-08-27,Activo
C00857,Cliente 00857,Gobierno,Santa Marta,Caribe,Magdalena,F,18-25,2023-04-09,Activo
C00858,Cliente 00858,Hogar,Medellin,Antioquia,Antioquia,M,18-25,2021-07-30,Activo
C00859,Cliente 00859,Gobierno,Santa Marta,Caribe,Magdalena,F,26-35,2022-09-07,Activo
C00860,Cliente 00860,Pyme,Pasto,Sur,Narino,M,36-45,2021-10-05,Activo
C00861,Cliente 00861,Gobierno,Pereira,Eje Cafetero,Risaralda,M,26-35,2023-07-29,Activo
C00862,Cliente 00862,Hogar,Bucaramanga,Oriente,Santander,M,56+,2021-12-24,Activo
C00863,Cliente 00863,Hogar,Bogota,Centro,Cundinamarca,No informado,46-55,2020-07-20,Activo
C00864,Cliente 00864,Corporativo,Barranquilla,Caribe,Atlantico,M,56+,2022-03-10,Activo
C00865,Cliente 00865,Hogar,Manizales,Eje Cafetero,Caldas,F,46-55,2024-07-02,Inactivo
C00866,Cliente 00866,Educacion,Manizales,Eje Cafetero,Caldas,M,26-35,2020-10-17,Activo
C00867,Cliente 00867,Hogar,Cartagena,Caribe,Bolivar,F,18-25,2025-07-12,Activo
C00868,Cliente 00868,Corporativo,Ibague,Centro,Tolima,F,46-55,2019-08-11,Inactivo
C00869,Cliente 00869,Hogar,Pereira,Eje Cafetero,Risaralda,M,18-25,2024-04-20,Activo
C00870,Cliente 00870,Educacion,Medellin,Antioquia,Antioquia,F,56+,2025-11-10,Activo
C00871,Cliente 00871,Hogar,Cali,Occidente,Valle del Cauca,No informado,26-35,2020-01-02,Activo
C00872,Cliente 00872,Gobierno,Ibague,Centro,Tolima,M,18-25,2024-03-11,Activo
C00873,Cliente 00873,Pyme,Medellin,Antioquia,Antioquia,M,26-35,2022-06-28,Activo
C00874,Cliente 00874,Educacion,Cali,Occidente,Valle del Cauca,M,56+,2023-01-30,Activo
C00875,Cliente 00875,Hogar,Bogota,Centro,Cundinamarca,M,26-35,2023-06-28,Activo
C00876,Cliente 00876,Gobierno,Medellin,Antioquia,Antioquia,F,56+,2020-04-23,Activo
C00877,Cliente 00877,Corporativo,Pasto,Sur,Narino,M,56+,2019-07-04,Activo
C00878,Cliente 00878,Pyme,Santa Marta,Caribe,Magdalena,M,56+,2025-11-02,Activo
C00879,Cliente 00879,Gobierno,Pasto,Sur,Narino,M,46-55,2021-07-20,Activo
C00880,Cliente 00880,Hogar,Bogota,Centro,Cundinamarca,M,26-35,2024-05-27,Activo
C00881,Cliente 00881,Pyme,Cartagena,Caribe,Bolivar,M,18-25,2021-07-14,Activo
C00882,Cliente 00882,Corporativo,Ibague,Centro,Tolima,F,36-45,2024-07-21,Activo
C00883,Cliente 00883,Gobierno,Cali,Occidente,Valle del Cauca,F,56+,2025-12-08,Activo
C00884,Cliente 00884,Corporativo,Bogota,Centro,Cundinamarca,No informado,18-25,2022-06-29,Activo
C00885,Cliente 00885,Hogar,Manizales,Eje Cafetero,Caldas,M,26-35,2025-10-29,Activo
C00886,Cliente 00886,Hogar,Cali,Occidente,Valle del Cauca,No informado,56+,2025-03-17,Activo
C00887,Cliente 00887,Gobierno,Ibague,Centro,Tolima,No informado,56+,2019-06-10,Activo
C00888,Cliente 00888,Corporativo,Santa Marta,Caribe,Magdalena,No informado,46-55,2023-04-28,Activo
C00889,Cliente 00889,Hogar,Barranquilla,Caribe,Atlantico,No informado,36-45,2024-08-19,Activo
C00890,Cliente 00890,Hogar,Pasto,Sur,Narino,M,56+,2023-12-21,Activo
C00891,Cliente 00891,Hogar,Pereira,Eje Cafetero,Risaralda,M,56+,2019-02-16,Activo
C00892,Cliente 00892,Educacion,Cartagena,Caribe,Bolivar,F,56+,2024-05-25,Activo
C00893,Cliente 00893,Educacion,Cartagena,Caribe,Bolivar,No informado,26-35,2022-02-16,Activo
C00894,Cliente 00894,Gobierno,Medellin,Antioquia,Antioquia,M,36-45,2022-02-13,Inactivo
C00895,Cliente 00895,Gobierno,Villavicencio,Llanos,Meta,F,46-55,2023-12-28,Activo
C00896,Cliente 00896,Pyme,Ibague,Centro,Tolima,F,26-35,2021-07-09,Activo
C00897,Cliente 00897,Educacion,Medellin,Antioquia,Antioquia,M,46-55,2019-02-08,Activo
C00898,Cliente 00898,Educacion,Barranquilla,Caribe,Atlantico,No informado,18-25,2026-02-10,Activo
C00899,Cliente 00899,Pyme,Manizales,Eje Cafetero,Caldas,M,36-45,2023-01-20,Activo
C00900,Cliente 00900,Hogar,Barranquilla,Caribe,Atlantico,No informado,56+,2025-08-08,Activo
C00901,Cliente 00901,Gobierno,Bucaramanga,Oriente,Santander,F,46-55,2024-09-18,Activo
C00902,Cliente 00902,Gobierno,Villavicencio,Llanos,Meta,No informado,26-35,2020-05-09,Activo
C00903,Cliente 00903,Educacion,Ibague,Centro,Tolima,F,26-35,2019-08-06,Activo
C00904,Cliente 00904,Gobierno,Santa Marta,Caribe,Magdalena,M,56+,2021-08-28,Activo
C00905,Cliente 00905,Pyme,Villavicencio,Llanos,Meta,No informado,56+,2021-08-31,Activo
C00906,Cliente 00906,Corporativo,Villavicencio,Llanos,Meta,F,18-25,2022-03-17,Activo
C00907,Cliente 00907,Corporativo,Bucaramanga,Oriente,Santander,No informado,46-55,2023-04-26,Activo
C00908,Cliente 00908,Pyme,Santa Marta,Caribe,Magdalena,No informado,56+,2020-06-07,Activo
C00909,Cliente 00909,Gobierno,Villavicencio,Llanos,Meta,M,46-55,2021-11-25,Activo
C00910,Cliente 00910,Pyme,Pasto,Sur,Narino,F,36-45,2021-05-16,Activo
C00911,Cliente 00911,Educacion,Cali,Occidente,Valle del Cauca,M,46-55,2025-11-23,Activo
C00912,Cliente 00912,Gobierno,Ibague,Centro,Tolima,No informado,46-55,2019-11-18,Activo
C00913,Cliente 00913,Hogar,Santa Marta,Caribe,Magdalena,F,26-35,2022-04-07,Inactivo
C00914,Cliente 00914,Corporativo,Manizales,Eje Cafetero,Caldas,No informado,46-55,2025-09-08,Activo
C00915,Cliente 00915,Corporativo,Cali,Occidente,Valle del Cauca,F,18-25,2019-08-27,Activo
C00916,Cliente 00916,Pyme,Santa Marta,Caribe,Magdalena,F,46-55,2020-03-23,Activo
C00917,Cliente 00917,Gobierno,Pereira,Eje Cafetero,Risaralda,F,46-55,2023-02-16,Activo
C00918,Cliente 00918,Educacion,Barranquilla,Caribe,Atlantico,F,46-55,2021-01-06,Activo
C00919,Cliente 00919,Hogar,Pereira,Eje Cafetero,Risaralda,M,46-55,2019-03-09,Activo
C00920,Cliente 00920,Corporativo,Ibague,Centro,Tolima,M,26-35,2019-07-23,Activo
C00921,Cliente 00921,Pyme,Bogota,Centro,Cundinamarca,No informado,26-35,2024-09-16,Activo
C00922,Cliente 00922,Pyme,Pasto,Sur,Narino,M,18-25,2019-06-08,Activo
C00923,Cliente 00923,Gobierno,Villavicencio,Llanos,Meta,No informado,56+,2026-01-17,Activo
C00924,Cliente 00924,Corporativo,Villavicencio,Llanos,Meta,No informado,36-45,2025-09-05,Activo
C00925,Cliente 00925,Gobierno,Bucaramanga,Oriente,Santander,No informado,26-35,2025-04-09,Activo
C00926,Cliente 00926,Hogar,Villavicencio,Llanos,Meta,M,36-45,2022-04-20,Activo
C00927,Cliente 00927,Gobierno,Barranquilla,Caribe,Atlantico,F,56+,2019-02-11,Activo
C00928,Cliente 00928,Educacion,Santa Marta,Caribe,Magdalena,No informado,18-25,2022-12-28,Activo
C00929,Cliente 00929,Educacion,Ibague,Centro,Tolima,No informado,18-25,2020-04-17,Activo
C00930,Cliente 00930,Gobierno,Bucaramanga,Oriente,Santander,No informado,36-45,2020-03-10,Activo
C00931,Cliente 00931,Corporativo,Cali,Occidente,Valle del Cauca,No informado,46-55,2020-02-23,Activo
C00932,Cliente 00932,Educacion,Cali,Occidente,Valle del Cauca,No informado,26-35,2020-08-10,Activo
C00933,Cliente 00933,Corporativo,Pereira,Eje Cafetero,Risaralda,M,56+,2024-05-15,Activo
C00934,Cliente 00934,Hogar,Bucaramanga,Oriente,Santander,M,46-55,2024-12-21,Inactivo
C00935,Cliente 00935,Hogar,Pereira,Eje Cafetero,Risaralda,F,56+,2020-01-22,Activo
C00936,Cliente 00936,Pyme,Barranquilla,Caribe,Atlantico,F,26-35,2019-02-04,Activo
C00937,Cliente 00937,Pyme,Pasto,Sur,Narino,No informado,26-35,2024-11-30,Activo
C00938,Cliente 00938,Hogar,Barranquilla,Caribe,Atlantico,F,36-45,2024-10-21,Activo
C00939,Cliente 00939,Hogar,Bucaramanga,Oriente,Santander,F,56+,2024-02-08,Activo
C00940,Cliente 00940,Hogar,Medellin,Antioquia,Antioquia,F,56+,2021-06-10,Activo
C00941,Cliente 00941,Educacion,Pasto,Sur,Narino,No informado,26-35,2024-05-30,Activo
C00942,Cliente 00942,Educacion,Villavicencio,Llanos,Meta,M,56+,2022-05-24,Activo
C00943,Cliente 00943,Gobierno,Pasto,Sur,Narino,F,18-25,2020-06-27,Activo
C00944,Cliente 00944,Corporativo,Bogota,Centro,Cundinamarca,F,18-25,2022-02-03,Activo
C00945,Cliente 00945,Educacion,Villavicencio,Llanos,Meta,M,26-35,2022-05-20,Activo
C00946,Cliente 00946,Educacion,Cartagena,Caribe,Bolivar,F,56+,2019-05-21,Activo
C00947,Cliente 00947,Gobierno,Manizales,Eje Cafetero,Caldas,F,46-55,2021-08-29,Activo
C00948,Cliente 00948,Hogar,Cali,Occidente,Valle del Cauca,M,56+,2025-01-28,Activo
C00949,Cliente 00949,Pyme,Barranquilla,Caribe,Atlantico,No informado,18-25,2023-04-30,Activo
C00950,Cliente 00950,Hogar,Pereira,Eje Cafetero,Risaralda,No informado,18-25,2019-04-20,Activo
C00951,Cliente 00951,Corporativo,Bogota,Centro,Cundinamarca,No informado,56+,2021-11-01,Activo
C00952,Cliente 00952,Gobierno,Cali,Occidente,Valle del Cauca,M,46-55,2020-04-29,Activo
C00953,Cliente 00953,Gobierno,Cali,Occidente,Valle del Cauca,F,18-25,2019-04-03,Activo
C00954,Cliente 00954,Pyme,Manizales,Eje Cafetero,Caldas,M,56+,2025-09-10,Activo
C00955,Cliente 00955,Gobierno,Medellin,Antioquia,Antioquia,F,46-55,2019-10-12,Activo
C00956,Cliente 00956,Educacion,Manizales,Eje Cafetero,Caldas,M,36-45,2025-12-04,Activo
C00957,Cliente 00957,Pyme,Ibague,Centro,Tolima,M,56+,2023-06-08,Inactivo
C00958,Cliente 00958,Educacion,Bogota,Centro,Cundinamarca,No informado,56+,2022-09-27,Activo
C00959,Cliente 00959,Pyme,Bogota,Centro,Cundinamarca,M,46-55,2020-12-08,Activo
C00960,Cliente 00960,Hogar,Pereira,Eje Cafetero,Risaralda,No informado,26-35,2023-06-23,Activo
C00961,Cliente 00961,Gobierno,Cartagena,Caribe,Bolivar,M,46-55,2021-03-22,Inactivo
C00962,Cliente 00962,Corporativo,Bogota,Centro,Cundinamarca,No informado,56+,2023-04-29,Activo
C00963,Cliente 00963,Pyme,Cartagena,Caribe,Bolivar,M,18-25,2022-11-26,Activo
C00964,Cliente 00964,Hogar,Bogota,Centro,Cundinamarca,No informado,26-35,2022-09-30,Activo
C00965,Cliente 00965,Corporativo,Cartagena,Caribe,Bolivar,M,36-45,2022-07-30,Activo
C00966,Cliente 00966,Gobierno,Santa Marta,Caribe,Magdalena,No informado,26-35,2024-05-03,Activo
C00967,Cliente 00967,Corporativo,Pereira,Eje Cafetero,Risaralda,M,46-55,2024-11-18,Activo
C00968,Cliente 00968,Educacion,Santa Marta,Caribe,Magdalena,No informado,46-55,2020-02-08,Activo
C00969,Cliente 00969,Pyme,Barranquilla,Caribe,Atlantico,F,18-25,2019-12-22,Activo
C00970,Cliente 00970,Pyme,Santa Marta,Caribe,Magdalena,F,46-55,2021-07-02,Activo
C00971,Cliente 00971,Gobierno,Medellin,Antioquia,Antioquia,M,36-45,2022-03-14,Activo
C00972,Cliente 00972,Corporativo,Bogota,Centro,Cundinamarca,M,46-55,2023-07-01,Activo
C00973,Cliente 00973,Corporativo,Villavicencio,Llanos,Meta,F,36-45,2019-12-15,Activo
C00974,Cliente 00974,Hogar,Cartagena,Caribe,Bolivar,No informado,56+,2025-07-16,Activo
C00975,Cliente 00975,Pyme,Bogota,Centro,Cundinamarca,M,36-45,2023-01-07,Activo
C00976,Cliente 00976,Gobierno,Santa Marta,Caribe,Magdalena,F,56+,2023-03-29,Activo
C00977,Cliente 00977,Educacion,Ibague,Centro,Tolima,M,18-25,2019-12-13,Activo
C00978,Cliente 00978,Educacion,Ibague,Centro,Tolima,No informado,26-35,2023-06-18,Activo
C00979,Cliente 00979,Educacion,Cali,Occidente,Valle del Cauca,F,56+,2020-01-19,Activo
C00980,Cliente 00980,Gobierno,Pereira,Eje Cafetero,Risaralda,F,46-55,2025-03-10,Activo
C00981,Cliente 00981,Corporativo,Manizales,Eje Cafetero,Caldas,F,18-25,2019-03-13,Activo
C00982,Cliente 00982,Pyme,Ibague,Centro,Tolima,No informado,56+,2022-05-13,Activo
C00983,Cliente 00983,Educacion,Cali,Occidente,Valle del Cauca,No informado,46-55,2025-04-21,Activo
C00984,Cliente 00984,Educacion,Cali,Occidente,Valle del Cauca,No informado,18-25,2022-04-12,Activo
C00985,Cliente 00985,Hogar,Pasto,Sur,Narino,F,46-55,2025-09-14,Activo
C00986,Cliente 00986,Hogar,Medellin,Antioquia,Antioquia,F,18-25,2022-07-22,Inactivo
C00987,Cliente 00987,Hogar,Barranquilla,Caribe,Atlantico,No informado,36-45,2021-04-05,Activo
C00988,Cliente 00988,Gobierno,Medellin,Antioquia,Antioquia,No informado,46-55,2023-09-15,Activo
C00989,Cliente 00989,Gobierno,Cali,Occidente,Valle del Cauca,F,56+,2021-02-14,Inactivo
C00990,Cliente 00990,Hogar,Cartagena,Caribe,Bolivar,F,46-55,2021-12-20,Activo
C00991,Cliente 00991,Corporativo,Barranquilla,Caribe,Atlantico,No informado,56+,2025-01-19,Activo
C00992,Cliente 00992,Educacion,Medellin,Antioquia,Antioquia,F,46-55,2024-06-06,Activo
C00993,Cliente 00993,Educacion,Cali,Occidente,Valle del Cauca,M,18-25,2022-01-20,Activo
C00994,Cliente 00994,Pyme,Medellin,Antioquia,Antioquia,M,46-55,2021-12-04,Activo
C00995,Cliente 00995,Hogar,Bogota,Centro,Cundinamarca,No informado,36-45,2022-02-03,Activo
C00996,Cliente 00996,Pyme,Bogota,Centro,Cundinamarca,M,56+,2024-04-17,Activo
C00997,Cliente 00997,Pyme,Bogota,Centro,Cundinamarca,F,56+,2020-09-13,Activo
C00998,Cliente 00998,Hogar,Cali,Occidente,Valle del Cauca,M,26-35,2019-04-25,Activo
C00999,Cliente 00999,Educacion,Medellin,Antioquia,Antioquia,M,36-45,2021-02-18,Activo
C01000,Cliente 01000,Educacion,Pasto,Sur,Narino,No informado,36-45,2024-03-25,Activo
C01001,Cliente 01001,Educacion,Pereira,Eje Cafetero,Risaralda,No informado,56+,2021-07-30,Activo
C01002,Cliente 01002,Gobierno,Medellin,Antioquia,Antioquia,F,26-35,2020-11-23,Activo
C01003,Cliente 01003,Corporativo,Pasto,Sur,Narino,M,26-35,2023-05-29,Activo
C01004,Cliente 01004,Educacion,Medellin,Antioquia,Antioquia,No informado,36-45,2026-01-27,Activo
C01005,Cliente 01005,Pyme,Medellin,Antioquia,Antioquia,M,26-35,2021-04-14,Activo
C01006,Cliente 01006,Pyme,Manizales,Eje Cafetero,Caldas,M,18-25,2022-07-17,Activo
C01007,Cliente 01007,Educacion,Pasto,Sur,Narino,No informado,26-35,2022-10-13,Activo
C01008,Cliente 01008,Corporativo,Bucaramanga,Oriente,Santander,F,56+,2019-11-19,Activo
C01009,Cliente 01009,Hogar,Barranquilla,Caribe,Atlantico,M,46-55,2020-10-27,Activo
C01010,Cliente 01010,Gobierno,Barranquilla,Caribe,Atlantico,F,18-25,2022-09-24,Activo
C01011,Cliente 01011,Educacion,Bucaramanga,Oriente,Santander,M,18-25,2022-03-30,Activo
C01012,Cliente 01012,Corporativo,Manizales,Eje Cafetero,Caldas,F,56+,2021-03-19,Activo
C01013,Cliente 01013,Hogar,Villavicencio,Llanos,Meta,F,46-55,2023-10-22,Activo
C01014,Cliente 01014,Pyme,Cartagena,Caribe,Bolivar,No informado,26-35,2022-10-25,Activo
C01015,Cliente 01015,Corporativo,Santa Marta,Caribe,Magdalena,F,56+,2025-04-11,Inactivo
C01016,Cliente 01016,Educacion,Pasto,Sur,Narino,F,46-55,2021-01-09,Activo
C01017,Cliente 01017,Educacion,Bogota,Centro,Cundinamarca,No informado,36-45,2019-07-02,Activo
C01018,Cliente 01018,Educacion,Barranquilla,Caribe,Atlantico,No informado,56+,2024-05-02,Activo
C01019,Cliente 01019,Gobierno,Pereira,Eje Cafetero,Risaralda,M,56+,2020-01-14,Activo
C01020,Cliente 01020,Hogar,Ibague,Centro,Tolima,F,56+,2022-11-24,Activo
C01021,Cliente 01021,Corporativo,Cartagena,Caribe,Bolivar,M,56+,2021-11-03,Activo
C01022,Cliente 01022,Pyme,Cali,Occidente,Valle del Cauca,M,18-25,2024-05-07,Activo
C01023,Cliente 01023,Pyme,Santa Marta,Caribe,Magdalena,M,26-35,2020-06-25,Activo
C01024,Cliente 01024,Gobierno,Villavicencio,Llanos,Meta,M,18-25,2023-12-29,Activo
C01025,Cliente 01025,Educacion,Pereira,Eje Cafetero,Risaralda,No informado,18-25,2022-05-29,Activo
C01026,Cliente 01026,Hogar,Medellin,Antioquia,Antioquia,M,18-25,2022-08-10,Activo
C01027,Cliente 01027,Pyme,Santa Marta,Caribe,Magdalena,M,18-25,2019-08-28,Inactivo
C01028,Cliente 01028,Educacion,Medellin,Antioquia,Antioquia,F,26-35,2023-02-13,Activo
C01029,Cliente 01029,Gobierno,Manizales,Eje Cafetero,Caldas,No informado,18-25,2019-09-21,Activo
C01030,Cliente 01030,Hogar,Bogota,Centro,Cundinamarca,F,56+,2022-01-27,Activo
C01031,Cliente 01031,Corporativo,Cali,Occidente,Valle del Cauca,No informado,56+,2020-03-20,Activo
C01032,Cliente 01032,Hogar,Ibague,Centro,Tolima,No informado,46-55,2025-09-10,Activo
C01033,Cliente 01033,Corporativo,Bucaramanga,Oriente,Santander,F,46-55,2019-02-11,Activo
C01034,Cliente 01034,Pyme,Cali,Occidente,Valle del Cauca,F,26-35,2025-11-14,Activo
C01035,Cliente 01035,Gobierno,Cartagena,Caribe,Bolivar,No informado,46-55,2023-02-17,Activo
C01036,Cliente 01036,Gobierno,Ibague,Centro,Tolima,F,46-55,2022-07-10,Activo
C01037,Cliente 01037,Hogar,Cali,Occidente,Valle del Cauca,No informado,46-55,2019-06-02,Activo
C01038,Cliente 01038,Corporativo,Cartagena,Caribe,Bolivar,F,56+,2022-10-10,Activo
C01039,Cliente 01039,Educacion,Barranquilla,Caribe,Atlantico,No informado,26-35,2020-04-01,Activo
C01040,Cliente 01040,Educacion,Barranquilla,Caribe,Atlantico,No informado,36-45,2022-02-01,Activo
C01041,Cliente 01041,Educacion,Medellin,Antioquia,Antioquia,F,26-35,2020-12-11,Activo
C01042,Cliente 01042,Pyme,Bogota,Centro,Cundinamarca,M,26-35,2020-03-16,Activo
C01043,Cliente 01043,Pyme,Bucaramanga,Oriente,Santander,F,18-25,2024-07-06,Activo
C01044,Cliente 01044,Corporativo,Bucaramanga,Oriente,Santander,No informado,18-25,2020-11-24,Activo
C01045,Cliente 01045,Educacion,Cartagena,Caribe,Bolivar,F,26-35,2022-10-21,Activo
C01046,Cliente 01046,Educacion,Villavicencio,Llanos,Meta,M,26-35,2019-12-13,Activo
C01047,Cliente 01047,Corporativo,Villavicencio,Llanos,Meta,M,46-55,2019-05-27,Activo
C01048,Cliente 01048,Gobierno,Cartagena,Caribe,Bolivar,No informado,36-45,2025-08-13,Activo
C01049,Cliente 01049,Educacion,Ibague,Centro,Tolima,No informado,36-45,2019-03-31,Activo
C01050,Cliente 01050,Hogar,Cali,Occidente,Valle del Cauca,F,18-25,2022-10-23,Activo
C01051,Cliente 01051,Corporativo,Cartagena,Caribe,Bolivar,No informado,18-25,2024-11-17,Activo
C01052,Cliente 01052,Pyme,Pasto,Sur,Narino,M,56+,2022-12-01,Activo
C01053,Cliente 01053,Gobierno,Bogota,Centro,Cundinamarca,No informado,56+,2023-02-07,Activo
C01054,Cliente 01054,Pyme,Bogota,Centro,Cundinamarca,No informado,18-25,2023-11-14,Activo
C01055,Cliente 01055,Corporativo,Pasto,Sur,Narino,F,18-25,2023-04-02,Activo
C01056,Cliente 01056,Educacion,Bogota,Centro,Cundinamarca,M,36-45,2022-03-07,Activo
C01057,Cliente 01057,Educacion,Santa Marta,Caribe,Magdalena,No informado,26-35,2023-12-30,Activo
C01058,Cliente 01058,Gobierno,Santa Marta,Caribe,Magdalena,F,26-35,2023-07-05,Inactivo
C01059,Cliente 01059,Educacion,Bogota,Centro,Cundinamarca,M,36-45,2024-12-27,Activo
C01060,Cliente 01060,Pyme,Santa Marta,Caribe,Magdalena,No informado,26-35,2022-01-22,Activo
C01061,Cliente 01061,Educacion,Pereira,Eje Cafetero,Risaralda,No informado,46-55,2025-01-20,Activo
C01062,Cliente 01062,Pyme,Pasto,Sur,Narino,F,56+,2020-05-13,Activo
C01063,Cliente 01063,Corporativo,Bucaramanga,Oriente,Santander,F,46-55,2025-11-13,Inactivo
C01064,Cliente 01064,Hogar,Pasto,Sur,Narino,No informado,36-45,2024-08-02,Activo
C01065,Cliente 01065,Hogar,Pasto,Sur,Narino,No informado,36-45,2024-09-03,Activo
C01066,Cliente 01066,Hogar,Pereira,Eje Cafetero,Risaralda,No informado,26-35,2024-09-22,Activo
C01067,Cliente 01067,Hogar,Bogota,Centro,Cundinamarca,M,56+,2024-05-24,Inactivo
C01068,Cliente 01068,Educacion,Manizales,Eje Cafetero,Caldas,No informado,56+,2023-05-12,Inactivo
C01069,Cliente 01069,Pyme,Villavicencio,Llanos,Meta,F,56+,2022-12-02,Activo
C01070,Cliente 01070,Pyme,Bucaramanga,Oriente,Santander,No informado,46-55,2022-12-12,Activo
C01071,Cliente 01071,Pyme,Barranquilla,Caribe,Atlantico,No informado,18-25,2020-03-24,Activo
C01072,Cliente 01072,Corporativo,Ibague,Centro,Tolima,No informado,36-45,2019-07-28,Activo
C01073,Cliente 01073,Educacion,Santa Marta,Caribe,Magdalena,M,26-35,2022-09-18,Activo
C01074,Cliente 01074,Pyme,Pereira,Eje Cafetero,Risaralda,F,56+,2019-09-18,Activo
C01075,Cliente 01075,Educacion,Manizales,Eje Cafetero,Caldas,M,18-25,2022-05-08,Activo
C01076,Cliente 01076,Pyme,Cali,Occidente,Valle del Cauca,F,36-45,2023-09-20,Activo
C01077,Cliente 01077,Corporativo,Santa Marta,Caribe,Magdalena,F,26-35,2025-08-23,Activo
C01078,Cliente 01078,Gobierno,Cartagena,Caribe,Bolivar,No informado,18-25,2022-06-18,Activo
C01079,Cliente 01079,Corporativo,Santa Marta,Caribe,Magdalena,F,18-25,2019-11-16,Activo
C01080,Cliente 01080,Corporativo,Medellin,Antioquia,Antioquia,No informado,26-35,2023-01-19,Activo
C01081,Cliente 01081,Pyme,Villavicencio,Llanos,Meta,F,36-45,2019-04-19,Activo
C01082,Cliente 01082,Educacion,Barranquilla,Caribe,Atlantico,M,46-55,2019-12-29,Activo
C01083,Cliente 01083,Pyme,Santa Marta,Caribe,Magdalena,M,46-55,2019-02-12,Activo
C01084,Cliente 01084,Hogar,Cartagena,Caribe,Bolivar,M,36-45,2020-05-29,Activo
C01085,Cliente 01085,Pyme,Medellin,Antioquia,Antioquia,No informado,26-35,2025-05-03,Activo
C01086,Cliente 01086,Gobierno,Medellin,Antioquia,Antioquia,M,36-45,2022-10-30,Activo
C01087,Cliente 01087,Hogar,Santa Marta,Caribe,Magdalena,F,18-25,2020-04-10,Activo
C01088,Cliente 01088,Corporativo,Cali,Occidente,Valle del Cauca,No informado,56+,2019-03-27,Activo
C01089,Cliente 01089,Educacion,Cartagena,Caribe,Bolivar,No informado,26-35,2020-05-26,Activo
C01090,Cliente 01090,Gobierno,Villavicencio,Llanos,Meta,M,26-35,2024-04-07,Activo
C01091,Cliente 01091,Educacion,Villavicencio,Llanos,Meta,F,56+,2020-06-13,Activo
C01092,Cliente 01092,Educacion,Barranquilla,Caribe,Atlantico,F,36-45,2019-03-15,Activo
C01093,Cliente 01093,Gobierno,Pereira,Eje Cafetero,Risaralda,F,18-25,2025-03-25,Activo
C01094,Cliente 01094,Pyme,Bogota,Centro,Cundinamarca,No informado,18-25,2024-12-28,Activo
C01095,Cliente 01095,Hogar,Cartagena,Caribe,Bolivar,No informado,18-25,2021-10-19,Activo
C01096,Cliente 01096,Gobierno,Pereira,Eje Cafetero,Risaralda,M,46-55,2020-09-15,Activo
C01097,Cliente 01097,Hogar,Medellin,Antioquia,Antioquia,No informado,36-45,2022-01-04,Activo
C01098,Cliente 01098,Corporativo,Cartagena,Caribe,Bolivar,No informado,26-35,2024-03-24,Activo
C01099,Cliente 01099,Pyme,Cartagena,Caribe,Bolivar,M,26-35,2020-11-22,Activo
C01100,Cliente 01100,Educacion,Pasto,Sur,Narino,F,26-35,2025-04-04,Activo
C01101,Cliente 01101,Corporativo,Villavicencio,Llanos,Meta,No informado,36-45,2021-04-12,Activo
C01102,Cliente 01102,Educacion,Santa Marta,Caribe,Magdalena,M,26-35,2023-03-31,Activo
C01103,Cliente 01103,Gobierno,Manizales,Eje Cafetero,Caldas,M,26-35,2021-10-02,Activo
C01104,Cliente 01104,Hogar,Manizales,Eje Cafetero,Caldas,F,36-45,2022-12-11,Activo
C01105,Cliente 01105,Corporativo,Cali,Occidente,Valle del Cauca,F,18-25,2025-10-23,Activo
C01106,Cliente 01106,Gobierno,Barranquilla,Caribe,Atlantico,F,18-25,2019-08-20,Activo
C01107,Cliente 01107,Pyme,Bogota,Centro,Cundinamarca,F,46-55,2020-08-20,Activo
C01108,Cliente 01108,Corporativo,Villavicencio,Llanos,Meta,M,26-35,2021-03-25,Activo
C01109,Cliente 01109,Pyme,Bucaramanga,Oriente,Santander,M,26-35,2019-11-06,Activo
C01110,Cliente 01110,Educacion,Pereira,Eje Cafetero,Risaralda,F,56+,2020-05-19,Activo
C01111,Cliente 01111,Educacion,Cartagena,Caribe,Bolivar,No informado,36-45,2019-12-19,Activo
C01112,Cliente 01112,Hogar,Ibague,Centro,Tolima,M,46-55,2024-07-10,Activo
C01113,Cliente 01113,Hogar,Pasto,Sur,Narino,M,46-55,2024-04-12,Activo
C01114,Cliente 01114,Educacion,Ibague,Centro,Tolima,No informado,46-55,2024-12-28,Activo
C01115,Cliente 01115,Corporativo,Ibague,Centro,Tolima,F,18-25,2023-06-09,Activo
C01116,Cliente 01116,Corporativo,Pasto,Sur,Narino,F,56+,2023-11-09,Activo
C01117,Cliente 01117,Educacion,Cartagena,Caribe,Bolivar,F,26-35,2022-07-12,Activo
C01118,Cliente 01118,Hogar,Cartagena,Caribe,Bolivar,M,18-25,2024-12-17,Activo
C01119,Cliente 01119,Gobierno,Barranquilla,Caribe,Atlantico,No informado,46-55,2020-11-19,Activo
C01120,Cliente 01120,Hogar,Pereira,Eje Cafetero,Risaralda,M,26-35,2025-03-13,Activo
C01121,Cliente 01121,Corporativo,Pasto,Sur,Narino,M,36-45,2025-10-06,Activo
C01122,Cliente 01122,Hogar,Bucaramanga,Oriente,Santander,M,36-45,2024-12-26,Activo
C01123,Cliente 01123,Hogar,Bogota,Centro,Cundinamarca,F,18-25,2023-06-24,Activo
C01124,Cliente 01124,Educacion,Bucaramanga,Oriente,Santander,F,18-25,2021-05-13,Activo
C01125,Cliente 01125,Hogar,Cartagena,Caribe,Bolivar,No informado,36-45,2019-05-28,Activo
C01126,Cliente 01126,Corporativo,Medellin,Antioquia,Antioquia,F,18-25,2020-12-28,Activo
C01127,Cliente 01127,Educacion,Medellin,Antioquia,Antioquia,F,18-25,2020-06-21,Activo
C01128,Cliente 01128,Hogar,Barranquilla,Caribe,Atlantico,F,56+,2023-11-19,Activo
C01129,Cliente 01129,Corporativo,Cali,Occidente,Valle del Cauca,No informado,36-45,2025-01-08,Inactivo
C01130,Cliente 01130,Corporativo,Manizales,Eje Cafetero,Caldas,No informado,36-45,2021-01-26,Activo
C01131,Cliente 01131,Pyme,Santa Marta,Caribe,Magdalena,M,56+,2024-10-16,Activo
C01132,Cliente 01132,Gobierno,Cartagena,Caribe,Bolivar,No informado,18-25,2021-10-13,Activo
C01133,Cliente 01133,Gobierno,Medellin,Antioquia,Antioquia,F,36-45,2024-12-02,Activo
C01134,Cliente 01134,Corporativo,Cali,Occidente,Valle del Cauca,No informado,36-45,2021-07-28,Activo
C01135,Cliente 01135,Hogar,Manizales,Eje Cafetero,Caldas,M,36-45,2020-12-19,Activo
C01136,Cliente 01136,Pyme,Ibague,Centro,Tolima,F,18-25,2020-02-17,Activo
C01137,Cliente 01137,Hogar,Manizales,Eje Cafetero,Caldas,F,36-45,2021-04-23,Activo
C01138,Cliente 01138,Hogar,Bucaramanga,Oriente,Santander,No informado,26-35,2020-12-09,Activo
C01139,Cliente 01139,Pyme,Bucaramanga,Oriente,Santander,M,56+,2021-04-14,Activo
C01140,Cliente 01140,Gobierno,Ibague,Centro,Tolima,M,18-25,2022-01-31,Inactivo
C01141,Cliente 01141,Pyme,Santa Marta,Caribe,Magdalena,M,26-35,2024-03-01,Activo
C01142,Cliente 01142,Gobierno,Barranquilla,Caribe,Atlantico,M,46-55,2022-05-13,Activo
C01143,Cliente 01143,Hogar,Cali,Occidente,Valle del Cauca,No informado,18-25,2024-05-18,Activo
C01144,Cliente 01144,Educacion,Cali,Occidente,Valle del Cauca,M,18-25,2021-10-28,Activo
C01145,Cliente 01145,Educacion,Villavicencio,Llanos,Meta,No informado,46-55,2021-02-26,Activo
C01146,Cliente 01146,Pyme,Pereira,Eje Cafetero,Risaralda,M,46-55,2025-05-09,Activo
C01147,Cliente 01147,Gobierno,Pereira,Eje Cafetero,Risaralda,M,56+,2022-01-15,Activo
C01148,Cliente 01148,Educacion,Bucaramanga,Oriente,Santander,No informado,36-45,2021-06-27,Activo
C01149,Cliente 01149,Pyme,Cali,Occidente,Valle del Cauca,No informado,18-25,2025-02-12,Activo
C01150,Cliente 01150,Hogar,Pasto,Sur,Narino,No informado,46-55,2019-08-22,Activo
C01151,Cliente 01151,Educacion,Cartagena,Caribe,Bolivar,No informado,46-55,2024-02-14,Activo
C01152,Cliente 01152,Pyme,Medellin,Antioquia,Antioquia,No informado,18-25,2025-09-18,Activo
C01153,Cliente 01153,Corporativo,Bogota,Centro,Cundinamarca,F,18-25,2021-03-27,Activo
C01154,Cliente 01154,Corporativo,Pasto,Sur,Narino,M,46-55,2021-03-02,Inactivo
C01155,Cliente 01155,Educacion,Cali,Occidente,Valle del Cauca,M,36-45,2021-01-23,Activo
C01156,Cliente 01156,Gobierno,Pereira,Eje Cafetero,Risaralda,M,46-55,2025-03-22,Activo
C01157,Cliente 01157,Hogar,Cartagena,Caribe,Bolivar,No informado,56+,2021-11-22,Activo
C01158,Cliente 01158,Pyme,Villavicencio,Llanos,Meta,M,36-45,2026-02-01,Activo
C01159,Cliente 01159,Educacion,Santa Marta,Caribe,Magdalena,M,46-55,2024-08-19,Inactivo
C01160,Cliente 01160,Educacion,Cali,Occidente,Valle del Cauca,M,18-25,2024-08-24,Activo
C01161,Cliente 01161,Pyme,Barranquilla,Caribe,Atlantico,F,26-35,2024-06-17,Activo
C01162,Cliente 01162,Gobierno,Cali,Occidente,Valle del Cauca,No informado,36-45,2022-08-13,Activo
C01163,Cliente 01163,Corporativo,Cartagena,Caribe,Bolivar,M,18-25,2024-06-13,Activo
C01164,Cliente 01164,Hogar,Barranquilla,Caribe,Atlantico,F,46-55,2025-07-22,Activo
C01165,Cliente 01165,Pyme,Bucaramanga,Oriente,Santander,F,26-35,2022-10-05,Activo
C01166,Cliente 01166,Hogar,Barranquilla,Caribe,Atlantico,No informado,18-25,2023-10-25,Activo
C01167,Cliente 01167,Educacion,Santa Marta,Caribe,Magdalena,No informado,46-55,2020-12-26,Activo
C01168,Cliente 01168,Hogar,Pereira,Eje Cafetero,Risaralda,M,36-45,2020-10-12,Activo
C01169,Cliente 01169,Pyme,Bucaramanga,Oriente,Santander,M,46-55,2020-04-27,Activo
C01170,Cliente 01170,Corporativo,Manizales,Eje Cafetero,Caldas,M,46-55,2019-08-23,Activo
C01171,Cliente 01171,Hogar,Barranquilla,Caribe,Atlantico,M,26-35,2022-07-08,Activo
C01172,Cliente 01172,Hogar,Bogota,Centro,Cundinamarca,M,18-25,2024-11-26,Activo
C01173,Cliente 01173,Gobierno,Medellin,Antioquia,Antioquia,M,46-55,2020-10-23,Activo
C01174,Cliente 01174,Hogar,Cali,Occidente,Valle del Cauca,F,36-45,2019-04-30,Inactivo
C01175,Cliente 01175,Pyme,Medellin,Antioquia,Antioquia,No informado,56+,2024-02-15,Activo
C01176,Cliente 01176,Gobierno,Santa Marta,Caribe,Magdalena,F,46-55,2025-05-25,Activo
C01177,Cliente 01177,Hogar,Cali,Occidente,Valle del Cauca,M,46-55,2022-02-12,Activo
C01178,Cliente 01178,Corporativo,Pasto,Sur,Narino,M,56+,2024-04-07,Activo
C01179,Cliente 01179,Educacion,Pereira,Eje Cafetero,Risaralda,F,18-25,2019-07-07,Activo
C01180,Cliente 01180,Pyme,Cali,Occidente,Valle del Cauca,F,18-25,2019-06-19,Activo
C01181,Cliente 01181,Pyme,Bucaramanga,Oriente,Santander,No informado,26-35,2024-11-17,Activo
C01182,Cliente 01182,Gobierno,Villavicencio,Llanos,Meta,M,18-25,2022-03-12,Activo
C01183,Cliente 01183,Pyme,Manizales,Eje Cafetero,Caldas,M,26-35,2023-04-14,Activo
C01184,Cliente 01184,Corporativo,Manizales,Eje Cafetero,Caldas,No informado,46-55,2025-12-24,Activo
C01185,Cliente 01185,Gobierno,Pereira,Eje Cafetero,Risaralda,F,36-45,2023-04-09,Activo
C01186,Cliente 01186,Educacion,Manizales,Eje Cafetero,Caldas,No informado,36-45,2024-07-14,Activo
C01187,Cliente 01187,Educacion,Manizales,Eje Cafetero,Caldas,F,26-35,2022-08-15,Activo
C01188,Cliente 01188,Gobierno,Bucaramanga,Oriente,Santander,M,36-45,2024-10-08,Inactivo
C01189,Cliente 01189,Educacion,Cali,Occidente,Valle del Cauca,M,46-55,2023-08-29,Activo
C01190,Cliente 01190,Pyme,Pereira,Eje Cafetero,Risaralda,F,46-55,2023-01-11,Activo
C01191,Cliente 01191,Hogar,Medellin,Antioquia,Antioquia,No informado,36-45,2024-10-31,Activo
C01192,Cliente 01192,Gobierno,Bogota,Centro,Cundinamarca,No informado,56+,2024-08-22,Activo
C01193,Cliente 01193,Gobierno,Villavicencio,Llanos,Meta,M,26-35,2023-08-06,Activo
C01194,Cliente 01194,Educacion,Bogota,Centro,Cundinamarca,F,18-25,2024-07-02,Activo
C01195,Cliente 01195,Educacion,Pereira,Eje Cafetero,Risaralda,No informado,46-55,2025-01-17,Activo
C01196,Cliente 01196,Pyme,Cali,Occidente,Valle del Cauca,No informado,26-35,2020-06-09,Activo
C01197,Cliente 01197,Educacion,Manizales,Eje Cafetero,Caldas,M,56+,2025-07-30,Activo
C01198,Cliente 01198,Educacion,Ibague,Centro,Tolima,M,18-25,2024-04-17,Activo
C01199,Cliente 01199,Pyme,Bogota,Centro,Cundinamarca,M,26-35,2023-10-23,Activo
C01200,Cliente 01200,Hogar,Pereira,Eje Cafetero,Risaralda,No informado,36-45,2021-09-25,Activo
C01201,Cliente 01201,Educacion,Cali,Occidente,Valle del Cauca,F,18-25,2024-12-28,Activo
C01202,Cliente 01202,Hogar,Pasto,Sur,Narino,No informado,36-45,2023-07-19,Activo
C01203,Cliente 01203,Educacion,Cartagena,Caribe,Bolivar,F,56+,2024-01-26,Activo
C01204,Cliente 01204,Gobierno,Bogota,Centro,Cundinamarca,M,56+,2024-12-31,Activo
C01205,Cliente 01205,Gobierno,Pasto,Sur,Narino,M,46-55,2020-03-01,Activo
C01206,Cliente 01206,Corporativo,Cali,Occidente,Valle del Cauca,M,26-35,2021-09-16,Activo
C01207,Cliente 01207,Gobierno,Bogota,Centro,Cundinamarca,No informado,18-25,2024-10-24,Activo
C01208,Cliente 01208,Gobierno,Santa Marta,Caribe,Magdalena,M,46-55,2025-03-13,Activo
C01209,Cliente 01209,Hogar,Santa Marta,Caribe,Magdalena,No informado,56+,2024-04-26,Activo
C01210,Cliente 01210,Educacion,Bogota,Centro,Cundinamarca,No informado,56+,2022-05-15,Activo
C01211,Cliente 01211,Hogar,Cali,Occidente,Valle del Cauca,M,36-45,2024-10-17,Activo
C01212,Cliente 01212,Pyme,Pereira,Eje Cafetero,Risaralda,No informado,18-25,2019-07-05,Activo
C01213,Cliente 01213,Corporativo,Ibague,Centro,Tolima,No informado,26-35,2019-06-11,Activo
C01214,Cliente 01214,Corporativo,Bucaramanga,Oriente,Santander,No informado,26-35,2021-03-13,Activo
C01215,Cliente 01215,Gobierno,Bucaramanga,Oriente,Santander,No informado,26-35,2019-10-29,Activo
C01216,Cliente 01216,Corporativo,Cali,Occidente,Valle del Cauca,M,26-35,2021-11-27,Activo
C01217,Cliente 01217,Pyme,Pasto,Sur,Narino,M,46-55,2024-05-31,Activo
C01218,Cliente 01218,Educacion,Medellin,Antioquia,Antioquia,M,46-55,2019-10-15,Activo
C01219,Cliente 01219,Corporativo,Cali,Occidente,Valle del Cauca,M,36-45,2023-05-20,Activo
C01220,Cliente 01220,Pyme,Medellin,Antioquia,Antioquia,M,26-35,2025-10-12,Activo
C01221,Cliente 01221,Hogar,Barranquilla,Caribe,Atlantico,No informado,26-35,2025-06-27,Activo
C01222,Cliente 01222,Hogar,Santa Marta,Caribe,Magdalena,No informado,18-25,2022-10-15,Activo
C01223,Cliente 01223,Hogar,Barranquilla,Caribe,Atlantico,F,46-55,2020-12-01,Activo
C01224,Cliente 01224,Hogar,Bogota,Centro,Cundinamarca,M,26-35,2022-03-14,Activo
C01225,Cliente 01225,Hogar,Pereira,Eje Cafetero,Risaralda,No informado,26-35,2019-04-19,Activo
C01226,Cliente 01226,Hogar,Pereira,Eje Cafetero,Risaralda,No informado,18-25,2020-11-21,Activo
C01227,Cliente 01227,Corporativo,Cali,Occidente,Valle del Cauca,No informado,56+,2019-06-05,Activo
C01228,Cliente 01228,Corporativo,Villavicencio,Llanos,Meta,F,46-55,2023-12-13,Activo
C01229,Cliente 01229,Hogar,Bogota,Centro,Cundinamarca,F,36-45,2021-09-16,Activo
C01230,Cliente 01230,Educacion,Bucaramanga,Oriente,Santander,M,46-55,2024-12-23,Activo
C01231,Cliente 01231,Pyme,Medellin,Antioquia,Antioquia,No informado,56+,2020-12-15,Activo
C01232,Cliente 01232,Educacion,Cali,Occidente,Valle del Cauca,M,26-35,2025-09-18,Activo
C01233,Cliente 01233,Pyme,Pereira,Eje Cafetero,Risaralda,No informado,56+,2020-05-14,Activo
C01234,Cliente 01234,Gobierno,Villavicencio,Llanos,Meta,F,46-55,2020-07-13,Activo
C01235,Cliente 01235,Pyme,Ibague,Centro,Tolima,No informado,46-55,2021-05-15,Activo
C01236,Cliente 01236,Educacion,Barranquilla,Caribe,Atlantico,No informado,18-25,2024-04-14,Activo
C01237,Cliente 01237,Educacion,Barranquilla,Caribe,Atlantico,M,26-35,2022-09-16,Activo
C01238,Cliente 01238,Pyme,Barranquilla,Caribe,Atlantico,No informado,56+,2025-10-28,Inactivo
C01239,Cliente 01239,Corporativo,Pasto,Sur,Narino,F,56+,2019-01-10,Activo
C01240,Cliente 01240,Corporativo,Barranquilla,Caribe,Atlantico,F,26-35,2022-05-04,Activo
C01241,Cliente 01241,Hogar,Ibague,Centro,Tolima,No informado,18-25,2023-07-30,Activo
C01242,Cliente 01242,Pyme,Pasto,Sur,Narino,M,36-45,2022-03-22,Inactivo
C01243,Cliente 01243,Pyme,Bogota,Centro,Cundinamarca,M,26-35,2025-05-22,Activo
C01244,Cliente 01244,Educacion,Barranquilla,Caribe,Atlantico,F,46-55,2020-01-11,Activo
C01245,Cliente 01245,Pyme,Ibague,Centro,Tolima,No informado,56+,2023-07-11,Activo
C01246,Cliente 01246,Gobierno,Pereira,Eje Cafetero,Risaralda,F,46-55,2022-01-20,Activo
C01247,Cliente 01247,Hogar,Barranquilla,Caribe,Atlantico,M,56+,2023-10-30,Activo
C01248,Cliente 01248,Gobierno,Bucaramanga,Oriente,Santander,F,56+,2020-04-22,Activo
C01249,Cliente 01249,Hogar,Villavicencio,Llanos,Meta,F,36-45,2023-06-29,Activo
C01250,Cliente 01250,Educacion,Ibague,Centro,Tolima,F,46-55,2019-06-20,Inactivo
C01251,Cliente 01251,Gobierno,Ibague,Centro,Tolima,M,26-35,2024-10-16,Activo
C01252,Cliente 01252,Pyme,Barranquilla,Caribe,Atlantico,M,36-45,2020-12-26,Activo
C01253,Cliente 01253,Educacion,Villavicencio,Llanos,Meta,No informado,26-35,2022-01-27,Activo
C01254,Cliente 01254,Pyme,Pereira,Eje Cafetero,Risaralda,No informado,18-25,2021-10-20,Activo
C01255,Cliente 01255,Gobierno,Villavicencio,Llanos,Meta,No informado,46-55,2024-11-02,Activo
C01256,Cliente 01256,Gobierno,Ibague,Centro,Tolima,F,56+,2019-06-10,Activo
C01257,Cliente 01257,Corporativo,Cali,Occidente,Valle del Cauca,F,46-55,2024-03-27,Activo
C01258,Cliente 01258,Pyme,Ibague,Centro,Tolima,M,18-25,2022-06-10,Activo
C01259,Cliente 01259,Educacion,Cali,Occidente,Valle del Cauca,No informado,56+,2019-04-22,Activo
C01260,Cliente 01260,Corporativo,Pasto,Sur,Narino,M,36-45,2025-03-29,Activo
C01261,Cliente 01261,Educacion,Medellin,Antioquia,Antioquia,No informado,56+,2025-01-10,Activo
C01262,Cliente 01262,Corporativo,Bogota,Centro,Cundinamarca,No informado,46-55,2021-09-08,Activo
C01263,Cliente 01263,Corporativo,Cali,Occidente,Valle del Cauca,No informado,46-55,2022-09-17,Activo
C01264,Cliente 01264,Educacion,Ibague,Centro,Tolima,M,46-55,2020-09-08,Activo
C01265,Cliente 01265,Hogar,Bogota,Centro,Cundinamarca,M,36-45,2022-09-21,Inactivo
C01266,Cliente 01266,Pyme,Barranquilla,Caribe,Atlantico,M,46-55,2019-06-13,Activo
C01267,Cliente 01267,Corporativo,Pereira,Eje Cafetero,Risaralda,F,18-25,2019-12-16,Activo
C01268,Cliente 01268,Educacion,Santa Marta,Caribe,Magdalena,F,36-45,2022-09-02,Activo
C01269,Cliente 01269,Gobierno,Medellin,Antioquia,Antioquia,F,26-35,2022-06-18,Activo
C01270,Cliente 01270,Hogar,Santa Marta,Caribe,Magdalena,F,36-45,2023-12-11,Activo
C01271,Cliente 01271,Corporativo,Bogota,Centro,Cundinamarca,F,18-25,2021-07-08,Activo
C01272,Cliente 01272,Educacion,Cartagena,Caribe,Bolivar,M,26-35,2021-06-11,Activo
C01273,Cliente 01273,Gobierno,Bucaramanga,Oriente,Santander,F,56+,2023-10-07,Activo
C01274,Cliente 01274,Gobierno,Villavicencio,Llanos,Meta,No informado,36-45,2023-07-01,Activo
C01275,Cliente 01275,Gobierno,Cali,Occidente,Valle del Cauca,No informado,56+,2024-01-22,Activo
C01276,Cliente 01276,Hogar,Bogota,Centro,Cundinamarca,M,36-45,2020-09-04,Activo
C01277,Cliente 01277,Educacion,Bogota,Centro,Cundinamarca,F,56+,2025-08-27,Activo
C01278,Cliente 01278,Educacion,Barranquilla,Caribe,Atlantico,No informado,26-35,2025-09-08,Activo
C01279,Cliente 01279,Gobierno,Cartagena,Caribe,Bolivar,F,56+,2022-04-23,Activo
C01280,Cliente 01280,Pyme,Pasto,Sur,Narino,No informado,46-55,2025-05-31,Activo
C01281,Cliente 01281,Pyme,Manizales,Eje Cafetero,Caldas,F,46-55,2023-08-03,Activo
C01282,Cliente 01282,Hogar,Bogota,Centro,Cundinamarca,No informado,26-35,2025-01-31,Activo
C01283,Cliente 01283,Gobierno,Medellin,Antioquia,Antioquia,No informado,36-45,2026-01-21,Activo
C01284,Cliente 01284,Gobierno,Bucaramanga,Oriente,Santander,M,36-45,2026-01-28,Activo
C01285,Cliente 01285,Gobierno,Cali,Occidente,Valle del Cauca,F,26-35,2021-04-01,Activo
C01286,Cliente 01286,Hogar,Villavicencio,Llanos,Meta,M,18-25,2021-02-12,Activo
C01287,Cliente 01287,Hogar,Ibague,Centro,Tolima,No informado,26-35,2021-09-26,Inactivo
C01288,Cliente 01288,Educacion,Bogota,Centro,Cundinamarca,No informado,36-45,2022-08-07,Activo
C01289,Cliente 01289,Hogar,Villavicencio,Llanos,Meta,No informado,36-45,2022-03-17,Activo
C01290,Cliente 01290,Hogar,Medellin,Antioquia,Antioquia,F,46-55,2025-02-11,Activo
C01291,Cliente 01291,Pyme,Barranquilla,Caribe,Atlantico,No informado,46-55,2025-11-12,Activo
C01292,Cliente 01292,Pyme,Medellin,Antioquia,Antioquia,M,36-45,2019-04-27,Activo
C01293,Cliente 01293,Corporativo,Villavicencio,Llanos,Meta,No informado,26-35,2020-12-29,Activo
C01294,Cliente 01294,Pyme,Cartagena,Caribe,Bolivar,M,26-35,2021-09-20,Activo
C01295,Cliente 01295,Hogar,Bogota,Centro,Cundinamarca,M,36-45,2020-12-22,Activo
C01296,Cliente 01296,Educacion,Cali,Occidente,Valle del Cauca,F,36-45,2025-11-22,Activo
C01297,Cliente 01297,Educacion,Medellin,Antioquia,Antioquia,No informado,18-25,2020-04-12,Activo
C01298,Cliente 01298,Corporativo,Bogota,Centro,Cundinamarca,No informado,26-35,2020-12-31,Activo
C01299,Cliente 01299,Educacion,Pasto,Sur,Narino,M,18-25,2025-06-05,Activo
C01300,Cliente 01300,Gobierno,Bucaramanga,Oriente,Santander,M,18-25,2019-04-07,Activo
C01301,Cliente 01301,Pyme,Barranquilla,Caribe,Atlantico,F,26-35,2022-12-12,Activo
C01302,Cliente 01302,Pyme,Pasto,Sur,Narino,M,56+,2022-03-18,Activo
C01303,Cliente 01303,Pyme,Manizales,Eje Cafetero,Caldas,No informado,36-45,2021-11-22,Activo
C01304,Cliente 01304,Gobierno,Villavicencio,Llanos,Meta,M,36-45,2023-08-17,Activo
C01305,Cliente 01305,Hogar,Cartagena,Caribe,Bolivar,F,46-55,2022-07-05,Activo
C01306,Cliente 01306,Corporativo,Santa Marta,Caribe,Magdalena,No informado,36-45,2020-09-14,Activo
C01307,Cliente 01307,Hogar,Villavicencio,Llanos,Meta,No informado,36-45,2020-06-07,Activo
C01308,Cliente 01308,Pyme,Pasto,Sur,Narino,No informado,46-55,2021-10-09,Inactivo
C01309,Cliente 01309,Educacion,Barranquilla,Caribe,Atlantico,M,56+,2020-07-01,Activo
C01310,Cliente 01310,Gobierno,Ibague,Centro,Tolima,F,46-55,2023-08-30,Activo
C01311,Cliente 01311,Educacion,Cali,Occidente,Valle del Cauca,F,46-55,2026-01-09,Activo
C01312,Cliente 01312,Hogar,Villavicencio,Llanos,Meta,F,56+,2022-05-14,Activo
C01313,Cliente 01313,Corporativo,Medellin,Antioquia,Antioquia,No informado,26-35,2020-12-19,Activo
C01314,Cliente 01314,Gobierno,Manizales,Eje Cafetero,Caldas,M,56+,2021-02-22,Activo
C01315,Cliente 01315,Corporativo,Manizales,Eje Cafetero,Caldas,F,56+,2019-02-19,Activo
C01316,Cliente 01316,Pyme,Ibague,Centro,Tolima,F,36-45,2024-06-29,Activo
C01317,Cliente 01317,Hogar,Santa Marta,Caribe,Magdalena,M,46-55,2019-02-20,Activo
C01318,Cliente 01318,Educacion,Santa Marta,Caribe,Magdalena,M,26-35,2020-03-31,Activo
C01319,Cliente 01319,Educacion,Cali,Occidente,Valle del Cauca,M,18-25,2024-06-05,Activo
C01320,Cliente 01320,Hogar,Santa Marta,Caribe,Magdalena,F,56+,2023-01-15,Activo
C01321,Cliente 01321,Corporativo,Ibague,Centro,Tolima,No informado,56+,2021-03-25,Activo
C01322,Cliente 01322,Corporativo,Pasto,Sur,Narino,F,18-25,2020-02-18,Activo
C01323,Cliente 01323,Hogar,Pereira,Eje Cafetero,Risaralda,No informado,36-45,2019-04-25,Activo
C01324,Cliente 01324,Educacion,Cartagena,Caribe,Bolivar,F,26-35,2021-03-07,Inactivo
C01325,Cliente 01325,Pyme,Cali,Occidente,Valle del Cauca,F,26-35,2019-06-08,Activo
C01326,Cliente 01326,Pyme,Ibague,Centro,Tolima,F,18-25,2025-11-16,Activo
C01327,Cliente 01327,Hogar,Cartagena,Caribe,Bolivar,F,36-45,2024-06-04,Activo
C01328,Cliente 01328,Gobierno,Barranquilla,Caribe,Atlantico,M,56+,2023-02-22,Activo
C01329,Cliente 01329,Pyme,Pereira,Eje Cafetero,Risaralda,M,46-55,2019-12-18,Activo
C01330,Cliente 01330,Pyme,Cartagena,Caribe,Bolivar,F,56+,2023-02-21,Activo
C01331,Cliente 01331,Educacion,Ibague,Centro,Tolima,No informado,46-55,2026-01-03,Activo
C01332,Cliente 01332,Gobierno,Villavicencio,Llanos,Meta,M,36-45,2024-04-30,Activo
C01333,Cliente 01333,Gobierno,Pereira,Eje Cafetero,Risaralda,No informado,46-55,2022-08-04,Activo
C01334,Cliente 01334,Gobierno,Cartagena,Caribe,Bolivar,F,36-45,2020-05-18,Activo
C01335,Cliente 01335,Pyme,Villavicencio,Llanos,Meta,F,46-55,2019-08-31,Activo
C01336,Cliente 01336,Corporativo,Santa Marta,Caribe,Magdalena,M,56+,2026-02-10,Activo
C01337,Cliente 01337,Gobierno,Pasto,Sur,Narino,No informado,36-45,2023-01-31,Activo
C01338,Cliente 01338,Educacion,Medellin,Antioquia,Antioquia,F,26-35,2019-12-23,Activo
C01339,Cliente 01339,Corporativo,Santa Marta,Caribe,Magdalena,M,18-25,2019-04-02,Activo
C01340,Cliente 01340,Pyme,Ibague,Centro,Tolima,M,56+,2021-01-12,Activo
C01341,Cliente 01341,Corporativo,Pasto,Sur,Narino,F,18-25,2020-02-11,Activo
C01342,Cliente 01342,Pyme,Ibague,Centro,Tolima,M,36-45,2024-07-14,Activo
C01343,Cliente 01343,Educacion,Villavicencio,Llanos,Meta,F,18-25,2024-12-03,Activo
C01344,Cliente 01344,Educacion,Medellin,Antioquia,Antioquia,F,26-35,2021-09-17,Activo
C01345,Cliente 01345,Corporativo,Villavicencio,Llanos,Meta,M,26-35,2023-07-12,Activo
C01346,Cliente 01346,Gobierno,Pasto,Sur,Narino,M,26-35,2022-06-17,Activo
C01347,Cliente 01347,Corporativo,Santa Marta,Caribe,Magdalena,F,46-55,2019-01-27,Activo
C01348,Cliente 01348,Educacion,Villavicencio,Llanos,Meta,M,36-45,2022-09-24,Activo
C01349,Cliente 01349,Hogar,Bogota,Centro,Cundinamarca,F,18-25,2025-07-04,Activo
C01350,Cliente 01350,Educacion,Cartagena,Caribe,Bolivar,F,46-55,2025-01-18,Activo
C01351,Cliente 01351,Corporativo,Medellin,Antioquia,Antioquia,M,36-45,2020-08-08,Activo
C01352,Cliente 01352,Pyme,Cali,Occidente,Valle del Cauca,No informado,36-45,2025-08-28,Activo
C01353,Cliente 01353,Educacion,Bogota,Centro,Cundinamarca,F,26-35,2020-09-02,Activo
C01354,Cliente 01354,Gobierno,Cartagena,Caribe,Bolivar,M,26-35,2025-02-25,Activo
C01355,Cliente 01355,Educacion,Bucaramanga,Oriente,Santander,No informado,56+,2021-11-20,Activo
C01356,Cliente 01356,Educacion,Pasto,Sur,Narino,M,26-35,2019-12-15,Activo
C01357,Cliente 01357,Corporativo,Manizales,Eje Cafetero,Caldas,F,46-55,2021-04-22,Activo
C01358,Cliente 01358,Hogar,Ibague,Centro,Tolima,F,18-25,2020-03-07,Activo
C01359,Cliente 01359,Educacion,Bogota,Centro,Cundinamarca,M,46-55,2021-04-27,Activo
C01360,Cliente 01360,Corporativo,Pasto,Sur,Narino,M,26-35,2025-11-22,Inactivo
C01361,Cliente 01361,Educacion,Pasto,Sur,Narino,No informado,36-45,2022-12-25,Activo
C01362,Cliente 01362,Hogar,Villavicencio,Llanos,Meta,M,36-45,2025-02-15,Activo
C01363,Cliente 01363,Pyme,Pereira,Eje Cafetero,Risaralda,No informado,26-35,2025-09-26,Activo
C01364,Cliente 01364,Gobierno,Cali,Occidente,Valle del Cauca,M,46-55,2019-05-07,Activo
C01365,Cliente 01365,Hogar,Barranquilla,Caribe,Atlantico,F,46-55,2022-06-07,Activo
C01366,Cliente 01366,Educacion,Santa Marta,Caribe,Magdalena,No informado,56+,2021-05-31,Activo
C01367,Cliente 01367,Educacion,Pereira,Eje Cafetero,Risaralda,M,36-45,2020-12-03,Activo
C01368,Cliente 01368,Pyme,Villavicencio,Llanos,Meta,No informado,26-35,2019-10-12,Activo
C01369,Cliente 01369,Pyme,Manizales,Eje Cafetero,Caldas,M,36-45,2025-04-19,Activo
C01370,Cliente 01370,Pyme,Barranquilla,Caribe,Atlantico,F,56+,2025-03-04,Activo
C01371,Cliente 01371,Hogar,Ibague,Centro,Tolima,No informado,46-55,2020-03-21,Activo
C01372,Cliente 01372,Educacion,Ibague,Centro,Tolima,M,18-25,2020-02-14,Activo
C01373,Cliente 01373,Pyme,Villavicencio,Llanos,Meta,F,46-55,2025-03-31,Activo
C01374,Cliente 01374,Pyme,Santa Marta,Caribe,Magdalena,No informado,18-25,2020-12-21,Activo
C01375,Cliente 01375,Corporativo,Manizales,Eje Cafetero,Caldas,No informado,56+,2025-06-05,Activo
C01376,Cliente 01376,Pyme,Villavicencio,Llanos,Meta,F,36-45,2023-11-02,Activo
C01377,Cliente 01377,Gobierno,Villavicencio,Llanos,Meta,F,36-45,2019-01-26,Activo
C01378,Cliente 01378,Educacion,Bogota,Centro,Cundinamarca,No informado,46-55,2021-04-06,Activo
C01379,Cliente 01379,Hogar,Medellin,Antioquia,Antioquia,M,36-45,2020-01-31,Activo
C01380,Cliente 01380,Pyme,Barranquilla,Caribe,Atlantico,No informado,26-35,2021-08-11,Activo
C01381,Cliente 01381,Pyme,Barranquilla,Caribe,Atlantico,No informado,56+,2026-01-24,Activo
C01382,Cliente 01382,Corporativo,Cartagena,Caribe,Bolivar,M,56+,2025-07-07,Activo
C01383,Cliente 01383,Pyme,Pasto,Sur,Narino,F,36-45,2025-10-30,Activo
C01384,Cliente 01384,Hogar,Santa Marta,Caribe,Magdalena,No informado,56+,2025-11-28,Activo
C01385,Cliente 01385,Corporativo,Bogota,Centro,Cundinamarca,F,36-45,2020-06-29,Activo
C01386,Cliente 01386,Corporativo,Pasto,Sur,Narino,M,56+,2019-06-03,Activo
C01387,Cliente 01387,Gobierno,Manizales,Eje Cafetero,Caldas,M,26-35,2022-07-15,Activo
C01388,Cliente 01388,Corporativo,Pasto,Sur,Narino,M,36-45,2021-03-18,Activo
C01389,Cliente 01389,Gobierno,Barranquilla,Caribe,Atlantico,No informado,36-45,2022-09-15,Activo
C01390,Cliente 01390,Gobierno,Medellin,Antioquia,Antioquia,No informado,56+,2024-11-12,Activo
C01391,Cliente 01391,Pyme,Ibague,Centro,Tolima,No informado,26-35,2021-09-01,Activo
C01392,Cliente 01392,Pyme,Bogota,Centro,Cundinamarca,F,18-25,2024-11-11,Activo
C01393,Cliente 01393,Gobierno,Pereira,Eje Cafetero,Risaralda,M,18-25,2025-04-07,Activo
C01394,Cliente 01394,Gobierno,Santa Marta,Caribe,Magdalena,No informado,56+,2019-06-26,Activo
C01395,Cliente 01395,Pyme,Cali,Occidente,Valle del Cauca,M,26-35,2026-02-13,Activo
C01396,Cliente 01396,Educacion,Cali,Occidente,Valle del Cauca,M,18-25,2022-01-06,Activo
C01397,Cliente 01397,Hogar,Pereira,Eje Cafetero,Risaralda,F,26-35,2019-12-24,Activo
C01398,Cliente 01398,Gobierno,Santa Marta,Caribe,Magdalena,No informado,26-35,2024-05-16,Activo
C01399,Cliente 01399,Hogar,Medellin,Antioquia,Antioquia,M,18-25,2022-12-13,Activo
C01400,Cliente 01400,Pyme,Cartagena,Caribe,Bolivar,No informado,36-45,2020-05-14,Activo
C01401,Cliente 01401,Corporativo,Manizales,Eje Cafetero,Caldas,F,56+,2022-11-24,Activo
C01402,Cliente 01402,Pyme,Cali,Occidente,Valle del Cauca,No informado,56+,2021-10-08,Activo
C01403,Cliente 01403,Hogar,Cali,Occidente,Valle del Cauca,No informado,26-35,2023-11-10,Activo
C01404,Cliente 01404,Pyme,Villavicencio,Llanos,Meta,F,36-45,2021-04-06,Activo
C01405,Cliente 01405,Gobierno,Barranquilla,Caribe,Atlantico,No informado,46-55,2025-12-21,Activo
C01406,Cliente 01406,Gobierno,Cartagena,Caribe,Bolivar,F,56+,2025-06-06,Activo
C01407,Cliente 01407,Gobierno,Bucaramanga,Oriente,Santander,No informado,36-45,2024-07-31,Activo
C01408,Cliente 01408,Corporativo,Villavicencio,Llanos,Meta,F,18-25,2025-11-07,Activo
C01409,Cliente 01409,Educacion,Cali,Occidente,Valle del Cauca,No informado,36-45,2019-08-29,Activo
C01410,Cliente 01410,Gobierno,Medellin,Antioquia,Antioquia,F,56+,2020-07-25,Activo
C01411,Cliente 01411,Pyme,Villavicencio,Llanos,Meta,M,46-55,2022-12-26,Activo
C01412,Cliente 01412,Educacion,Santa Marta,Caribe,Magdalena,M,26-35,2019-08-29,Activo
C01413,Cliente 01413,Gobierno,Villavicencio,Llanos,Meta,M,36-45,2022-03-26,Activo
C01414,Cliente 01414,Hogar,Medellin,Antioquia,Antioquia,F,18-25,2019-05-17,Activo
C01415,Cliente 01415,Gobierno,Bogota,Centro,Cundinamarca,M,36-45,2020-04-02,Inactivo
C01416,Cliente 01416,Gobierno,Ibague,Centro,Tolima,M,56+,2021-01-28,Inactivo
C01417,Cliente 01417,Educacion,Santa Marta,Caribe,Magdalena,M,26-35,2025-06-28,Activo
C01418,Cliente 01418,Pyme,Manizales,Eje Cafetero,Caldas,F,18-25,2019-02-26,Activo
C01419,Cliente 01419,Hogar,Manizales,Eje Cafetero,Caldas,No informado,18-25,2024-05-14,Activo
C01420,Cliente 01420,Educacion,Medellin,Antioquia,Antioquia,No informado,26-35,2024-05-30,Activo
C01421,Cliente 01421,Pyme,Cali,Occidente,Valle del Cauca,F,18-25,2020-09-17,Activo
C01422,Cliente 01422,Pyme,Bucaramanga,Oriente,Santander,M,18-25,2021-08-05,Activo
C01423,Cliente 01423,Gobierno,Manizales,Eje Cafetero,Caldas,No informado,46-55,2023-08-08,Activo
C01424,Cliente 01424,Educacion,Bucaramanga,Oriente,Santander,F,46-55,2023-06-04,Activo
C01425,Cliente 01425,Pyme,Cartagena,Caribe,Bolivar,F,36-45,2022-09-01,Activo
C01426,Cliente 01426,Hogar,Medellin,Antioquia,Antioquia,No informado,56+,2021-04-26,Activo
C01427,Cliente 01427,Gobierno,Manizales,Eje Cafetero,Caldas,F,26-35,2022-04-29,Activo
C01428,Cliente 01428,Corporativo,Pasto,Sur,Narino,No informado,46-55,2021-04-05,Inactivo
C01429,Cliente 01429,Hogar,Cartagena,Caribe,Bolivar,F,18-25,2023-11-15,Activo
C01430,Cliente 01430,Pyme,Bogota,Centro,Cundinamarca,No informado,18-25,2024-09-22,Activo
C01431,Cliente 01431,Corporativo,Ibague,Centro,Tolima,M,36-45,2021-03-14,Activo
C01432,Cliente 01432,Pyme,Cartagena,Caribe,Bolivar,F,56+,2020-02-29,Activo
C01433,Cliente 01433,Gobierno,Pasto,Sur,Narino,M,56+,2025-11-19,Activo
C01434,Cliente 01434,Gobierno,Pasto,Sur,Narino,M,36-45,2020-07-22,Activo
C01435,Cliente 01435,Gobierno,Medellin,Antioquia,Antioquia,M,46-55,2022-04-14,Activo
C01436,Cliente 01436,Educacion,Pasto,Sur,Narino,M,56+,2026-01-28,Activo
C01437,Cliente 01437,Corporativo,Barranquilla,Caribe,Atlantico,F,46-55,2020-07-28,Activo
C01438,Cliente 01438,Educacion,Cali,Occidente,Valle del Cauca,F,46-55,2025-05-28,Activo
C01439,Cliente 01439,Pyme,Bucaramanga,Oriente,Santander,F,26-35,2025-03-10,Activo
C01440,Cliente 01440,Corporativo,Medellin,Antioquia,Antioquia,No informado,56+,2022-08-31,Activo
C01441,Cliente 01441,Gobierno,Pereira,Eje Cafetero,Risaralda,F,18-25,2024-11-21,Activo
C01442,Cliente 01442,Hogar,Medellin,Antioquia,Antioquia,No informado,36-45,2024-10-28,Activo
C01443,Cliente 01443,Hogar,Pasto,Sur,Narino,No informado,26-35,2023-09-02,Inactivo
C01444,Cliente 01444,Hogar,Pereira,Eje Cafetero,Risaralda,F,46-55,2019-04-16,Activo
C01445,Cliente 01445,Corporativo,Villavicencio,Llanos,Meta,M,36-45,2021-05-04,Activo
C01446,Cliente 01446,Corporativo,Ibague,Centro,Tolima,F,46-55,2020-09-22,Activo
C01447,Cliente 01447,Hogar,Ibague,Centro,Tolima,No informado,56+,2024-09-09,Activo
C01448,Cliente 01448,Gobierno,Barranquilla,Caribe,Atlantico,F,26-35,2025-11-29,Activo
C01449,Cliente 01449,Pyme,Bogota,Centro,Cundinamarca,M,36-45,2022-09-13,Activo
C01450,Cliente 01450,Gobierno,Cali,Occidente,Valle del Cauca,M,46-55,2024-12-03,Activo
C01451,Cliente 01451,Pyme,Santa Marta,Caribe,Magdalena,F,36-45,2025-05-08,Activo
C01452,Cliente 01452,Hogar,Bogota,Centro,Cundinamarca,M,36-45,2025-08-10,Activo
C01453,Cliente 01453,Pyme,Pereira,Eje Cafetero,Risaralda,M,36-45,2019-07-12,Activo
C01454,Cliente 01454,Hogar,Bogota,Centro,Cundinamarca,No informado,36-45,2019-05-17,Activo
C01455,Cliente 01455,Educacion,Bucaramanga,Oriente,Santander,No informado,26-35,2023-01-28,Activo
C01456,Cliente 01456,Gobierno,Cali,Occidente,Valle del Cauca,F,56+,2023-02-17,Activo
C01457,Cliente 01457,Educacion,Santa Marta,Caribe,Magdalena,M,36-45,2019-10-23,Activo
C01458,Cliente 01458,Educacion,Pasto,Sur,Narino,No informado,56+,2020-09-12,Activo
C01459,Cliente 01459,Hogar,Bucaramanga,Oriente,Santander,M,56+,2022-07-12,Activo
C01460,Cliente 01460,Gobierno,Cartagena,Caribe,Bolivar,No informado,26-35,2023-10-03,Activo
C01461,Cliente 01461,Hogar,Ibague,Centro,Tolima,No informado,26-35,2023-04-03,Activo
C01462,Cliente 01462,Educacion,Pasto,Sur,Narino,M,36-45,2025-06-07,Inactivo
C01463,Cliente 01463,Corporativo,Pasto,Sur,Narino,F,26-35,2020-10-25,Activo
C01464,Cliente 01464,Corporativo,Bucaramanga,Oriente,Santander,M,46-55,2025-10-30,Activo
C01465,Cliente 01465,Educacion,Cali,Occidente,Valle del Cauca,M,46-55,2023-10-31,Inactivo
C01466,Cliente 01466,Gobierno,Pasto,Sur,Narino,F,46-55,2020-06-27,Activo
C01467,Cliente 01467,Gobierno,Bogota,Centro,Cundinamarca,F,56+,2019-09-03,Activo
C01468,Cliente 01468,Educacion,Medellin,Antioquia,Antioquia,No informado,18-25,2024-10-24,Activo
C01469,Cliente 01469,Hogar,Barranquilla,Caribe,Atlantico,M,18-25,2019-10-28,Activo
C01470,Cliente 01470,Educacion,Pasto,Sur,Narino,F,18-25,2024-11-22,Activo
C01471,Cliente 01471,Gobierno,Cali,Occidente,Valle del Cauca,No informado,56+,2019-05-21,Activo
C01472,Cliente 01472,Educacion,Medellin,Antioquia,Antioquia,M,26-35,2020-03-13,Activo
C01473,Cliente 01473,Pyme,Pasto,Sur,Narino,F,26-35,2022-04-13,Activo
C01474,Cliente 01474,Corporativo,Pereira,Eje Cafetero,Risaralda,M,56+,2024-06-30,Activo
C01475,Cliente 01475,Hogar,Bogota,Centro,Cundinamarca,No informado,26-35,2025-02-15,Activo
C01476,Cliente 01476,Educacion,Ibague,Centro,Tolima,F,18-25,2023-03-13,Activo
C01477,Cliente 01477,Educacion,Villavicencio,Llanos,Meta,No informado,18-25,2021-10-10,Activo
C01478,Cliente 01478,Gobierno,Ibague,Centro,Tolima,F,46-55,2021-06-19,Activo
C01479,Cliente 01479,Pyme,Medellin,Antioquia,Antioquia,No informado,36-45,2020-12-10,Activo
C01480,Cliente 01480,Hogar,Barranquilla,Caribe,Atlantico,No informado,46-55,2023-10-16,Activo
C01481,Cliente 01481,Hogar,Bucaramanga,Oriente,Santander,No informado,56+,2024-07-05,Activo
C01482,Cliente 01482,Pyme,Pasto,Sur,Narino,F,56+,2026-02-12,Activo
C01483,Cliente 01483,Corporativo,Barranquilla,Caribe,Atlantico,M,36-45,2024-04-25,Activo
C01484,Cliente 01484,Gobierno,Cali,Occidente,Valle del Cauca,F,36-45,2022-06-24,Activo
C01485,Cliente 01485,Educacion,Villavicencio,Llanos,Meta,No informado,56+,2019-05-21,Activo
C01486,Cliente 01486,Gobierno,Cali,Occidente,Valle del Cauca,F,36-45,2023-07-27,Activo
C01487,Cliente 01487,Pyme,Pereira,Eje Cafetero,Risaralda,M,46-55,2023-01-24,Activo
C01488,Cliente 01488,Gobierno,Medellin,Antioquia,Antioquia,M,56+,2020-01-15,Activo
C01489,Cliente 01489,Hogar,Villavicencio,Llanos,Meta,M,18-25,2025-03-31,Activo
C01490,Cliente 01490,Gobierno,Pasto,Sur,Narino,No informado,18-25,2020-05-10,Activo
C01491,Cliente 01491,Pyme,Ibague,Centro,Tolima,No informado,18-25,2019-01-19,Activo
C01492,Cliente 01492,Corporativo,Bucaramanga,Oriente,Santander,M,26-35,2019-07-21,Activo
C01493,Cliente 01493,Hogar,Manizales,Eje Cafetero,Caldas,No informado,56+,2021-06-07,Activo
C01494,Cliente 01494,Hogar,Pereira,Eje Cafetero,Risaralda,No informado,26-35,2022-10-28,Activo
C01495,Cliente 01495,Hogar,Bogota,Centro,Cundinamarca,F,36-45,2021-12-24,Activo
C01496,Cliente 01496,Pyme,Bucaramanga,Oriente,Santander,No informado,46-55,2019-07-01,Activo
C01497,Cliente 01497,Hogar,Villavicencio,Llanos,Meta,M,36-45,2020-10-05,Activo
C01498,Cliente 01498,Hogar,Pereira,Eje Cafetero,Risaralda,M,18-25,2019-07-05,Activo
C01499,Cliente 01499,Gobierno,Cali,Occidente,Valle del Cauca,M,36-45,2020-12-12,Activo
C01500,Cliente 01500,Pyme,Manizales,Eje Cafetero,Caldas,F,56+,2025-10-21,Inactivo
C01501,Cliente 01501,Educacion,Pereira,Eje Cafetero,Risaralda,F,26-35,2021-02-03,Activo
C01502,Cliente 01502,Gobierno,Manizales,Eje Cafetero,Caldas,No informado,46-55,2022-11-11,Activo
C01503,Cliente 01503,Hogar,Manizales,Eje Cafetero,Caldas,No informado,36-45,2023-05-17,Activo
C01504,Cliente 01504,Educacion,Barranquilla,Caribe,Atlantico,No informado,18-25,2020-10-11,Activo
C01505,Cliente 01505,Corporativo,Pereira,Eje Cafetero,Risaralda,No informado,26-35,2021-09-29,Activo
C01506,Cliente 01506,Corporativo,Barranquilla,Caribe,Atlantico,No informado,56+,2021-07-16,Activo
C01507,Cliente 01507,Corporativo,Bogota,Centro,Cundinamarca,M,36-45,2024-06-08,Activo
C01508,Cliente 01508,Hogar,Pereira,Eje Cafetero,Risaralda,No informado,26-35,2020-09-09,Activo
C01509,Cliente 01509,Corporativo,Medellin,Antioquia,Antioquia,F,36-45,2022-08-29,Activo
C01510,Cliente 01510,Pyme,Ibague,Centro,Tolima,No informado,18-25,2021-07-14,Inactivo
C01511,Cliente 01511,Educacion,Medellin,Antioquia,Antioquia,M,18-25,2019-09-24,Activo
C01512,Cliente 01512,Gobierno,Villavicencio,Llanos,Meta,F,56+,2023-08-31,Activo
C01513,Cliente 01513,Pyme,Bucaramanga,Oriente,Santander,No informado,26-35,2022-06-17,Activo
C01514,Cliente 01514,Pyme,Villavicencio,Llanos,Meta,F,18-25,2023-04-06,Activo
C01515,Cliente 01515,Corporativo,Bogota,Centro,Cundinamarca,M,46-55,2020-11-23,Activo
C01516,Cliente 01516,Corporativo,Manizales,Eje Cafetero,Caldas,No informado,56+,2019-12-16,Activo
C01517,Cliente 01517,Educacion,Bucaramanga,Oriente,Santander,No informado,26-35,2025-02-03,Activo
C01518,Cliente 01518,Gobierno,Medellin,Antioquia,Antioquia,F,56+,2023-06-03,Activo
C01519,Cliente 01519,Hogar,Barranquilla,Caribe,Atlantico,M,26-35,2024-01-09,Activo
C01520,Cliente 01520,Gobierno,Ibague,Centro,Tolima,M,46-55,2023-06-08,Inactivo
C01521,Cliente 01521,Pyme,Barranquilla,Caribe,Atlantico,No informado,56+,2021-01-12,Activo
C01522,Cliente 01522,Educacion,Barranquilla,Caribe,Atlantico,No informado,46-55,2019-05-28,Activo
C01523,Cliente 01523,Hogar,Pasto,Sur,Narino,No informado,18-25,2026-01-21,Activo
C01524,Cliente 01524,Corporativo,Pasto,Sur,Narino,M,36-45,2025-12-22,Activo
C01525,Cliente 01525,Gobierno,Bogota,Centro,Cundinamarca,F,46-55,2023-02-10,Activo
C01526,Cliente 01526,Hogar,Pereira,Eje Cafetero,Risaralda,M,46-55,2021-05-24,Activo
C01527,Cliente 01527,Pyme,Bucaramanga,Oriente,Santander,F,56+,2021-11-17,Activo
C01528,Cliente 01528,Hogar,Manizales,Eje Cafetero,Caldas,F,18-25,2020-10-05,Activo
C01529,Cliente 01529,Gobierno,Cartagena,Caribe,Bolivar,No informado,46-55,2020-05-04,Activo
C01530,Cliente 01530,Pyme,Ibague,Centro,Tolima,No informado,56+,2019-03-24,Activo
C01531,Cliente 01531,Educacion,Santa Marta,Caribe,Magdalena,No informado,26-35,2024-02-01,Activo
C01532,Cliente 01532,Corporativo,Cali,Occidente,Valle del Cauca,F,36-45,2021-05-28,Activo
C01533,Cliente 01533,Corporativo,Barranquilla,Caribe,Atlantico,F,36-45,2021-04-13,Activo
C01534,Cliente 01534,Gobierno,Santa Marta,Caribe,Magdalena,No informado,18-25,2025-08-27,Activo
C01535,Cliente 01535,Educacion,Pasto,Sur,Narino,No informado,46-55,2019-06-27,Activo
C01536,Cliente 01536,Pyme,Pasto,Sur,Narino,No informado,18-25,2020-12-14,Activo
C01537,Cliente 01537,Hogar,Pereira,Eje Cafetero,Risaralda,No informado,26-35,2021-02-17,Activo
C01538,Cliente 01538,Hogar,Medellin,Antioquia,Antioquia,No informado,46-55,2023-10-13,Activo
C01539,Cliente 01539,Hogar,Ibague,Centro,Tolima,F,18-25,2020-01-27,Activo
C01540,Cliente 01540,Pyme,Santa Marta,Caribe,Magdalena,F,26-35,2021-10-24,Activo
C01541,Cliente 01541,Educacion,Villavicencio,Llanos,Meta,F,18-25,2021-10-23,Activo
C01542,Cliente 01542,Pyme,Villavicencio,Llanos,Meta,M,46-55,2025-12-15,Activo
C01543,Cliente 01543,Pyme,Villavicencio,Llanos,Meta,M,18-25,2023-11-06,Activo
C01544,Cliente 01544,Corporativo,Pereira,Eje Cafetero,Risaralda,M,46-55,2024-01-14,Activo
C01545,Cliente 01545,Pyme,Villavicencio,Llanos,Meta,No informado,26-35,2020-04-20,Activo
C01546,Cliente 01546,Pyme,Pereira,Eje Cafetero,Risaralda,No informado,26-35,2025-02-12,Activo
C01547,Cliente 01547,Pyme,Manizales,Eje Cafetero,Caldas,No informado,26-35,2025-07-29,Activo
C01548,Cliente 01548,Corporativo,Bucaramanga,Oriente,Santander,M,36-45,2025-05-05,Inactivo
C01549,Cliente 01549,Corporativo,Santa Marta,Caribe,Magdalena,M,46-55,2019-08-25,Activo
C01550,Cliente 01550,Hogar,Manizales,Eje Cafetero,Caldas,M,18-25,2023-02-28,Activo
C01551,Cliente 01551,Gobierno,Cali,Occidente,Valle del Cauca,F,26-35,2020-12-13,Activo
C01552,Cliente 01552,Educacion,Pereira,Eje Cafetero,Risaralda,F,26-35,2019-01-08,Activo
C01553,Cliente 01553,Educacion,Santa Marta,Caribe,Magdalena,No informado,36-45,2025-04-11,Activo
C01554,Cliente 01554,Pyme,Medellin,Antioquia,Antioquia,No informado,46-55,2023-12-22,Activo
C01555,Cliente 01555,Educacion,Santa Marta,Caribe,Magdalena,M,18-25,2019-11-30,Activo
C01556,Cliente 01556,Gobierno,Villavicencio,Llanos,Meta,F,56+,2022-06-13,Activo
C01557,Cliente 01557,Gobierno,Santa Marta,Caribe,Magdalena,F,46-55,2024-01-11,Activo
C01558,Cliente 01558,Gobierno,Pasto,Sur,Narino,No informado,46-55,2022-09-13,Activo
C01559,Cliente 01559,Gobierno,Cali,Occidente,Valle del Cauca,F,56+,2025-01-06,Activo
C01560,Cliente 01560,Corporativo,Cartagena,Caribe,Bolivar,No informado,18-25,2022-04-10,Activo
C01561,Cliente 01561,Corporativo,Villavicencio,Llanos,Meta,No informado,46-55,2020-12-25,Inactivo
C01562,Cliente 01562,Hogar,Pereira,Eje Cafetero,Risaralda,No informado,46-55,2024-10-23,Activo
C01563,Cliente 01563,Gobierno,Pasto,Sur,Narino,F,56+,2019-01-05,Activo
C01564,Cliente 01564,Hogar,Cartagena,Caribe,Bolivar,M,46-55,2019-07-23,Inactivo
C01565,Cliente 01565,Educacion,Ibague,Centro,Tolima,No informado,26-35,2023-01-31,Activo
C01566,Cliente 01566,Gobierno,Manizales,Eje Cafetero,Caldas,M,18-25,2022-08-28,Activo
C01567,Cliente 01567,Gobierno,Barranquilla,Caribe,Atlantico,M,26-35,2021-05-28,Activo
C01568,Cliente 01568,Hogar,Pasto,Sur,Narino,M,18-25,2021-02-16,Activo
C01569,Cliente 01569,Educacion,Pereira,Eje Cafetero,Risaralda,M,26-35,2022-01-19,Inactivo
C01570,Cliente 01570,Educacion,Villavicencio,Llanos,Meta,No informado,18-25,2025-01-29,Activo
C01571,Cliente 01571,Pyme,Cali,Occidente,Valle del Cauca,No informado,56+,2025-05-13,Activo
C01572,Cliente 01572,Corporativo,Bucaramanga,Oriente,Santander,No informado,18-25,2020-07-29,Activo
C01573,Cliente 01573,Hogar,Manizales,Eje Cafetero,Caldas,M,56+,2021-12-17,Activo
C01574,Cliente 01574,Hogar,Bucaramanga,Oriente,Santander,F,18-25,2025-08-17,Activo
C01575,Cliente 01575,Gobierno,Medellin,Antioquia,Antioquia,M,36-45,2020-06-24,Activo
C01576,Cliente 01576,Pyme,Bogota,Centro,Cundinamarca,M,36-45,2023-10-16,Inactivo
C01577,Cliente 01577,Educacion,Manizales,Eje Cafetero,Caldas,No informado,18-25,2019-12-24,Activo
C01578,Cliente 01578,Corporativo,Cartagena,Caribe,Bolivar,M,26-35,2023-06-08,Activo
C01579,Cliente 01579,Pyme,Cartagena,Caribe,Bolivar,M,56+,2022-09-22,Activo
C01580,Cliente 01580,Corporativo,Manizales,Eje Cafetero,Caldas,M,46-55,2021-07-15,Activo
C01581,Cliente 01581,Corporativo,Pereira,Eje Cafetero,Risaralda,M,56+,2025-04-07,Activo
C01582,Cliente 01582,Hogar,Pasto,Sur,Narino,F,36-45,2024-10-07,Activo
C01583,Cliente 01583,Pyme,Cartagena,Caribe,Bolivar,No informado,36-45,2019-05-29,Activo
C01584,Cliente 01584,Educacion,Manizales,Eje Cafetero,Caldas,M,36-45,2023-09-06,Activo
C01585,Cliente 01585,Hogar,Medellin,Antioquia,Antioquia,F,36-45,2019-08-16,Activo
C01586,Cliente 01586,Pyme,Manizales,Eje Cafetero,Caldas,M,56+,2019-09-22,Activo
C01587,Cliente 01587,Hogar,Santa Marta,Caribe,Magdalena,No informado,56+,2020-06-07,Activo
C01588,Cliente 01588,Hogar,Cartagena,Caribe,Bolivar,F,36-45,2024-09-06,Activo
C01589,Cliente 01589,Hogar,Santa Marta,Caribe,Magdalena,M,46-55,2022-10-05,Activo
C01590,Cliente 01590,Corporativo,Villavicencio,Llanos,Meta,No informado,26-35,2023-09-27,Activo
C01591,Cliente 01591,Corporativo,Cali,Occidente,Valle del Cauca,M,26-35,2022-04-23,Activo
C01592,Cliente 01592,Corporativo,Pereira,Eje Cafetero,Risaralda,No informado,56+,2019-05-29,Activo
C01593,Cliente 01593,Pyme,Medellin,Antioquia,Antioquia,M,18-25,2025-11-15,Activo
C01594,Cliente 01594,Hogar,Medellin,Antioquia,Antioquia,F,18-25,2023-09-24,Activo
C01595,Cliente 01595,Gobierno,Cartagena,Caribe,Bolivar,No informado,26-35,2025-07-12,Activo
C01596,Cliente 01596,Corporativo,Cali,Occidente,Valle del Cauca,F,36-45,2022-06-03,Activo
C01597,Cliente 01597,Pyme,Pereira,Eje Cafetero,Risaralda,No informado,56+,2023-09-16,Activo
C01598,Cliente 01598,Corporativo,Barranquilla,Caribe,Atlantico,M,36-45,2021-02-15,Activo
C01599,Cliente 01599,Hogar,Manizales,Eje Cafetero,Caldas,M,46-55,2024-09-12,Activo
C01600,Cliente 01600,Pyme,Cali,Occidente,Valle del Cauca,F,36-45,2020-01-14,Activo
C01601,Cliente 01601,Pyme,Ibague,Centro,Tolima,No informado,36-45,2020-07-05,Activo
C01602,Cliente 01602,Hogar,Bucaramanga,Oriente,Santander,F,46-55,2019-09-22,Activo
C01603,Cliente 01603,Pyme,Ibague,Centro,Tolima,F,18-25,2022-10-26,Activo
C01604,Cliente 01604,Pyme,Ibague,Centro,Tolima,M,36-45,2024-09-06,Activo
C01605,Cliente 01605,Corporativo,Cali,Occidente,Valle del Cauca,F,56+,2025-05-25,Activo
C01606,Cliente 01606,Gobierno,Santa Marta,Caribe,Magdalena,M,46-55,2020-03-07,Activo
C01607,Cliente 01607,Educacion,Pereira,Eje Cafetero,Risaralda,M,56+,2024-03-23,Activo
C01608,Cliente 01608,Pyme,Cali,Occidente,Valle del Cauca,M,46-55,2023-02-10,Activo
C01609,Cliente 01609,Gobierno,Manizales,Eje Cafetero,Caldas,M,56+,2020-08-16,Inactivo
C01610,Cliente 01610,Pyme,Bucaramanga,Oriente,Santander,M,36-45,2024-01-05,Activo
C01611,Cliente 01611,Corporativo,Medellin,Antioquia,Antioquia,M,46-55,2020-11-21,Activo
C01612,Cliente 01612,Pyme,Bogota,Centro,Cundinamarca,No informado,18-25,2023-10-27,Activo
C01613,Cliente 01613,Gobierno,Pasto,Sur,Narino,M,26-35,2025-02-05,Activo
C01614,Cliente 01614,Hogar,Medellin,Antioquia,Antioquia,M,18-25,2022-10-24,Activo
C01615,Cliente 01615,Educacion,Barranquilla,Caribe,Atlantico,No informado,36-45,2021-12-22,Inactivo
C01616,Cliente 01616,Hogar,Barranquilla,Caribe,Atlantico,M,36-45,2026-01-28,Activo
C01617,Cliente 01617,Hogar,Bogota,Centro,Cundinamarca,No informado,36-45,2025-05-28,Activo
C01618,Cliente 01618,Corporativo,Cartagena,Caribe,Bolivar,F,26-35,2021-12-22,Activo
C01619,Cliente 01619,Gobierno,Cali,Occidente,Valle del Cauca,No informado,56+,2025-02-26,Activo
C01620,Cliente 01620,Hogar,Bogota,Centro,Cundinamarca,F,56+,2021-07-01,Activo
C01621,Cliente 01621,Pyme,Pereira,Eje Cafetero,Risaralda,M,26-35,2021-03-05,Activo
C01622,Cliente 01622,Educacion,Cartagena,Caribe,Bolivar,No informado,36-45,2025-04-20,Activo
C01623,Cliente 01623,Hogar,Santa Marta,Caribe,Magdalena,M,46-55,2023-10-10,Activo
C01624,Cliente 01624,Corporativo,Bogota,Centro,Cundinamarca,F,56+,2022-06-12,Activo
C01625,Cliente 01625,Gobierno,Medellin,Antioquia,Antioquia,No informado,18-25,2020-06-01,Activo
C01626,Cliente 01626,Hogar,Cartagena,Caribe,Bolivar,M,36-45,2024-09-17,Activo
C01627,Cliente 01627,Hogar,Medellin,Antioquia,Antioquia,M,18-25,2019-02-25,Activo
C01628,Cliente 01628,Corporativo,Bucaramanga,Oriente,Santander,No informado,36-45,2021-03-23,Activo
C01629,Cliente 01629,Educacion,Cartagena,Caribe,Bolivar,F,36-45,2019-03-17,Activo
C01630,Cliente 01630,Corporativo,Villavicencio,Llanos,Meta,F,56+,2022-07-02,Activo
C01631,Cliente 01631,Hogar,Barranquilla,Caribe,Atlantico,F,36-45,2021-02-15,Activo
C01632,Cliente 01632,Corporativo,Santa Marta,Caribe,Magdalena,No informado,46-55,2024-06-12,Activo
C01633,Cliente 01633,Gobierno,Manizales,Eje Cafetero,Caldas,F,26-35,2024-07-19,Activo
C01634,Cliente 01634,Hogar,Pereira,Eje Cafetero,Risaralda,No informado,56+,2024-12-09,Activo
C01635,Cliente 01635,Gobierno,Cartagena,Caribe,Bolivar,F,26-35,2025-10-24,Activo
C01636,Cliente 01636,Educacion,Santa Marta,Caribe,Magdalena,No informado,26-35,2021-01-01,Activo
C01637,Cliente 01637,Educacion,Manizales,Eje Cafetero,Caldas,F,26-35,2022-05-31,Activo
C01638,Cliente 01638,Pyme,Ibague,Centro,Tolima,No informado,18-25,2023-09-30,Activo
C01639,Cliente 01639,Pyme,Medellin,Antioquia,Antioquia,F,56+,2023-01-14,Activo
C01640,Cliente 01640,Pyme,Villavicencio,Llanos,Meta,No informado,36-45,2022-10-15,Activo
C01641,Cliente 01641,Educacion,Pereira,Eje Cafetero,Risaralda,M,56+,2019-06-22,Activo
C01642,Cliente 01642,Corporativo,Bogota,Centro,Cundinamarca,F,46-55,2021-04-17,Activo
C01643,Cliente 01643,Corporativo,Bucaramanga,Oriente,Santander,No informado,46-55,2019-05-22,Activo
C01644,Cliente 01644,Educacion,Bucaramanga,Oriente,Santander,F,18-25,2021-03-08,Activo
C01645,Cliente 01645,Educacion,Barranquilla,Caribe,Atlantico,F,46-55,2025-01-29,Activo
C01646,Cliente 01646,Educacion,Cartagena,Caribe,Bolivar,F,26-35,2021-11-15,Inactivo
C01647,Cliente 01647,Hogar,Pereira,Eje Cafetero,Risaralda,M,36-45,2023-12-11,Activo
C01648,Cliente 01648,Educacion,Ibague,Centro,Tolima,M,18-25,2022-12-05,Activo
C01649,Cliente 01649,Educacion,Cali,Occidente,Valle del Cauca,F,26-35,2021-12-25,Inactivo
C01650,Cliente 01650,Corporativo,Barranquilla,Caribe,Atlantico,No informado,56+,2020-11-21,Activo
C01651,Cliente 01651,Corporativo,Santa Marta,Caribe,Magdalena,F,56+,2022-05-17,Activo
C01652,Cliente 01652,Gobierno,Bogota,Centro,Cundinamarca,F,46-55,2026-02-02,Activo
C01653,Cliente 01653,Pyme,Cartagena,Caribe,Bolivar,No informado,26-35,2025-07-05,Activo
C01654,Cliente 01654,Gobierno,Bucaramanga,Oriente,Santander,F,56+,2023-04-12,Activo
C01655,Cliente 01655,Educacion,Ibague,Centro,Tolima,M,46-55,2025-04-22,Activo
C01656,Cliente 01656,Corporativo,Pasto,Sur,Narino,M,18-25,2019-11-25,Activo
C01657,Cliente 01657,Educacion,Villavicencio,Llanos,Meta,F,26-35,2021-09-27,Activo
C01658,Cliente 01658,Corporativo,Pasto,Sur,Narino,M,36-45,2019-10-04,Activo
C01659,Cliente 01659,Educacion,Ibague,Centro,Tolima,F,26-35,2023-02-03,Inactivo
C01660,Cliente 01660,Pyme,Pereira,Eje Cafetero,Risaralda,F,26-35,2019-01-12,Activo
C01661,Cliente 01661,Educacion,Manizales,Eje Cafetero,Caldas,M,26-35,2024-09-15,Activo
C01662,Cliente 01662,Corporativo,Pasto,Sur,Narino,F,46-55,2025-01-07,Activo
C01663,Cliente 01663,Corporativo,Pereira,Eje Cafetero,Risaralda,No informado,36-45,2022-10-12,Activo
C01664,Cliente 01664,Pyme,Cartagena,Caribe,Bolivar,No informado,26-35,2020-08-07,Activo
C01665,Cliente 01665,Corporativo,Bogota,Centro,Cundinamarca,F,46-55,2020-10-16,Activo
C01666,Cliente 01666,Educacion,Pasto,Sur,Narino,F,46-55,2023-09-12,Activo
C01667,Cliente 01667,Educacion,Santa Marta,Caribe,Magdalena,No informado,26-35,2023-08-20,Activo
C01668,Cliente 01668,Hogar,Santa Marta,Caribe,Magdalena,No informado,18-25,2021-12-12,Activo
C01669,Cliente 01669,Hogar,Cali,Occidente,Valle del Cauca,M,56+,2025-07-06,Activo
C01670,Cliente 01670,Hogar,Bucaramanga,Oriente,Santander,No informado,46-55,2024-10-11,Activo
C01671,Cliente 01671,Pyme,Ibague,Centro,Tolima,M,56+,2025-08-27,Activo
C01672,Cliente 01672,Gobierno,Pereira,Eje Cafetero,Risaralda,M,56+,2025-06-13,Activo
C01673,Cliente 01673,Pyme,Pereira,Eje Cafetero,Risaralda,F,46-55,2022-04-27,Activo
C01674,Cliente 01674,Corporativo,Pasto,Sur,Narino,No informado,56+,2024-02-29,Activo
C01675,Cliente 01675,Educacion,Medellin,Antioquia,Antioquia,No informado,18-25,2022-12-19,Inactivo
C01676,Cliente 01676,Gobierno,Pereira,Eje Cafetero,Risaralda,M,46-55,2020-11-07,Activo
C01677,Cliente 01677,Pyme,Medellin,Antioquia,Antioquia,M,18-25,2026-01-07,Activo
C01678,Cliente 01678,Educacion,Santa Marta,Caribe,Magdalena,No informado,56+,2025-08-07,Activo
C01679,Cliente 01679,Educacion,Medellin,Antioquia,Antioquia,No informado,56+,2022-09-16,Activo
C01680,Cliente 01680,Gobierno,Santa Marta,Caribe,Magdalena,No informado,46-55,2020-10-11,Activo
C01681,Cliente 01681,Gobierno,Santa Marta,Caribe,Magdalena,No informado,56+,2021-02-26,Activo
C01682,Cliente 01682,Gobierno,Bucaramanga,Oriente,Santander,M,18-25,2021-11-15,Activo
C01683,Cliente 01683,Corporativo,Santa Marta,Caribe,Magdalena,F,46-55,2024-02-01,Inactivo
C01684,Cliente 01684,Educacion,Villavicencio,Llanos,Meta,M,56+,2020-04-19,Activo
C01685,Cliente 01685,Pyme,Bogota,Centro,Cundinamarca,No informado,56+,2021-07-01,Inactivo
C01686,Cliente 01686,Gobierno,Santa Marta,Caribe,Magdalena,F,18-25,2025-06-18,Activo
C01687,Cliente 01687,Gobierno,Bogota,Centro,Cundinamarca,F,36-45,2023-09-20,Inactivo
C01688,Cliente 01688,Gobierno,Bucaramanga,Oriente,Santander,No informado,26-35,2020-08-21,Activo
C01689,Cliente 01689,Pyme,Pereira,Eje Cafetero,Risaralda,No informado,18-25,2024-09-07,Activo
C01690,Cliente 01690,Gobierno,Bucaramanga,Oriente,Santander,No informado,36-45,2019-09-22,Activo
C01691,Cliente 01691,Educacion,Cartagena,Caribe,Bolivar,No informado,26-35,2025-01-31,Activo
C01692,Cliente 01692,Corporativo,Bucaramanga,Oriente,Santander,No informado,18-25,2019-05-06,Activo
C01693,Cliente 01693,Hogar,Pereira,Eje Cafetero,Risaralda,M,18-25,2025-10-21,Activo
C01694,Cliente 01694,Corporativo,Villavicencio,Llanos,Meta,F,18-25,2019-07-10,Activo
C01695,Cliente 01695,Hogar,Pereira,Eje Cafetero,Risaralda,No informado,26-35,2020-10-13,Activo
C01696,Cliente 01696,Gobierno,Bogota,Centro,Cundinamarca,F,18-25,2024-12-01,Activo
C01697,Cliente 01697,Pyme,Barranquilla,Caribe,Atlantico,M,18-25,2022-12-17,Activo
C01698,Cliente 01698,Corporativo,Pereira,Eje Cafetero,Risaralda,F,26-35,2023-08-06,Activo
C01699,Cliente 01699,Hogar,Pasto,Sur,Narino,M,36-45,2020-07-13,Activo
C01700,Cliente 01700,Hogar,Manizales,Eje Cafetero,Caldas,F,46-55,2020-12-21,Activo
C01701,Cliente 01701,Gobierno,Manizales,Eje Cafetero,Caldas,No informado,46-55,2019-04-15,Activo
C01702,Cliente 01702,Corporativo,Bogota,Centro,Cundinamarca,No informado,46-55,2022-03-12,Activo
C01703,Cliente 01703,Corporativo,Bogota,Centro,Cundinamarca,M,26-35,2025-08-08,Activo
C01704,Cliente 01704,Corporativo,Barranquilla,Caribe,Atlantico,No informado,46-55,2019-05-14,Activo
C01705,Cliente 01705,Pyme,Cali,Occidente,Valle del Cauca,No informado,18-25,2022-07-02,Activo
C01706,Cliente 01706,Pyme,Santa Marta,Caribe,Magdalena,M,26-35,2019-06-04,Activo
C01707,Cliente 01707,Corporativo,Santa Marta,Caribe,Magdalena,F,56+,2020-07-28,Activo
C01708,Cliente 01708,Educacion,Pasto,Sur,Narino,M,46-55,2019-10-28,Activo
C01709,Cliente 01709,Educacion,Pereira,Eje Cafetero,Risaralda,M,46-55,2020-01-14,Activo
C01710,Cliente 01710,Corporativo,Bogota,Centro,Cundinamarca,M,36-45,2024-05-27,Activo
C01711,Cliente 01711,Gobierno,Santa Marta,Caribe,Magdalena,M,26-35,2020-02-24,Activo
C01712,Cliente 01712,Educacion,Cali,Occidente,Valle del Cauca,M,36-45,2026-01-04,Inactivo
C01713,Cliente 01713,Corporativo,Pasto,Sur,Narino,M,18-25,2024-07-17,Activo
C01714,Cliente 01714,Pyme,Cartagena,Caribe,Bolivar,No informado,46-55,2019-06-05,Activo
C01715,Cliente 01715,Corporativo,Cartagena,Caribe,Bolivar,M,36-45,2020-03-30,Activo
C01716,Cliente 01716,Pyme,Santa Marta,Caribe,Magdalena,M,18-25,2021-04-25,Activo
C01717,Cliente 01717,Gobierno,Manizales,Eje Cafetero,Caldas,F,26-35,2019-03-13,Activo
C01718,Cliente 01718,Hogar,Bogota,Centro,Cundinamarca,No informado,26-35,2023-03-31,Activo
C01719,Cliente 01719,Pyme,Pasto,Sur,Narino,No informado,46-55,2021-07-24,Activo
C01720,Cliente 01720,Pyme,Bucaramanga,Oriente,Santander,No informado,36-45,2024-09-04,Activo
C01721,Cliente 01721,Corporativo,Pasto,Sur,Narino,M,18-25,2020-08-06,Activo
C01722,Cliente 01722,Corporativo,Barranquilla,Caribe,Atlantico,No informado,56+,2024-11-02,Activo
C01723,Cliente 01723,Hogar,Manizales,Eje Cafetero,Caldas,F,46-55,2022-08-23,Activo
C01724,Cliente 01724,Educacion,Medellin,Antioquia,Antioquia,No informado,18-25,2019-03-03,Activo
C01725,Cliente 01725,Hogar,Cartagena,Caribe,Bolivar,F,56+,2019-06-03,Activo
C01726,Cliente 01726,Gobierno,Pereira,Eje Cafetero,Risaralda,M,36-45,2020-01-27,Activo
C01727,Cliente 01727,Corporativo,Barranquilla,Caribe,Atlantico,F,18-25,2019-11-21,Activo
C01728,Cliente 01728,Hogar,Barranquilla,Caribe,Atlantico,No informado,46-55,2021-03-05,Activo
C01729,Cliente 01729,Pyme,Pereira,Eje Cafetero,Risaralda,M,56+,2020-09-18,Activo
C01730,Cliente 01730,Corporativo,Villavicencio,Llanos,Meta,No informado,46-55,2019-09-10,Activo
C01731,Cliente 01731,Hogar,Bucaramanga,Oriente,Santander,No informado,36-45,2023-01-29,Activo
C01732,Cliente 01732,Corporativo,Manizales,Eje Cafetero,Caldas,No informado,46-55,2024-03-17,Activo
C01733,Cliente 01733,Gobierno,Cartagena,Caribe,Bolivar,F,46-55,2024-11-23,Activo
C01734,Cliente 01734,Corporativo,Manizales,Eje Cafetero,Caldas,M,56+,2025-04-08,Inactivo
C01735,Cliente 01735,Corporativo,Cali,Occidente,Valle del Cauca,F,46-55,2024-08-31,Activo
C01736,Cliente 01736,Gobierno,Ibague,Centro,Tolima,F,26-35,2019-10-08,Activo
C01737,Cliente 01737,Educacion,Villavicencio,Llanos,Meta,No informado,56+,2020-08-03,Activo
C01738,Cliente 01738,Pyme,Manizales,Eje Cafetero,Caldas,F,18-25,2021-01-31,Activo
C01739,Cliente 01739,Corporativo,Bogota,Centro,Cundinamarca,M,18-25,2025-08-23,Activo
C01740,Cliente 01740,Hogar,Manizales,Eje Cafetero,Caldas,M,26-35,2021-09-14,Activo
C01741,Cliente 01741,Pyme,Barranquilla,Caribe,Atlantico,M,36-45,2025-11-25,Activo
C01742,Cliente 01742,Pyme,Pasto,Sur,Narino,M,46-55,2022-11-03,Activo
C01743,Cliente 01743,Pyme,Barranquilla,Caribe,Atlantico,F,56+,2019-11-28,Inactivo
C01744,Cliente 01744,Educacion,Ibague,Centro,Tolima,No informado,26-35,2023-01-09,Activo
C01745,Cliente 01745,Corporativo,Pereira,Eje Cafetero,Risaralda,F,26-35,2021-08-02,Activo
C01746,Cliente 01746,Educacion,Bogota,Centro,Cundinamarca,M,26-35,2021-03-28,Activo
C01747,Cliente 01747,Pyme,Villavicencio,Llanos,Meta,No informado,46-55,2020-08-10,Activo
C01748,Cliente 01748,Hogar,Medellin,Antioquia,Antioquia,M,36-45,2019-04-18,Activo
C01749,Cliente 01749,Hogar,Pasto,Sur,Narino,F,56+,2024-03-15,Activo
C01750,Cliente 01750,Pyme,Cartagena,Caribe,Bolivar,F,46-55,2021-05-01,Activo
C01751,Cliente 01751,Gobierno,Pasto,Sur,Narino,No informado,26-35,2025-04-11,Activo
C01752,Cliente 01752,Educacion,Manizales,Eje Cafetero,Caldas,No informado,36-45,2025-03-19,Activo
C01753,Cliente 01753,Educacion,Cali,Occidente,Valle del Cauca,No informado,46-55,2024-12-02,Activo
C01754,Cliente 01754,Hogar,Cali,Occidente,Valle del Cauca,F,56+,2024-11-10,Activo
C01755,Cliente 01755,Hogar,Bogota,Centro,Cundinamarca,No informado,26-35,2021-06-15,Activo
C01756,Cliente 01756,Corporativo,Manizales,Eje Cafetero,Caldas,M,46-55,2022-09-21,Activo
C01757,Cliente 01757,Pyme,Pasto,Sur,Narino,F,36-45,2021-09-04,Activo
C01758,Cliente 01758,Hogar,Bucaramanga,Oriente,Santander,F,36-45,2025-06-30,Activo
C01759,Cliente 01759,Gobierno,Ibague,Centro,Tolima,No informado,18-25,2022-08-23,Activo
C01760,Cliente 01760,Hogar,Manizales,Eje Cafetero,Caldas,No informado,46-55,2025-08-24,Activo
C01761,Cliente 01761,Gobierno,Cali,Occidente,Valle del Cauca,F,46-55,2019-12-21,Activo
C01762,Cliente 01762,Gobierno,Bogota,Centro,Cundinamarca,M,46-55,2023-12-09,Activo
C01763,Cliente 01763,Educacion,Bogota,Centro,Cundinamarca,M,26-35,2019-10-08,Activo
C01764,Cliente 01764,Gobierno,Cartagena,Caribe,Bolivar,M,56+,2022-08-21,Activo
C01765,Cliente 01765,Gobierno,Medellin,Antioquia,Antioquia,M,46-55,2023-11-21,Activo
C01766,Cliente 01766,Gobierno,Manizales,Eje Cafetero,Caldas,M,56+,2025-04-30,Activo
C01767,Cliente 01767,Educacion,Bucaramanga,Oriente,Santander,F,56+,2025-06-28,Activo
C01768,Cliente 01768,Educacion,Bucaramanga,Oriente,Santander,F,18-25,2024-09-25,Activo
C01769,Cliente 01769,Gobierno,Manizales,Eje Cafetero,Caldas,F,26-35,2022-03-31,Activo
C01770,Cliente 01770,Corporativo,Pasto,Sur,Narino,M,26-35,2024-04-23,Activo
C01771,Cliente 01771,Gobierno,Barranquilla,Caribe,Atlantico,F,26-35,2021-11-09,Activo
C01772,Cliente 01772,Hogar,Villavicencio,Llanos,Meta,No informado,36-45,2025-06-15,Activo
C01773,Cliente 01773,Pyme,Bogota,Centro,Cundinamarca,F,18-25,2022-06-13,Activo
C01774,Cliente 01774,Gobierno,Bogota,Centro,Cundinamarca,M,46-55,2024-01-11,Activo
C01775,Cliente 01775,Gobierno,Bucaramanga,Oriente,Santander,No informado,36-45,2024-08-28,Inactivo
C01776,Cliente 01776,Pyme,Medellin,Antioquia,Antioquia,F,46-55,2024-02-22,Activo
C01777,Cliente 01777,Gobierno,Cartagena,Caribe,Bolivar,No informado,46-55,2023-05-10,Inactivo
C01778,Cliente 01778,Hogar,Bogota,Centro,Cundinamarca,No informado,56+,2023-07-22,Activo
C01779,Cliente 01779,Pyme,Manizales,Eje Cafetero,Caldas,No informado,18-25,2024-07-14,Activo
C01780,Cliente 01780,Gobierno,Barranquilla,Caribe,Atlantico,M,56+,2024-09-14,Activo
C01781,Cliente 01781,Corporativo,Cartagena,Caribe,Bolivar,M,36-45,2025-01-30,Activo
C01782,Cliente 01782,Pyme,Cartagena,Caribe,Bolivar,No informado,56+,2024-04-14,Activo
C01783,Cliente 01783,Pyme,Villavicencio,Llanos,Meta,No informado,26-35,2019-01-26,Activo
C01784,Cliente 01784,Hogar,Ibague,Centro,Tolima,No informado,36-45,2024-08-24,Activo
C01785,Cliente 01785,Pyme,Pasto,Sur,Narino,F,36-45,2022-06-11,Activo
C01786,Cliente 01786,Gobierno,Cartagena,Caribe,Bolivar,F,36-45,2021-09-26,Inactivo
C01787,Cliente 01787,Pyme,Bogota,Centro,Cundinamarca,F,18-25,2020-08-05,Activo
C01788,Cliente 01788,Hogar,Cartagena,Caribe,Bolivar,F,18-25,2023-08-13,Activo
C01789,Cliente 01789,Gobierno,Santa Marta,Caribe,Magdalena,F,26-35,2022-04-22,Activo
C01790,Cliente 01790,Gobierno,Ibague,Centro,Tolima,F,46-55,2022-01-25,Activo
C01791,Cliente 01791,Pyme,Bucaramanga,Oriente,Santander,F,46-55,2020-07-17,Activo
C01792,Cliente 01792,Corporativo,Medellin,Antioquia,Antioquia,M,26-35,2022-02-10,Activo
C01793,Cliente 01793,Pyme,Cartagena,Caribe,Bolivar,No informado,26-35,2023-07-30,Activo
C01794,Cliente 01794,Corporativo,Bogota,Centro,Cundinamarca,M,18-25,2020-12-20,Activo
C01795,Cliente 01795,Gobierno,Cartagena,Caribe,Bolivar,F,56+,2023-02-07,Activo
C01796,Cliente 01796,Educacion,Ibague,Centro,Tolima,No informado,18-25,2024-11-15,Activo
C01797,Cliente 01797,Hogar,Medellin,Antioquia,Antioquia,No informado,36-45,2023-09-30,Activo
C01798,Cliente 01798,Pyme,Cali,Occidente,Valle del Cauca,No informado,18-25,2024-06-21,Activo
C01799,Cliente 01799,Corporativo,Pereira,Eje Cafetero,Risaralda,No informado,56+,2025-10-19,Activo
C01800,Cliente 01800,Hogar,Pereira,Eje Cafetero,Risaralda,M,36-45,2025-01-06,Activo
C01801,Cliente 01801,Hogar,Bogota,Centro,Cundinamarca,F,26-35,2020-06-19,Activo
C01802,Cliente 01802,Pyme,Cartagena,Caribe,Bolivar,M,26-35,2020-08-14,Activo
C01803,Cliente 01803,Educacion,Villavicencio,Llanos,Meta,No informado,46-55,2021-02-10,Activo
C01804,Cliente 01804,Pyme,Cali,Occidente,Valle del Cauca,M,18-25,2025-02-05,Activo
C01805,Cliente 01805,Gobierno,Santa Marta,Caribe,Magdalena,F,36-45,2024-02-28,Inactivo
C01806,Cliente 01806,Pyme,Cali,Occidente,Valle del Cauca,M,26-35,2019-11-24,Inactivo
C01807,Cliente 01807,Gobierno,Ibague,Centro,Tolima,No informado,18-25,2025-01-06,Inactivo
C01808,Cliente 01808,Corporativo,Bogota,Centro,Cundinamarca,No informado,36-45,2025-04-23,Activo
C01809,Cliente 01809,Hogar,Santa Marta,Caribe,Magdalena,No informado,26-35,2020-04-30,Activo
C01810,Cliente 01810,Pyme,Cali,Occidente,Valle del Cauca,F,26-35,2020-01-15,Activo
C01811,Cliente 01811,Educacion,Pereira,Eje Cafetero,Risaralda,M,56+,2025-03-31,Activo
C01812,Cliente 01812,Gobierno,Villavicencio,Llanos,Meta,M,56+,2021-05-07,Activo
C01813,Cliente 01813,Hogar,Cartagena,Caribe,Bolivar,M,36-45,2023-02-14,Activo
C01814,Cliente 01814,Corporativo,Barranquilla,Caribe,Atlantico,M,46-55,2022-05-14,Activo
C01815,Cliente 01815,Gobierno,Pereira,Eje Cafetero,Risaralda,F,46-55,2021-12-08,Inactivo
C01816,Cliente 01816,Pyme,Bucaramanga,Oriente,Santander,F,46-55,2022-01-26,Activo
C01817,Cliente 01817,Hogar,Manizales,Eje Cafetero,Caldas,M,36-45,2021-09-17,Activo
C01818,Cliente 01818,Corporativo,Villavicencio,Llanos,Meta,F,18-25,2024-02-08,Activo
C01819,Cliente 01819,Pyme,Bogota,Centro,Cundinamarca,No informado,46-55,2023-05-01,Activo
C01820,Cliente 01820,Hogar,Medellin,Antioquia,Antioquia,No informado,18-25,2023-04-30,Activo
C01821,Cliente 01821,Corporativo,Ibague,Centro,Tolima,No informado,18-25,2022-03-20,Activo
C01822,Cliente 01822,Corporativo,Bucaramanga,Oriente,Santander,M,26-35,2023-09-15,Activo
C01823,Cliente 01823,Corporativo,Pasto,Sur,Narino,No informado,36-45,2021-04-28,Inactivo
C01824,Cliente 01824,Educacion,Pereira,Eje Cafetero,Risaralda,M,18-25,2020-05-16,Activo
C01825,Cliente 01825,Pyme,Bucaramanga,Oriente,Santander,F,18-25,2024-07-20,Activo
C01826,Cliente 01826,Pyme,Medellin,Antioquia,Antioquia,No informado,56+,2022-02-03,Activo
C01827,Cliente 01827,Educacion,Ibague,Centro,Tolima,F,18-25,2019-12-27,Activo
C01828,Cliente 01828,Pyme,Cali,Occidente,Valle del Cauca,F,26-35,2024-10-11,Activo
C01829,Cliente 01829,Pyme,Medellin,Antioquia,Antioquia,No informado,36-45,2023-01-17,Activo
C01830,Cliente 01830,Corporativo,Ibague,Centro,Tolima,M,46-55,2020-12-17,Activo
C01831,Cliente 01831,Hogar,Ibague,Centro,Tolima,M,56+,2024-08-22,Activo
C01832,Cliente 01832,Pyme,Manizales,Eje Cafetero,Caldas,M,26-35,2021-09-16,Activo
C01833,Cliente 01833,Gobierno,Cali,Occidente,Valle del Cauca,F,46-55,2019-12-30,Activo
C01834,Cliente 01834,Educacion,Barranquilla,Caribe,Atlantico,F,36-45,2020-12-03,Activo
C01835,Cliente 01835,Corporativo,Santa Marta,Caribe,Magdalena,M,56+,2024-04-04,Activo
C01836,Cliente 01836,Pyme,Ibague,Centro,Tolima,M,18-25,2025-11-28,Activo
C01837,Cliente 01837,Gobierno,Bucaramanga,Oriente,Santander,F,56+,2025-08-05,Activo
C01838,Cliente 01838,Corporativo,Pereira,Eje Cafetero,Risaralda,No informado,46-55,2021-02-27,Activo
C01839,Cliente 01839,Corporativo,Villavicencio,Llanos,Meta,F,18-25,2024-08-19,Activo
C01840,Cliente 01840,Hogar,Cali,Occidente,Valle del Cauca,F,46-55,2025-12-12,Activo
C01841,Cliente 01841,Gobierno,Cali,Occidente,Valle del Cauca,F,36-45,2025-01-10,Activo
C01842,Cliente 01842,Hogar,Pereira,Eje Cafetero,Risaralda,M,18-25,2024-12-15,Activo
C01843,Cliente 01843,Corporativo,Bogota,Centro,Cundinamarca,F,36-45,2022-04-25,Activo
C01844,Cliente 01844,Hogar,Santa Marta,Caribe,Magdalena,No informado,18-25,2021-06-14,Activo
C01845,Cliente 01845,Educacion,Cartagena,Caribe,Bolivar,F,18-25,2025-03-20,Activo
C01846,Cliente 01846,Pyme,Cali,Occidente,Valle del Cauca,M,56+,2019-05-19,Activo
C01847,Cliente 01847,Pyme,Barranquilla,Caribe,Atlantico,M,18-25,2024-11-21,Activo
C01848,Cliente 01848,Hogar,Santa Marta,Caribe,Magdalena,M,36-45,2023-02-10,Activo
C01849,Cliente 01849,Hogar,Santa Marta,Caribe,Magdalena,F,36-45,2025-11-04,Activo
C01850,Cliente 01850,Pyme,Cartagena,Caribe,Bolivar,M,56+,2019-02-02,Activo
C01851,Cliente 01851,Gobierno,Pasto,Sur,Narino,M,26-35,2025-10-06,Activo
C01852,Cliente 01852,Educacion,Medellin,Antioquia,Antioquia,No informado,56+,2023-12-27,Activo
C01853,Cliente 01853,Educacion,Villavicencio,Llanos,Meta,No informado,56+,2023-03-16,Activo
C01854,Cliente 01854,Educacion,Santa Marta,Caribe,Magdalena,F,56+,2019-11-04,Activo
C01855,Cliente 01855,Gobierno,Ibague,Centro,Tolima,No informado,46-55,2019-08-07,Activo
C01856,Cliente 01856,Corporativo,Pasto,Sur,Narino,No informado,46-55,2023-04-18,Activo
C01857,Cliente 01857,Pyme,Bogota,Centro,Cundinamarca,F,26-35,2019-09-10,Inactivo
C01858,Cliente 01858,Pyme,Ibague,Centro,Tolima,No informado,56+,2019-09-12,Activo
C01859,Cliente 01859,Educacion,Santa Marta,Caribe,Magdalena,M,36-45,2023-11-02,Activo
C01860,Cliente 01860,Educacion,Barranquilla,Caribe,Atlantico,F,26-35,2023-07-24,Activo
C01861,Cliente 01861,Pyme,Santa Marta,Caribe,Magdalena,F,18-25,2019-11-18,Activo
C01862,Cliente 01862,Educacion,Santa Marta,Caribe,Magdalena,M,56+,2020-09-08,Activo
C01863,Cliente 01863,Hogar,Bogota,Centro,Cundinamarca,F,46-55,2024-09-25,Activo
C01864,Cliente 01864,Pyme,Pereira,Eje Cafetero,Risaralda,No informado,26-35,2020-10-22,Activo
C01865,Cliente 01865,Hogar,Bogota,Centro,Cundinamarca,M,26-35,2022-03-23,Activo
C01866,Cliente 01866,Pyme,Bogota,Centro,Cundinamarca,M,56+,2020-02-18,Activo
C01867,Cliente 01867,Pyme,Bogota,Centro,Cundinamarca,M,18-25,2023-04-16,Activo
C01868,Cliente 01868,Corporativo,Ibague,Centro,Tolima,M,56+,2021-07-05,Activo
C01869,Cliente 01869,Pyme,Ibague,Centro,Tolima,No informado,56+,2020-09-20,Activo
C01870,Cliente 01870,Hogar,Bogota,Centro,Cundinamarca,No informado,26-35,2026-02-01,Activo
C01871,Cliente 01871,Educacion,Pasto,Sur,Narino,No informado,56+,2022-03-10,Activo
C01872,Cliente 01872,Corporativo,Pereira,Eje Cafetero,Risaralda,M,46-55,2021-12-16,Activo
C01873,Cliente 01873,Gobierno,Cali,Occidente,Valle del Cauca,No informado,56+,2020-07-17,Activo
C01874,Cliente 01874,Hogar,Manizales,Eje Cafetero,Caldas,M,26-35,2019-03-13,Activo
C01875,Cliente 01875,Educacion,Villavicencio,Llanos,Meta,No informado,56+,2020-02-18,Activo
C01876,Cliente 01876,Hogar,Villavicencio,Llanos,Meta,No informado,56+,2019-03-26,Activo
C01877,Cliente 01877,Corporativo,Manizales,Eje Cafetero,Caldas,F,26-35,2022-05-03,Activo
C01878,Cliente 01878,Hogar,Bogota,Centro,Cundinamarca,No informado,56+,2021-03-10,Activo
C01879,Cliente 01879,Educacion,Bogota,Centro,Cundinamarca,M,56+,2020-10-19,Activo
C01880,Cliente 01880,Pyme,Bucaramanga,Oriente,Santander,No informado,36-45,2024-07-05,Activo
C01881,Cliente 01881,Corporativo,Bucaramanga,Oriente,Santander,No informado,18-25,2023-05-30,Activo
C01882,Cliente 01882,Educacion,Pasto,Sur,Narino,M,26-35,2022-10-30,Activo
C01883,Cliente 01883,Pyme,Medellin,Antioquia,Antioquia,No informado,36-45,2021-12-03,Activo
C01884,Cliente 01884,Gobierno,Cali,Occidente,Valle del Cauca,F,26-35,2021-01-30,Activo
C01885,Cliente 01885,Educacion,Manizales,Eje Cafetero,Caldas,F,46-55,2024-07-25,Activo
C01886,Cliente 01886,Gobierno,Bucaramanga,Oriente,Santander,M,36-45,2024-08-23,Activo
C01887,Cliente 01887,Educacion,Cartagena,Caribe,Bolivar,F,56+,2020-07-25,Inactivo
C01888,Cliente 01888,Gobierno,Bogota,Centro,Cundinamarca,No informado,26-35,2025-07-26,Activo
C01889,Cliente 01889,Pyme,Medellin,Antioquia,Antioquia,M,18-25,2019-12-22,Activo
C01890,Cliente 01890,Hogar,Villavicencio,Llanos,Meta,No informado,18-25,2022-10-29,Activo
C01891,Cliente 01891,Gobierno,Pasto,Sur,Narino,M,46-55,2021-12-13,Activo
C01892,Cliente 01892,Corporativo,Cali,Occidente,Valle del Cauca,F,26-35,2025-05-07,Activo
C01893,Cliente 01893,Gobierno,Ibague,Centro,Tolima,F,18-25,2024-08-06,Activo
C01894,Cliente 01894,Hogar,Barranquilla,Caribe,Atlantico,No informado,46-55,2025-09-03,Activo
C01895,Cliente 01895,Gobierno,Cartagena,Caribe,Bolivar,M,56+,2022-07-04,Activo
C01896,Cliente 01896,Gobierno,Manizales,Eje Cafetero,Caldas,No informado,26-35,2023-08-18,Activo
C01897,Cliente 01897,Gobierno,Medellin,Antioquia,Antioquia,No informado,36-45,2020-03-14,Activo
C01898,Cliente 01898,Educacion,Pasto,Sur,Narino,M,36-45,2020-11-08,Activo
C01899,Cliente 01899,Hogar,Cartagena,Caribe,Bolivar,F,56+,2025-01-10,Activo
C01900,Cliente 01900,Hogar,Bogota,Centro,Cundinamarca,M,56+,2023-01-09,Activo
C01901,Cliente 01901,Gobierno,Medellin,Antioquia,Antioquia,M,46-55,2023-07-22,Activo
C01902,Cliente 01902,Hogar,Pereira,Eje Cafetero,Risaralda,M,18-25,2019-08-07,Activo
C01903,Cliente 01903,Pyme,Pereira,Eje Cafetero,Risaralda,No informado,26-35,2024-03-14,Activo
C01904,Cliente 01904,Educacion,Cartagena,Caribe,Bolivar,F,56+,2025-01-25,Activo
C01905,Cliente 01905,Pyme,Barranquilla,Caribe,Atlantico,M,36-45,2025-01-26,Activo
C01906,Cliente 01906,Gobierno,Medellin,Antioquia,Antioquia,No informado,46-55,2024-06-15,Inactivo
C01907,Cliente 01907,Pyme,Barranquilla,Caribe,Atlantico,F,56+,2022-05-05,Activo
C01908,Cliente 01908,Corporativo,Villavicencio,Llanos,Meta,F,36-45,2024-11-15,Activo
C01909,Cliente 01909,Educacion,Medellin,Antioquia,Antioquia,No informado,26-35,2023-01-27,Activo
C01910,Cliente 01910,Pyme,Villavicencio,Llanos,Meta,No informado,56+,2023-10-27,Activo
C01911,Cliente 01911,Educacion,Villavicencio,Llanos,Meta,No informado,18-25,2025-02-18,Activo
C01912,Cliente 01912,Educacion,Bogota,Centro,Cundinamarca,No informado,26-35,2019-04-30,Activo
C01913,Cliente 01913,Corporativo,Cartagena,Caribe,Bolivar,M,46-55,2023-05-26,Activo
C01914,Cliente 01914,Corporativo,Medellin,Antioquia,Antioquia,No informado,26-35,2021-07-04,Activo
C01915,Cliente 01915,Corporativo,Ibague,Centro,Tolima,M,26-35,2020-10-14,Activo
C01916,Cliente 01916,Pyme,Manizales,Eje Cafetero,Caldas,No informado,26-35,2022-01-03,Activo
C01917,Cliente 01917,Hogar,Pasto,Sur,Narino,No informado,18-25,2023-12-04,Activo
C01918,Cliente 01918,Corporativo,Bogota,Centro,Cundinamarca,F,26-35,2024-06-09,Activo
C01919,Cliente 01919,Corporativo,Pasto,Sur,Narino,No informado,18-25,2020-10-29,Activo
C01920,Cliente 01920,Pyme,Cali,Occidente,Valle del Cauca,F,18-25,2023-02-15,Activo
C01921,Cliente 01921,Gobierno,Bogota,Centro,Cundinamarca,F,36-45,2025-07-23,Activo
C01922,Cliente 01922,Educacion,Cartagena,Caribe,Bolivar,No informado,36-45,2024-05-12,Activo
C01923,Cliente 01923,Pyme,Santa Marta,Caribe,Magdalena,No informado,36-45,2026-01-03,Activo
C01924,Cliente 01924,Gobierno,Pasto,Sur,Narino,F,26-35,2022-07-16,Activo
C01925,Cliente 01925,Hogar,Cartagena,Caribe,Bolivar,M,56+,2025-03-04,Activo
C01926,Cliente 01926,Hogar,Barranquilla,Caribe,Atlantico,No informado,36-45,2023-11-11,Activo
C01927,Cliente 01927,Corporativo,Bucaramanga,Oriente,Santander,No informado,36-45,2022-04-24,Activo
C01928,Cliente 01928,Pyme,Villavicencio,Llanos,Meta,F,46-55,2019-01-02,Activo
C01929,Cliente 01929,Gobierno,Villavicencio,Llanos,Meta,F,56+,2020-06-10,Activo
C01930,Cliente 01930,Pyme,Cali,Occidente,Valle del Cauca,F,56+,2020-07-27,Activo
C01931,Cliente 01931,Hogar,Santa Marta,Caribe,Magdalena,F,18-25,2023-08-23,Activo
C01932,Cliente 01932,Educacion,Cartagena,Caribe,Bolivar,F,18-25,2023-02-02,Activo
C01933,Cliente 01933,Corporativo,Barranquilla,Caribe,Atlantico,No informado,26-35,2025-06-12,Activo
C01934,Cliente 01934,Corporativo,Barranquilla,Caribe,Atlantico,No informado,26-35,2021-06-10,Activo
C01935,Cliente 01935,Pyme,Pasto,Sur,Narino,F,26-35,2025-06-17,Activo
C01936,Cliente 01936,Corporativo,Ibague,Centro,Tolima,M,56+,2021-02-23,Activo
C01937,Cliente 01937,Pyme,Villavicencio,Llanos,Meta,F,18-25,2020-02-02,Activo
C01938,Cliente 01938,Pyme,Pasto,Sur,Narino,No informado,56+,2023-06-20,Activo
C01939,Cliente 01939,Gobierno,Cali,Occidente,Valle del Cauca,F,18-25,2022-05-06,Activo
C01940,Cliente 01940,Pyme,Barranquilla,Caribe,Atlantico,No informado,36-45,2024-05-28,Activo
C01941,Cliente 01941,Educacion,Villavicencio,Llanos,Meta,F,56+,2022-08-28,Activo
C01942,Cliente 01942,Hogar,Ibague,Centro,Tolima,M,18-25,2020-08-10,Inactivo
C01943,Cliente 01943,Gobierno,Bogota,Centro,Cundinamarca,No informado,46-55,2024-02-08,Activo
C01944,Cliente 01944,Hogar,Cartagena,Caribe,Bolivar,No informado,36-45,2021-04-03,Activo
C01945,Cliente 01945,Corporativo,Santa Marta,Caribe,Magdalena,M,56+,2025-04-15,Activo
C01946,Cliente 01946,Corporativo,Bogota,Centro,Cundinamarca,F,46-55,2019-10-28,Activo
C01947,Cliente 01947,Hogar,Barranquilla,Caribe,Atlantico,M,26-35,2024-08-25,Activo
C01948,Cliente 01948,Educacion,Ibague,Centro,Tolima,F,56+,2024-12-21,Activo
C01949,Cliente 01949,Corporativo,Santa Marta,Caribe,Magdalena,M,36-45,2025-05-24,Activo
C01950,Cliente 01950,Hogar,Ibague,Centro,Tolima,No informado,18-25,2025-10-30,Activo
C01951,Cliente 01951,Hogar,Pasto,Sur,Narino,No informado,36-45,2025-03-27,Activo
C01952,Cliente 01952,Hogar,Santa Marta,Caribe,Magdalena,No informado,46-55,2020-08-17,Activo
C01953,Cliente 01953,Corporativo,Pereira,Eje Cafetero,Risaralda,No informado,36-45,2020-03-01,Activo
C01954,Cliente 01954,Pyme,Pasto,Sur,Narino,M,36-45,2023-12-26,Activo
C01955,Cliente 01955,Corporativo,Cartagena,Caribe,Bolivar,F,36-45,2022-09-08,Activo
C01956,Cliente 01956,Gobierno,Bogota,Centro,Cundinamarca,M,26-35,2024-01-07,Activo
C01957,Cliente 01957,Pyme,Barranquilla,Caribe,Atlantico,No informado,36-45,2021-09-09,Activo
C01958,Cliente 01958,Hogar,Bogota,Centro,Cundinamarca,No informado,56+,2024-09-17,Activo
C01959,Cliente 01959,Corporativo,Barranquilla,Caribe,Atlantico,M,56+,2021-09-26,Activo
C01960,Cliente 01960,Hogar,Pereira,Eje Cafetero,Risaralda,M,46-55,2020-05-21,Activo
C01961,Cliente 01961,Gobierno,Bucaramanga,Oriente,Santander,No informado,56+,2019-06-08,Activo
C01962,Cliente 01962,Hogar,Pasto,Sur,Narino,No informado,56+,2022-04-06,Activo
C01963,Cliente 01963,Hogar,Manizales,Eje Cafetero,Caldas,No informado,18-25,2025-09-30,Activo
C01964,Cliente 01964,Educacion,Medellin,Antioquia,Antioquia,No informado,18-25,2019-05-08,Activo
C01965,Cliente 01965,Hogar,Cali,Occidente,Valle del Cauca,M,36-45,2022-02-25,Inactivo
C01966,Cliente 01966,Hogar,Barranquilla,Caribe,Atlantico,No informado,56+,2025-01-11,Activo
C01967,Cliente 01967,Corporativo,Barranquilla,Caribe,Atlantico,F,46-55,2019-08-22,Activo
C01968,Cliente 01968,Pyme,Santa Marta,Caribe,Magdalena,M,18-25,2020-01-12,Activo
C01969,Cliente 01969,Corporativo,Bucaramanga,Oriente,Santander,No informado,18-25,2020-02-18,Activo
C01970,Cliente 01970,Corporativo,Barranquilla,Caribe,Atlantico,F,46-55,2024-12-05,Activo
C01971,Cliente 01971,Corporativo,Bucaramanga,Oriente,Santander,No informado,18-25,2019-09-09,Activo
C01972,Cliente 01972,Corporativo,Manizales,Eje Cafetero,Caldas,No informado,36-45,2025-07-19,Activo
C01973,Cliente 01973,Hogar,Manizales,Eje Cafetero,Caldas,M,18-25,2021-05-19,Activo
C01974,Cliente 01974,Educacion,Manizales,Eje Cafetero,Caldas,M,56+,2024-08-31,Activo
C01975,Cliente 01975,Educacion,Bogota,Centro,Cundinamarca,M,56+,2026-01-08,Activo
C01976,Cliente 01976,Educacion,Bogota,Centro,Cundinamarca,No informado,56+,2020-08-28,Activo
C01977,Cliente 01977,Educacion,Medellin,Antioquia,Antioquia,F,46-55,2025-09-11,Activo
C01978,Cliente 01978,Gobierno,Cali,Occidente,Valle del Cauca,M,26-35,2021-06-12,Activo
C01979,Cliente 01979,Hogar,Barranquilla,Caribe,Atlantico,F,26-35,2019-03-31,Activo
C01980,Cliente 01980,Pyme,Barranquilla,Caribe,Atlantico,F,36-45,2020-11-09,Activo
C01981,Cliente 01981,Educacion,Medellin,Antioquia,Antioquia,M,18-25,2023-06-11,Activo
C01982,Cliente 01982,Gobierno,Villavicencio,Llanos,Meta,No informado,26-35,2019-05-05,Activo
C01983,Cliente 01983,Pyme,Pereira,Eje Cafetero,Risaralda,No informado,26-35,2021-03-06,Activo
C01984,Cliente 01984,Educacion,Bogota,Centro,Cundinamarca,F,46-55,2020-10-05,Activo
C01985,Cliente 01985,Gobierno,Bucaramanga,Oriente,Santander,No informado,56+,2021-04-25,Activo
C01986,Cliente 01986,Gobierno,Villavicencio,Llanos,Meta,No informado,46-55,2025-05-31,Activo
C01987,Cliente 01987,Gobierno,Medellin,Antioquia,Antioquia,No informado,46-55,2020-08-22,Activo
C01988,Cliente 01988,Pyme,Villavicencio,Llanos,Meta,M,36-45,2019-06-08,Activo
C01989,Cliente 01989,Gobierno,Santa Marta,Caribe,Magdalena,M,46-55,2024-11-20,Activo
C01990,Cliente 01990,Hogar,Cali,Occidente,Valle del Cauca,No informado,18-25,2021-04-18,Activo
C01991,Cliente 01991,Pyme,Barranquilla,Caribe,Atlantico,M,18-25,2021-10-05,Activo
C01992,Cliente 01992,Corporativo,Pasto,Sur,Narino,M,18-25,2025-02-01,Activo
C01993,Cliente 01993,Pyme,Ibague,Centro,Tolima,No informado,56+,2021-11-24,Activo
C01994,Cliente 01994,Educacion,Medellin,Antioquia,Antioquia,No informado,26-35,2020-06-20,Activo
C01995,Cliente 01995,Educacion,Cali,Occidente,Valle del Cauca,F,26-35,2020-09-03,Activo
C01996,Cliente 01996,Educacion,Villavicencio,Llanos,Meta,M,18-25,2019-07-30,Activo
C01997,Cliente 01997,Pyme,Cartagena,Caribe,Bolivar,No informado,18-25,2019-02-17,Activo
C01998,Cliente 01998,Corporativo,Cartagena,Caribe,Bolivar,No informado,18-25,2020-09-26,Activo
C01999,Cliente 01999,Educacion,Cartagena,Caribe,Bolivar,No informado,56+,2023-05-19,Activo
C02000,Cliente 02000,Corporativo,Cartagena,Caribe,Bolivar,No informado,46-55,2019-09-21,Activo
C02001,Cliente 02001,Educacion,Villavicencio,Llanos,Meta,M,46-55,2024-03-20,Activo
C02002,Cliente 02002,Educacion,Cali,Occidente,Valle del Cauca,F,36-45,2019-09-02,Activo
C02003,Cliente 02003,Gobierno,Villavicencio,Llanos,Meta,M,18-25,2020-04-06,Activo
C02004,Cliente 02004,Hogar,Bogota,Centro,Cundinamarca,M,26-35,2025-11-01,Activo
C02005,Cliente 02005,Pyme,Medellin,Antioquia,Antioquia,F,18-25,2025-04-30,Activo
C02006,Cliente 02006,Hogar,Santa Marta,Caribe,Magdalena,No informado,26-35,2022-09-25,Activo
C02007,Cliente 02007,Pyme,Cali,Occidente,Valle del Cauca,No informado,18-25,2025-01-24,Activo
C02008,Cliente 02008,Pyme,Pasto,Sur,Narino,F,18-25,2020-02-04,Inactivo
C02009,Cliente 02009,Hogar,Medellin,Antioquia,Antioquia,No informado,46-55,2025-12-30,Activo
C02010,Cliente 02010,Educacion,Ibague,Centro,Tolima,M,18-25,2024-05-28,Activo
C02011,Cliente 02011,Hogar,Pereira,Eje Cafetero,Risaralda,M,46-55,2022-04-23,Activo
C02012,Cliente 02012,Corporativo,Cali,Occidente,Valle del Cauca,F,56+,2019-07-23,Activo
C02013,Cliente 02013,Gobierno,Ibague,Centro,Tolima,F,26-35,2025-03-18,Activo
C02014,Cliente 02014,Corporativo,Villavicencio,Llanos,Meta,M,26-35,2024-07-21,Activo
C02015,Cliente 02015,Pyme,Barranquilla,Caribe,Atlantico,F,56+,2025-06-16,Activo
C02016,Cliente 02016,Corporativo,Pereira,Eje Cafetero,Risaralda,F,46-55,2025-02-20,Activo
C02017,Cliente 02017,Hogar,Pereira,Eje Cafetero,Risaralda,M,56+,2025-07-28,Activo
C02018,Cliente 02018,Hogar,Cartagena,Caribe,Bolivar,F,18-25,2019-06-06,Activo
C02019,Cliente 02019,Corporativo,Pereira,Eje Cafetero,Risaralda,F,56+,2025-03-04,Activo
C02020,Cliente 02020,Educacion,Bucaramanga,Oriente,Santander,No informado,56+,2022-05-30,Activo
C02021,Cliente 02021,Hogar,Barranquilla,Caribe,Atlantico,No informado,36-45,2019-08-02,Activo
C02022,Cliente 02022,Educacion,Medellin,Antioquia,Antioquia,F,18-25,2022-10-23,Activo
C02023,Cliente 02023,Gobierno,Barranquilla,Caribe,Atlantico,M,46-55,2024-02-22,Activo
C02024,Cliente 02024,Hogar,Cartagena,Caribe,Bolivar,F,56+,2021-03-29,Activo
C02025,Cliente 02025,Hogar,Bucaramanga,Oriente,Santander,F,26-35,2020-07-14,Activo
C02026,Cliente 02026,Corporativo,Pereira,Eje Cafetero,Risaralda,M,26-35,2025-08-01,Activo
C02027,Cliente 02027,Corporativo,Pereira,Eje Cafetero,Risaralda,F,56+,2022-09-09,Inactivo
C02028,Cliente 02028,Educacion,Cartagena,Caribe,Bolivar,F,46-55,2021-10-28,Activo
C02029,Cliente 02029,Corporativo,Santa Marta,Caribe,Magdalena,No informado,36-45,2025-03-25,Activo
C02030,Cliente 02030,Gobierno,Barranquilla,Caribe,Atlantico,No informado,46-55,2022-11-12,Activo
C02031,Cliente 02031,Gobierno,Cali,Occidente,Valle del Cauca,M,36-45,2022-08-04,Activo
C02032,Cliente 02032,Educacion,Pereira,Eje Cafetero,Risaralda,F,46-55,2021-03-12,Activo
C02033,Cliente 02033,Pyme,Medellin,Antioquia,Antioquia,F,56+,2020-07-18,Activo
C02034,Cliente 02034,Educacion,Bucaramanga,Oriente,Santander,No informado,56+,2019-11-07,Activo
C02035,Cliente 02035,Pyme,Manizales,Eje Cafetero,Caldas,No informado,46-55,2025-05-29,Activo
C02036,Cliente 02036,Gobierno,Cartagena,Caribe,Bolivar,No informado,18-25,2023-06-12,Activo
C02037,Cliente 02037,Pyme,Santa Marta,Caribe,Magdalena,No informado,18-25,2025-04-25,Activo
C02038,Cliente 02038,Corporativo,Santa Marta,Caribe,Magdalena,No informado,36-45,2025-01-08,Activo
C02039,Cliente 02039,Hogar,Cali,Occidente,Valle del Cauca,No informado,18-25,2025-05-15,Inactivo
C02040,Cliente 02040,Pyme,Cali,Occidente,Valle del Cauca,No informado,56+,2024-02-27,Activo
C02041,Cliente 02041,Hogar,Cartagena,Caribe,Bolivar,No informado,36-45,2020-02-02,Activo
C02042,Cliente 02042,Gobierno,Medellin,Antioquia,Antioquia,M,36-45,2019-05-03,Activo
C02043,Cliente 02043,Educacion,Pasto,Sur,Narino,No informado,18-25,2024-01-12,Activo
C02044,Cliente 02044,Educacion,Santa Marta,Caribe,Magdalena,F,26-35,2023-11-08,Activo
C02045,Cliente 02045,Corporativo,Villavicencio,Llanos,Meta,M,56+,2025-07-23,Activo
C02046,Cliente 02046,Hogar,Pasto,Sur,Narino,No informado,26-35,2020-10-19,Activo
C02047,Cliente 02047,Corporativo,Cartagena,Caribe,Bolivar,F,46-55,2026-02-07,Activo
C02048,Cliente 02048,Gobierno,Barranquilla,Caribe,Atlantico,F,46-55,2020-12-21,Activo
C02049,Cliente 02049,Gobierno,Manizales,Eje Cafetero,Caldas,M,56+,2023-12-03,Activo
C02050,Cliente 02050,Pyme,Pereira,Eje Cafetero,Risaralda,No informado,56+,2022-06-05,Inactivo
C02051,Cliente 02051,Corporativo,Santa Marta,Caribe,Magdalena,No informado,18-25,2022-11-10,Activo
C02052,Cliente 02052,Gobierno,Cartagena,Caribe,Bolivar,F,26-35,2021-12-11,Activo
C02053,Cliente 02053,Corporativo,Pasto,Sur,Narino,F,26-35,2025-05-22,Activo
C02054,Cliente 02054,Pyme,Cartagena,Caribe,Bolivar,No informado,46-55,2021-05-15,Activo
C02055,Cliente 02055,Pyme,Cartagena,Caribe,Bolivar,No informado,18-25,2024-01-11,Activo
C02056,Cliente 02056,Gobierno,Bucaramanga,Oriente,Santander,F,46-55,2023-05-02,Activo
C02057,Cliente 02057,Pyme,Cartagena,Caribe,Bolivar,No informado,36-45,2024-04-19,Activo
C02058,Cliente 02058,Pyme,Santa Marta,Caribe,Magdalena,M,18-25,2019-10-31,Activo
C02059,Cliente 02059,Gobierno,Bucaramanga,Oriente,Santander,No informado,46-55,2024-07-23,Activo
C02060,Cliente 02060,Educacion,Santa Marta,Caribe,Magdalena,M,18-25,2021-12-22,Activo
C02061,Cliente 02061,Corporativo,Bogota,Centro,Cundinamarca,M,26-35,2022-01-10,Activo
C02062,Cliente 02062,Pyme,Santa Marta,Caribe,Magdalena,M,36-45,2023-06-05,Activo
C02063,Cliente 02063,Hogar,Ibague,Centro,Tolima,M,56+,2020-09-21,Activo
C02064,Cliente 02064,Educacion,Cartagena,Caribe,Bolivar,F,46-55,2022-04-05,Activo
C02065,Cliente 02065,Gobierno,Bucaramanga,Oriente,Santander,M,36-45,2019-01-22,Activo
C02066,Cliente 02066,Gobierno,Cali,Occidente,Valle del Cauca,M,26-35,2024-09-20,Inactivo
C02067,Cliente 02067,Educacion,Cartagena,Caribe,Bolivar,M,18-25,2023-08-15,Activo
C02068,Cliente 02068,Corporativo,Cali,Occidente,Valle del Cauca,M,36-45,2024-04-29,Activo
C02069,Cliente 02069,Corporativo,Cali,Occidente,Valle del Cauca,No informado,26-35,2023-05-10,Inactivo
C02070,Cliente 02070,Gobierno,Manizales,Eje Cafetero,Caldas,F,46-55,2019-12-05,Activo
C02071,Cliente 02071,Hogar,Ibague,Centro,Tolima,No informado,46-55,2026-01-03,Activo
C02072,Cliente 02072,Educacion,Pasto,Sur,Narino,M,18-25,2021-08-09,Activo
C02073,Cliente 02073,Gobierno,Manizales,Eje Cafetero,Caldas,M,36-45,2023-06-26,Activo
C02074,Cliente 02074,Gobierno,Pereira,Eje Cafetero,Risaralda,F,26-35,2020-02-17,Activo
C02075,Cliente 02075,Pyme,Ibague,Centro,Tolima,M,18-25,2025-09-07,Activo
C02076,Cliente 02076,Pyme,Villavicencio,Llanos,Meta,No informado,26-35,2025-11-21,Activo
C02077,Cliente 02077,Hogar,Medellin,Antioquia,Antioquia,F,36-45,2022-10-16,Activo
C02078,Cliente 02078,Hogar,Medellin,Antioquia,Antioquia,F,46-55,2023-06-09,Activo
C02079,Cliente 02079,Educacion,Pasto,Sur,Narino,No informado,56+,2020-07-30,Activo
C02080,Cliente 02080,Corporativo,Cali,Occidente,Valle del Cauca,F,46-55,2022-11-07,Activo
C02081,Cliente 02081,Corporativo,Cartagena,Caribe,Bolivar,No informado,26-35,2023-10-03,Activo
C02082,Cliente 02082,Hogar,Santa Marta,Caribe,Magdalena,F,26-35,2021-11-25,Activo
C02083,Cliente 02083,Hogar,Ibague,Centro,Tolima,No informado,56+,2020-02-06,Activo
C02084,Cliente 02084,Pyme,Medellin,Antioquia,Antioquia,No informado,36-45,2025-11-27,Activo
C02085,Cliente 02085,Hogar,Villavicencio,Llanos,Meta,F,26-35,2025-11-02,Activo
C02086,Cliente 02086,Gobierno,Bogota,Centro,Cundinamarca,F,46-55,2024-02-05,Activo
C02087,Cliente 02087,Gobierno,Cartagena,Caribe,Bolivar,F,56+,2022-05-07,Activo
C02088,Cliente 02088,Hogar,Bogota,Centro,Cundinamarca,M,56+,2025-12-18,Activo
C02089,Cliente 02089,Corporativo,Manizales,Eje Cafetero,Caldas,F,26-35,2023-08-25,Inactivo
C02090,Cliente 02090,Educacion,Cali,Occidente,Valle del Cauca,M,46-55,2019-12-23,Activo
C02091,Cliente 02091,Gobierno,Ibague,Centro,Tolima,M,56+,2025-11-29,Activo
C02092,Cliente 02092,Corporativo,Manizales,Eje Cafetero,Caldas,No informado,18-25,2025-02-08,Activo
C02093,Cliente 02093,Educacion,Bogota,Centro,Cundinamarca,No informado,26-35,2022-05-30,Activo
C02094,Cliente 02094,Educacion,Bucaramanga,Oriente,Santander,M,56+,2024-06-17,Activo
C02095,Cliente 02095,Gobierno,Pereira,Eje Cafetero,Risaralda,F,26-35,2021-05-27,Activo
C02096,Cliente 02096,Corporativo,Manizales,Eje Cafetero,Caldas,F,36-45,2022-02-20,Activo
C02097,Cliente 02097,Pyme,Pereira,Eje Cafetero,Risaralda,No informado,36-45,2021-03-04,Activo
C02098,Cliente 02098,Hogar,Manizales,Eje Cafetero,Caldas,F,56+,2025-10-02,Activo
C02099,Cliente 02099,Pyme,Manizales,Eje Cafetero,Caldas,No informado,56+,2025-03-19,Activo
C02100,Cliente 02100,Corporativo,Pasto,Sur,Narino,F,26-35,2021-12-19,Activo
C02101,Cliente 02101,Hogar,Santa Marta,Caribe,Magdalena,M,26-35,2022-02-12,Inactivo
C02102,Cliente 02102,Hogar,Cali,Occidente,Valle del Cauca,No informado,18-25,2025-09-18,Activo
C02103,Cliente 02103,Gobierno,Cali,Occidente,Valle del Cauca,F,18-25,2021-06-21,Activo
C02104,Cliente 02104,Corporativo,Pasto,Sur,Narino,F,46-55,2019-09-08,Activo
C02105,Cliente 02105,Hogar,Cali,Occidente,Valle del Cauca,F,26-35,2023-05-15,Activo
C02106,Cliente 02106,Educacion,Ibague,Centro,Tolima,F,26-35,2020-02-29,Inactivo
C02107,Cliente 02107,Pyme,Bucaramanga,Oriente,Santander,F,26-35,2019-04-28,Activo
C02108,Cliente 02108,Corporativo,Villavicencio,Llanos,Meta,F,26-35,2020-10-19,Activo
C02109,Cliente 02109,Gobierno,Santa Marta,Caribe,Magdalena,M,18-25,2019-10-02,Activo
C02110,Cliente 02110,Hogar,Ibague,Centro,Tolima,No informado,26-35,2019-05-22,Activo
C02111,Cliente 02111,Pyme,Santa Marta,Caribe,Magdalena,F,26-35,2021-04-26,Activo
C02112,Cliente 02112,Pyme,Barranquilla,Caribe,Atlantico,No informado,46-55,2020-07-06,Activo
C02113,Cliente 02113,Gobierno,Cali,Occidente,Valle del Cauca,M,56+,2019-04-15,Activo
C02114,Cliente 02114,Pyme,Santa Marta,Caribe,Magdalena,M,36-45,2019-02-07,Activo
C02115,Cliente 02115,Gobierno,Bucaramanga,Oriente,Santander,No informado,36-45,2024-04-02,Activo
C02116,Cliente 02116,Gobierno,Santa Marta,Caribe,Magdalena,F,56+,2019-03-13,Activo
C02117,Cliente 02117,Gobierno,Manizales,Eje Cafetero,Caldas,No informado,56+,2021-09-02,Activo
C02118,Cliente 02118,Corporativo,Cali,Occidente,Valle del Cauca,No informado,18-25,2020-05-05,Activo
C02119,Cliente 02119,Hogar,Ibague,Centro,Tolima,F,26-35,2021-06-02,Activo
C02120,Cliente 02120,Pyme,Medellin,Antioquia,Antioquia,F,18-25,2024-07-01,Activo
C02121,Cliente 02121,Gobierno,Manizales,Eje Cafetero,Caldas,M,46-55,2023-03-13,Activo
C02122,Cliente 02122,Educacion,Manizales,Eje Cafetero,Caldas,No informado,26-35,2021-07-11,Activo
C02123,Cliente 02123,Pyme,Pereira,Eje Cafetero,Risaralda,M,36-45,2021-07-12,Activo
C02124,Cliente 02124,Gobierno,Medellin,Antioquia,Antioquia,No informado,36-45,2024-01-30,Activo
C02125,Cliente 02125,Corporativo,Pereira,Eje Cafetero,Risaralda,No informado,56+,2023-01-11,Activo
C02126,Cliente 02126,Hogar,Pereira,Eje Cafetero,Risaralda,M,18-25,2021-01-12,Activo
C02127,Cliente 02127,Pyme,Villavicencio,Llanos,Meta,M,46-55,2019-08-28,Activo
C02128,Cliente 02128,Pyme,Cartagena,Caribe,Bolivar,M,46-55,2022-08-08,Activo
C02129,Cliente 02129,Educacion,Bogota,Centro,Cundinamarca,No informado,18-25,2019-08-07,Activo
C02130,Cliente 02130,Pyme,Pasto,Sur,Narino,M,18-25,2022-10-27,Activo
C02131,Cliente 02131,Gobierno,Ibague,Centro,Tolima,M,56+,2021-08-31,Activo
C02132,Cliente 02132,Hogar,Medellin,Antioquia,Antioquia,M,18-25,2020-08-05,Activo
C02133,Cliente 02133,Pyme,Bucaramanga,Oriente,Santander,F,18-25,2024-09-24,Activo
C02134,Cliente 02134,Hogar,Pereira,Eje Cafetero,Risaralda,No informado,36-45,2025-07-23,Activo
C02135,Cliente 02135,Gobierno,Santa Marta,Caribe,Magdalena,F,26-35,2021-09-21,Activo
C02136,Cliente 02136,Educacion,Bucaramanga,Oriente,Santander,F,46-55,2020-10-04,Inactivo
C02137,Cliente 02137,Gobierno,Medellin,Antioquia,Antioquia,M,26-35,2023-05-07,Activo
C02138,Cliente 02138,Pyme,Cartagena,Caribe,Bolivar,M,26-35,2020-12-04,Activo
C02139,Cliente 02139,Gobierno,Pereira,Eje Cafetero,Risaralda,M,26-35,2024-11-24,Activo
C02140,Cliente 02140,Educacion,Cartagena,Caribe,Bolivar,No informado,26-35,2021-09-26,Activo
C02141,Cliente 02141,Gobierno,Cali,Occidente,Valle del Cauca,F,46-55,2019-07-02,Activo
C02142,Cliente 02142,Gobierno,Villavicencio,Llanos,Meta,M,56+,2022-07-19,Activo
C02143,Cliente 02143,Corporativo,Manizales,Eje Cafetero,Caldas,M,26-35,2020-01-27,Activo
C02144,Cliente 02144,Educacion,Bogota,Centro,Cundinamarca,F,56+,2024-02-08,Activo
C02145,Cliente 02145,Gobierno,Villavicencio,Llanos,Meta,F,36-45,2025-11-26,Activo
C02146,Cliente 02146,Educacion,Bucaramanga,Oriente,Santander,F,18-25,2022-10-03,Activo
C02147,Cliente 02147,Gobierno,Manizales,Eje Cafetero,Caldas,F,56+,2020-08-31,Activo
C02148,Cliente 02148,Corporativo,Bogota,Centro,Cundinamarca,F,26-35,2020-12-08,Activo
C02149,Cliente 02149,Educacion,Medellin,Antioquia,Antioquia,M,18-25,2019-09-23,Activo
C02150,Cliente 02150,Hogar,Pasto,Sur,Narino,M,26-35,2024-09-27,Activo
C02151,Cliente 02151,Gobierno,Villavicencio,Llanos,Meta,M,56+,2024-10-23,Activo
C02152,Cliente 02152,Corporativo,Santa Marta,Caribe,Magdalena,F,46-55,2025-06-15,Activo
C02153,Cliente 02153,Pyme,Manizales,Eje Cafetero,Caldas,M,18-25,2019-09-16,Activo
C02154,Cliente 02154,Gobierno,Manizales,Eje Cafetero,Caldas,No informado,18-25,2025-06-14,Activo
C02155,Cliente 02155,Educacion,Bucaramanga,Oriente,Santander,F,26-35,2020-01-20,Activo
C02156,Cliente 02156,Pyme,Manizales,Eje Cafetero,Caldas,No informado,46-55,2023-12-22,Activo
C02157,Cliente 02157,Pyme,Santa Marta,Caribe,Magdalena,F,36-45,2022-11-23,Activo
C02158,Cliente 02158,Gobierno,Pasto,Sur,Narino,M,56+,2019-06-22,Activo
C02159,Cliente 02159,Pyme,Barranquilla,Caribe,Atlantico,M,26-35,2026-01-12,Activo
C02160,Cliente 02160,Educacion,Santa Marta,Caribe,Magdalena,No informado,18-25,2026-02-03,Activo
C02161,Cliente 02161,Corporativo,Barranquilla,Caribe,Atlantico,F,36-45,2025-05-17,Activo
C02162,Cliente 02162,Pyme,Manizales,Eje Cafetero,Caldas,F,36-45,2022-06-22,Activo
C02163,Cliente 02163,Educacion,Ibague,Centro,Tolima,F,36-45,2023-01-07,Activo
C02164,Cliente 02164,Gobierno,Barranquilla,Caribe,Atlantico,F,56+,2019-06-17,Activo
C02165,Cliente 02165,Hogar,Cali,Occidente,Valle del Cauca,No informado,36-45,2021-03-13,Activo
C02166,Cliente 02166,Pyme,Manizales,Eje Cafetero,Caldas,No informado,56+,2024-04-11,Activo
C02167,Cliente 02167,Gobierno,Villavicencio,Llanos,Meta,No informado,36-45,2021-03-13,Activo
C02168,Cliente 02168,Hogar,Santa Marta,Caribe,Magdalena,M,46-55,2024-09-11,Inactivo
C02169,Cliente 02169,Pyme,Pereira,Eje Cafetero,Risaralda,M,56+,2025-02-28,Activo
C02170,Cliente 02170,Gobierno,Villavicencio,Llanos,Meta,No informado,56+,2021-09-03,Activo
C02171,Cliente 02171,Hogar,Bogota,Centro,Cundinamarca,M,56+,2023-06-04,Activo
C02172,Cliente 02172,Corporativo,Cali,Occidente,Valle del Cauca,No informado,36-45,2020-02-18,Activo
C02173,Cliente 02173,Hogar,Cali,Occidente,Valle del Cauca,No informado,18-25,2024-09-22,Inactivo
C02174,Cliente 02174,Gobierno,Cali,Occidente,Valle del Cauca,M,46-55,2021-04-20,Activo
C02175,Cliente 02175,Corporativo,Santa Marta,Caribe,Magdalena,No informado,18-25,2024-07-25,Activo
C02176,Cliente 02176,Corporativo,Pereira,Eje Cafetero,Risaralda,No informado,18-25,2022-07-17,Activo
C02177,Cliente 02177,Gobierno,Pasto,Sur,Narino,F,56+,2024-09-15,Activo
C02178,Cliente 02178,Gobierno,Manizales,Eje Cafetero,Caldas,M,18-25,2024-05-02,Activo
C02179,Cliente 02179,Corporativo,Villavicencio,Llanos,Meta,M,46-55,2021-11-07,Activo
C02180,Cliente 02180,Pyme,Medellin,Antioquia,Antioquia,F,56+,2019-06-16,Activo
C02181,Cliente 02181,Hogar,Manizales,Eje Cafetero,Caldas,M,46-55,2025-10-18,Activo
C02182,Cliente 02182,Hogar,Ibague,Centro,Tolima,M,18-25,2020-11-07,Activo
C02183,Cliente 02183,Hogar,Barranquilla,Caribe,Atlantico,F,18-25,2023-01-15,Activo
C02184,Cliente 02184,Educacion,Santa Marta,Caribe,Magdalena,No informado,56+,2025-10-10,Activo
C02185,Cliente 02185,Gobierno,Bucaramanga,Oriente,Santander,M,18-25,2020-01-28,Inactivo
C02186,Cliente 02186,Hogar,Manizales,Eje Cafetero,Caldas,No informado,18-25,2021-09-20,Activo
C02187,Cliente 02187,Hogar,Bogota,Centro,Cundinamarca,No informado,18-25,2020-04-04,Activo
C02188,Cliente 02188,Gobierno,Medellin,Antioquia,Antioquia,No informado,56+,2020-04-08,Inactivo
C02189,Cliente 02189,Pyme,Pereira,Eje Cafetero,Risaralda,F,26-35,2024-07-30,Activo
C02190,Cliente 02190,Educacion,Cartagena,Caribe,Bolivar,No informado,36-45,2022-10-14,Activo
C02191,Cliente 02191,Corporativo,Cartagena,Caribe,Bolivar,M,18-25,2025-01-17,Activo
C02192,Cliente 02192,Corporativo,Bogota,Centro,Cundinamarca,No informado,18-25,2024-01-18,Activo
C02193,Cliente 02193,Educacion,Ibague,Centro,Tolima,F,56+,2022-01-16,Activo
C02194,Cliente 02194,Corporativo,Cartagena,Caribe,Bolivar,F,18-25,2021-07-22,Activo
C02195,Cliente 02195,Corporativo,Bucaramanga,Oriente,Santander,M,46-55,2022-03-22,Activo
C02196,Cliente 02196,Gobierno,Cali,Occidente,Valle del Cauca,No informado,36-45,2025-05-26,Activo
C02197,Cliente 02197,Gobierno,Bucaramanga,Oriente,Santander,No informado,56+,2022-01-07,Activo
C02198,Cliente 02198,Hogar,Medellin,Antioquia,Antioquia,M,46-55,2021-12-06,Activo
C02199,Cliente 02199,Pyme,Pasto,Sur,Narino,No informado,18-25,2023-04-25,Activo
C02200,Cliente 02200,Corporativo,Villavicencio,Llanos,Meta,M,26-35,2024-10-26,Activo
C02201,Cliente 02201,Gobierno,Pasto,Sur,Narino,F,26-35,2019-11-15,Activo
C02202,Cliente 02202,Educacion,Cali,Occidente,Valle del Cauca,M,46-55,2025-02-01,Activo
C02203,Cliente 02203,Hogar,Cartagena,Caribe,Bolivar,M,18-25,2025-01-22,Activo
C02204,Cliente 02204,Gobierno,Barranquilla,Caribe,Atlantico,F,56+,2022-07-13,Activo
C02205,Cliente 02205,Hogar,Medellin,Antioquia,Antioquia,F,36-45,2024-05-25,Activo
C02206,Cliente 02206,Gobierno,Ibague,Centro,Tolima,No informado,56+,2019-01-01,Activo
C02207,Cliente 02207,Hogar,Medellin,Antioquia,Antioquia,F,18-25,2024-01-18,Activo
C02208,Cliente 02208,Corporativo,Pasto,Sur,Narino,F,46-55,2021-11-29,Activo
C02209,Cliente 02209,Pyme,Cali,Occidente,Valle del Cauca,M,18-25,2025-01-29,Activo
C02210,Cliente 02210,Hogar,Medellin,Antioquia,Antioquia,No informado,26-35,2025-09-25,Activo
C02211,Cliente 02211,Pyme,Bucaramanga,Oriente,Santander,F,46-55,2023-01-07,Activo
C02212,Cliente 02212,Educacion,Barranquilla,Caribe,Atlantico,F,56+,2024-04-13,Activo
C02213,Cliente 02213,Educacion,Cartagena,Caribe,Bolivar,F,26-35,2023-01-23,Activo
C02214,Cliente 02214,Educacion,Santa Marta,Caribe,Magdalena,M,46-55,2022-06-10,Activo
C02215,Cliente 02215,Educacion,Pasto,Sur,Narino,M,18-25,2021-07-22,Activo
C02216,Cliente 02216,Corporativo,Santa Marta,Caribe,Magdalena,F,56+,2023-10-15,Activo
C02217,Cliente 02217,Corporativo,Barranquilla,Caribe,Atlantico,No informado,26-35,2024-07-22,Activo
C02218,Cliente 02218,Gobierno,Villavicencio,Llanos,Meta,M,18-25,2021-05-10,Activo
C02219,Cliente 02219,Corporativo,Cali,Occidente,Valle del Cauca,M,18-25,2023-08-05,Activo
C02220,Cliente 02220,Educacion,Medellin,Antioquia,Antioquia,M,26-35,2024-10-07,Inactivo
C02221,Cliente 02221,Educacion,Cali,Occidente,Valle del Cauca,F,18-25,2019-11-03,Activo
C02222,Cliente 02222,Hogar,Manizales,Eje Cafetero,Caldas,M,56+,2021-04-16,Activo
C02223,Cliente 02223,Pyme,Barranquilla,Caribe,Atlantico,M,46-55,2026-02-09,Activo
C02224,Cliente 02224,Pyme,Bogota,Centro,Cundinamarca,No informado,36-45,2022-05-26,Activo
C02225,Cliente 02225,Gobierno,Cartagena,Caribe,Bolivar,F,46-55,2025-10-10,Activo
C02226,Cliente 02226,Pyme,Cali,Occidente,Valle del Cauca,F,56+,2023-09-20,Activo
C02227,Cliente 02227,Educacion,Cali,Occidente,Valle del Cauca,F,18-25,2026-01-13,Activo
C02228,Cliente 02228,Educacion,Villavicencio,Llanos,Meta,No informado,26-35,2022-08-12,Activo
C02229,Cliente 02229,Educacion,Barranquilla,Caribe,Atlantico,F,56+,2019-04-27,Activo
C02230,Cliente 02230,Corporativo,Ibague,Centro,Tolima,No informado,18-25,2020-03-03,Activo
C02231,Cliente 02231,Hogar,Manizales,Eje Cafetero,Caldas,M,46-55,2025-02-18,Activo
C02232,Cliente 02232,Hogar,Cali,Occidente,Valle del Cauca,M,18-25,2025-05-27,Inactivo
C02233,Cliente 02233,Hogar,Santa Marta,Caribe,Magdalena,No informado,26-35,2021-05-07,Activo
C02234,Cliente 02234,Hogar,Ibague,Centro,Tolima,M,56+,2023-07-29,Activo
C02235,Cliente 02235,Pyme,Manizales,Eje Cafetero,Caldas,F,46-55,2020-12-14,Activo
C02236,Cliente 02236,Corporativo,Cali,Occidente,Valle del Cauca,F,56+,2019-03-24,Activo
C02237,Cliente 02237,Corporativo,Cartagena,Caribe,Bolivar,M,56+,2020-01-01,Activo
C02238,Cliente 02238,Corporativo,Bucaramanga,Oriente,Santander,F,26-35,2023-03-15,Activo
C02239,Cliente 02239,Gobierno,Cartagena,Caribe,Bolivar,M,46-55,2026-01-10,Activo
C02240,Cliente 02240,Gobierno,Cali,Occidente,Valle del Cauca,F,56+,2020-09-21,Activo
C02241,Cliente 02241,Hogar,Medellin,Antioquia,Antioquia,F,18-25,2023-06-29,Activo
C02242,Cliente 02242,Hogar,Manizales,Eje Cafetero,Caldas,M,56+,2021-08-29,Activo
C02243,Cliente 02243,Corporativo,Ibague,Centro,Tolima,No informado,56+,2023-06-14,Activo
C02244,Cliente 02244,Hogar,Villavicencio,Llanos,Meta,M,26-35,2021-03-21,Activo
C02245,Cliente 02245,Educacion,Manizales,Eje Cafetero,Caldas,F,18-25,2021-03-13,Inactivo
C02246,Cliente 02246,Hogar,Medellin,Antioquia,Antioquia,No informado,36-45,2025-12-29,Activo
C02247,Cliente 02247,Gobierno,Pereira,Eje Cafetero,Risaralda,M,18-25,2022-11-01,Activo
C02248,Cliente 02248,Corporativo,Bogota,Centro,Cundinamarca,No informado,56+,2025-01-24,Activo
C02249,Cliente 02249,Pyme,Villavicencio,Llanos,Meta,No informado,26-35,2020-11-10,Activo
C02250,Cliente 02250,Pyme,Bucaramanga,Oriente,Santander,F,56+,2025-12-05,Activo
C02251,Cliente 02251,Gobierno,Cali,Occidente,Valle del Cauca,F,26-35,2021-09-25,Activo
C02252,Cliente 02252,Corporativo,Villavicencio,Llanos,Meta,No informado,26-35,2022-09-27,Activo
C02253,Cliente 02253,Corporativo,Pereira,Eje Cafetero,Risaralda,No informado,46-55,2025-02-26,Activo
C02254,Cliente 02254,Educacion,Barranquilla,Caribe,Atlantico,M,18-25,2019-04-01,Activo
C02255,Cliente 02255,Corporativo,Cartagena,Caribe,Bolivar,No informado,18-25,2025-05-10,Activo
C02256,Cliente 02256,Corporativo,Santa Marta,Caribe,Magdalena,M,26-35,2021-03-25,Inactivo
C02257,Cliente 02257,Pyme,Santa Marta,Caribe,Magdalena,F,26-35,2025-07-27,Activo
C02258,Cliente 02258,Gobierno,Cartagena,Caribe,Bolivar,F,18-25,2021-05-07,Activo
C02259,Cliente 02259,Pyme,Cali,Occidente,Valle del Cauca,No informado,36-45,2025-11-19,Activo
C02260,Cliente 02260,Educacion,Medellin,Antioquia,Antioquia,F,46-55,2025-12-30,Activo
C02261,Cliente 02261,Corporativo,Bogota,Centro,Cundinamarca,M,36-45,2025-07-19,Activo
C02262,Cliente 02262,Educacion,Villavicencio,Llanos,Meta,No informado,18-25,2021-04-14,Activo
C02263,Cliente 02263,Educacion,Medellin,Antioquia,Antioquia,M,26-35,2020-08-24,Activo
C02264,Cliente 02264,Gobierno,Pereira,Eje Cafetero,Risaralda,F,18-25,2019-02-01,Activo
C02265,Cliente 02265,Educacion,Bogota,Centro,Cundinamarca,F,18-25,2021-08-15,Activo
C02266,Cliente 02266,Hogar,Barranquilla,Caribe,Atlantico,M,26-35,2020-10-04,Activo
C02267,Cliente 02267,Educacion,Ibague,Centro,Tolima,M,36-45,2022-03-24,Activo
C02268,Cliente 02268,Educacion,Santa Marta,Caribe,Magdalena,M,36-45,2025-12-14,Activo
C02269,Cliente 02269,Corporativo,Manizales,Eje Cafetero,Caldas,F,46-55,2024-05-18,Activo
C02270,Cliente 02270,Educacion,Ibague,Centro,Tolima,M,36-45,2019-03-31,Activo
C02271,Cliente 02271,Educacion,Bogota,Centro,Cundinamarca,F,18-25,2019-11-05,Activo
C02272,Cliente 02272,Pyme,Cali,Occidente,Valle del Cauca,No informado,36-45,2021-09-08,Activo
C02273,Cliente 02273,Gobierno,Villavicencio,Llanos,Meta,F,26-35,2020-03-29,Activo
C02274,Cliente 02274,Educacion,Bogota,Centro,Cundinamarca,F,26-35,2022-11-11,Activo
C02275,Cliente 02275,Gobierno,Santa Marta,Caribe,Magdalena,F,36-45,2022-11-22,Activo
C02276,Cliente 02276,Hogar,Barranquilla,Caribe,Atlantico,No informado,26-35,2023-11-17,Activo
C02277,Cliente 02277,Corporativo,Villavicencio,Llanos,Meta,No informado,18-25,2024-02-13,Activo
C02278,Cliente 02278,Pyme,Bogota,Centro,Cundinamarca,M,56+,2024-05-23,Activo
C02279,Cliente 02279,Pyme,Cartagena,Caribe,Bolivar,F,18-25,2025-10-07,Activo
C02280,Cliente 02280,Gobierno,Bucaramanga,Oriente,Santander,No informado,26-35,2025-04-20,Activo
C02281,Cliente 02281,Educacion,Manizales,Eje Cafetero,Caldas,M,26-35,2024-12-31,Inactivo
C02282,Cliente 02282,Pyme,Bucaramanga,Oriente,Santander,M,46-55,2025-12-15,Activo
C02283,Cliente 02283,Educacion,Cali,Occidente,Valle del Cauca,F,26-35,2020-12-13,Activo
C02284,Cliente 02284,Corporativo,Manizales,Eje Cafetero,Caldas,No informado,36-45,2020-06-08,Activo
C02285,Cliente 02285,Corporativo,Villavicencio,Llanos,Meta,M,46-55,2025-10-24,Activo
C02286,Cliente 02286,Pyme,Santa Marta,Caribe,Magdalena,No informado,56+,2019-08-25,Activo
C02287,Cliente 02287,Gobierno,Medellin,Antioquia,Antioquia,F,26-35,2019-12-05,Activo
C02288,Cliente 02288,Pyme,Barranquilla,Caribe,Atlantico,F,46-55,2021-12-05,Activo
C02289,Cliente 02289,Hogar,Cartagena,Caribe,Bolivar,M,46-55,2024-09-17,Activo
C02290,Cliente 02290,Educacion,Manizales,Eje Cafetero,Caldas,M,36-45,2022-06-25,Activo
C02291,Cliente 02291,Educacion,Cartagena,Caribe,Bolivar,M,56+,2019-04-14,Activo
C02292,Cliente 02292,Hogar,Pereira,Eje Cafetero,Risaralda,No informado,36-45,2019-05-11,Inactivo
C02293,Cliente 02293,Gobierno,Pereira,Eje Cafetero,Risaralda,F,18-25,2020-10-05,Activo
C02294,Cliente 02294,Gobierno,Pereira,Eje Cafetero,Risaralda,No informado,36-45,2025-06-30,Activo
C02295,Cliente 02295,Gobierno,Manizales,Eje Cafetero,Caldas,M,36-45,2025-09-28,Activo
C02296,Cliente 02296,Gobierno,Ibague,Centro,Tolima,M,46-55,2024-02-25,Activo
C02297,Cliente 02297,Gobierno,Santa Marta,Caribe,Magdalena,No informado,18-25,2025-12-03,Activo
C02298,Cliente 02298,Educacion,Pasto,Sur,Narino,No informado,56+,2019-06-22,Activo
C02299,Cliente 02299,Corporativo,Medellin,Antioquia,Antioquia,M,26-35,2024-10-14,Activo
C02300,Cliente 02300,Educacion,Bogota,Centro,Cundinamarca,F,26-35,2021-09-19,Activo
C02301,Cliente 02301,Corporativo,Villavicencio,Llanos,Meta,F,26-35,2019-05-12,Activo
C02302,Cliente 02302,Corporativo,Bucaramanga,Oriente,Santander,F,26-35,2021-09-03,Activo
C02303,Cliente 02303,Educacion,Manizales,Eje Cafetero,Caldas,F,18-25,2024-05-04,Activo
C02304,Cliente 02304,Educacion,Santa Marta,Caribe,Magdalena,F,56+,2020-08-02,Activo
C02305,Cliente 02305,Corporativo,Pasto,Sur,Narino,No informado,46-55,2023-07-02,Activo
C02306,Cliente 02306,Pyme,Cali,Occidente,Valle del Cauca,F,26-35,2026-01-12,Activo
C02307,Cliente 02307,Pyme,Cartagena,Caribe,Bolivar,No informado,36-45,2023-02-09,Activo
C02308,Cliente 02308,Pyme,Medellin,Antioquia,Antioquia,No informado,26-35,2019-10-19,Activo
C02309,Cliente 02309,Hogar,Bogota,Centro,Cundinamarca,No informado,18-25,2022-03-14,Activo
C02310,Cliente 02310,Hogar,Bucaramanga,Oriente,Santander,F,46-55,2023-07-25,Activo
C02311,Cliente 02311,Corporativo,Pereira,Eje Cafetero,Risaralda,F,18-25,2021-10-11,Activo
C02312,Cliente 02312,Gobierno,Cartagena,Caribe,Bolivar,No informado,36-45,2024-02-17,Activo
C02313,Cliente 02313,Pyme,Bogota,Centro,Cundinamarca,M,18-25,2022-12-10,Activo
C02314,Cliente 02314,Pyme,Cali,Occidente,Valle del Cauca,No informado,46-55,2020-09-04,Activo
C02315,Cliente 02315,Pyme,Santa Marta,Caribe,Magdalena,M,36-45,2023-12-03,Activo
C02316,Cliente 02316,Corporativo,Cali,Occidente,Valle del Cauca,No informado,46-55,2019-03-14,Activo
C02317,Cliente 02317,Gobierno,Santa Marta,Caribe,Magdalena,M,46-55,2019-08-29,Activo
C02318,Cliente 02318,Pyme,Pasto,Sur,Narino,M,36-45,2020-07-13,Activo
C02319,Cliente 02319,Corporativo,Ibague,Centro,Tolima,F,36-45,2021-06-27,Inactivo
C02320,Cliente 02320,Gobierno,Bogota,Centro,Cundinamarca,F,36-45,2021-10-09,Activo
C02321,Cliente 02321,Corporativo,Medellin,Antioquia,Antioquia,F,18-25,2025-12-19,Activo
C02322,Cliente 02322,Corporativo,Cali,Occidente,Valle del Cauca,F,26-35,2025-02-22,Activo
C02323,Cliente 02323,Hogar,Barranquilla,Caribe,Atlantico,No informado,36-45,2025-03-19,Activo
C02324,Cliente 02324,Educacion,Barranquilla,Caribe,Atlantico,F,56+,2023-02-15,Activo
C02325,Cliente 02325,Educacion,Pasto,Sur,Narino,No informado,26-35,2021-06-12,Activo
C02326,Cliente 02326,Pyme,Pasto,Sur,Narino,M,56+,2023-04-04,Activo
C02327,Cliente 02327,Gobierno,Cartagena,Caribe,Bolivar,M,46-55,2026-01-03,Activo
C02328,Cliente 02328,Pyme,Ibague,Centro,Tolima,No informado,56+,2019-11-03,Activo
C02329,Cliente 02329,Educacion,Manizales,Eje Cafetero,Caldas,F,56+,2020-11-30,Activo
C02330,Cliente 02330,Hogar,Bogota,Centro,Cundinamarca,F,46-55,2023-11-26,Activo
C02331,Cliente 02331,Gobierno,Barranquilla,Caribe,Atlantico,No informado,18-25,2024-04-11,Activo
C02332,Cliente 02332,Pyme,Manizales,Eje Cafetero,Caldas,No informado,18-25,2022-03-19,Inactivo
C02333,Cliente 02333,Pyme,Bucaramanga,Oriente,Santander,M,36-45,2023-06-11,Activo
C02334,Cliente 02334,Educacion,Bucaramanga,Oriente,Santander,F,26-35,2025-10-03,Activo
C02335,Cliente 02335,Hogar,Manizales,Eje Cafetero,Caldas,M,56+,2022-12-23,Activo
C02336,Cliente 02336,Pyme,Pereira,Eje Cafetero,Risaralda,M,56+,2025-05-20,Activo
C02337,Cliente 02337,Educacion,Medellin,Antioquia,Antioquia,F,46-55,2021-09-07,Activo
C02338,Cliente 02338,Educacion,Santa Marta,Caribe,Magdalena,F,46-55,2019-06-29,Activo
C02339,Cliente 02339,Hogar,Santa Marta,Caribe,Magdalena,M,46-55,2025-07-31,Activo
C02340,Cliente 02340,Gobierno,Manizales,Eje Cafetero,Caldas,M,56+,2020-11-02,Activo
C02341,Cliente 02341,Gobierno,Manizales,Eje Cafetero,Caldas,No informado,26-35,2021-03-12,Activo
C02342,Cliente 02342,Gobierno,Ibague,Centro,Tolima,F,46-55,2020-06-02,Activo
C02343,Cliente 02343,Educacion,Santa Marta,Caribe,Magdalena,F,36-45,2023-06-10,Inactivo
C02344,Cliente 02344,Corporativo,Villavicencio,Llanos,Meta,F,26-35,2022-01-18,Activo
C02345,Cliente 02345,Pyme,Barranquilla,Caribe,Atlantico,M,46-55,2021-12-18,Activo
C02346,Cliente 02346,Educacion,Manizales,Eje Cafetero,Caldas,No informado,26-35,2021-12-31,Activo
C02347,Cliente 02347,Educacion,Pasto,Sur,Narino,No informado,36-45,2021-11-05,Activo
C02348,Cliente 02348,Gobierno,Santa Marta,Caribe,Magdalena,M,36-45,2025-10-09,Activo
C02349,Cliente 02349,Hogar,Cali,Occidente,Valle del Cauca,F,36-45,2024-03-10,Activo
C02350,Cliente 02350,Gobierno,Manizales,Eje Cafetero,Caldas,No informado,26-35,2022-11-24,Activo
C02351,Cliente 02351,Gobierno,Bogota,Centro,Cundinamarca,M,56+,2020-10-06,Activo
C02352,Cliente 02352,Gobierno,Pereira,Eje Cafetero,Risaralda,F,18-25,2020-07-05,Activo
C02353,Cliente 02353,Educacion,Cali,Occidente,Valle del Cauca,M,46-55,2025-07-03,Activo
C02354,Cliente 02354,Gobierno,Ibague,Centro,Tolima,No informado,56+,2019-09-18,Activo
C02355,Cliente 02355,Gobierno,Cartagena,Caribe,Bolivar,No informado,46-55,2019-07-10,Activo
C02356,Cliente 02356,Educacion,Manizales,Eje Cafetero,Caldas,M,36-45,2021-06-01,Activo
C02357,Cliente 02357,Corporativo,Bogota,Centro,Cundinamarca,M,26-35,2025-12-30,Activo
C02358,Cliente 02358,Corporativo,Villavicencio,Llanos,Meta,F,18-25,2024-10-14,Activo
C02359,Cliente 02359,Educacion,Santa Marta,Caribe,Magdalena,No informado,36-45,2022-07-14,Activo
C02360,Cliente 02360,Gobierno,Santa Marta,Caribe,Magdalena,M,36-45,2019-02-02,Activo
C02361,Cliente 02361,Pyme,Medellin,Antioquia,Antioquia,M,56+,2022-12-01,Activo
C02362,Cliente 02362,Gobierno,Santa Marta,Caribe,Magdalena,No informado,36-45,2023-07-22,Activo
C02363,Cliente 02363,Corporativo,Barranquilla,Caribe,Atlantico,No informado,56+,2021-06-30,Inactivo
C02364,Cliente 02364,Pyme,Bogota,Centro,Cundinamarca,No informado,18-25,2024-06-26,Activo
C02365,Cliente 02365,Gobierno,Villavicencio,Llanos,Meta,M,18-25,2023-11-13,Activo
C02366,Cliente 02366,Gobierno,Barranquilla,Caribe,Atlantico,M,36-45,2020-10-06,Inactivo
C02367,Cliente 02367,Hogar,Ibague,Centro,Tolima,No informado,56+,2025-11-19,Inactivo
C02368,Cliente 02368,Gobierno,Bogota,Centro,Cundinamarca,M,46-55,2023-09-15,Activo
C02369,Cliente 02369,Gobierno,Ibague,Centro,Tolima,M,56+,2026-01-22,Activo
C02370,Cliente 02370,Pyme,Santa Marta,Caribe,Magdalena,M,36-45,2020-06-04,Activo
C02371,Cliente 02371,Pyme,Bogota,Centro,Cundinamarca,No informado,46-55,2019-05-27,Activo
C02372,Cliente 02372,Hogar,Cali,Occidente,Valle del Cauca,No informado,36-45,2026-01-29,Activo
C02373,Cliente 02373,Gobierno,Ibague,Centro,Tolima,F,26-35,2022-02-07,Activo
C02374,Cliente 02374,Hogar,Pereira,Eje Cafetero,Risaralda,M,36-45,2019-01-01,Activo
C02375,Cliente 02375,Educacion,Manizales,Eje Cafetero,Caldas,M,18-25,2025-12-12,Activo
C02376,Cliente 02376,Corporativo,Bogota,Centro,Cundinamarca,F,46-55,2024-07-30,Activo
C02377,Cliente 02377,Pyme,Pereira,Eje Cafetero,Risaralda,M,56+,2024-04-05,Activo
C02378,Cliente 02378,Hogar,Cali,Occidente,Valle del Cauca,M,46-55,2024-08-27,Activo
C02379,Cliente 02379,Pyme,Ibague,Centro,Tolima,F,18-25,2020-10-12,Activo
C02380,Cliente 02380,Corporativo,Manizales,Eje Cafetero,Caldas,No informado,56+,2024-02-13,Activo
C02381,Cliente 02381,Hogar,Pereira,Eje Cafetero,Risaralda,F,46-55,2023-11-14,Activo
C02382,Cliente 02382,Pyme,Santa Marta,Caribe,Magdalena,F,36-45,2020-09-15,Activo
C02383,Cliente 02383,Educacion,Medellin,Antioquia,Antioquia,No informado,36-45,2020-10-26,Activo
C02384,Cliente 02384,Educacion,Ibague,Centro,Tolima,No informado,56+,2021-06-13,Activo
C02385,Cliente 02385,Corporativo,Manizales,Eje Cafetero,Caldas,M,46-55,2025-03-12,Activo
C02386,Cliente 02386,Pyme,Cartagena,Caribe,Bolivar,No informado,46-55,2020-06-05,Activo
C02387,Cliente 02387,Educacion,Villavicencio,Llanos,Meta,No informado,18-25,2024-04-08,Activo
C02388,Cliente 02388,Corporativo,Bucaramanga,Oriente,Santander,F,36-45,2025-01-12,Activo
C02389,Cliente 02389,Educacion,Medellin,Antioquia,Antioquia,No informado,26-35,2022-12-10,Activo
C02390,Cliente 02390,Educacion,Santa Marta,Caribe,Magdalena,No informado,26-35,2024-05-01,Inactivo
C02391,Cliente 02391,Gobierno,Bogota,Centro,Cundinamarca,No informado,26-35,2020-04-18,Activo
C02392,Cliente 02392,Pyme,Ibague,Centro,Tolima,M,36-45,2025-12-09,Activo
C02393,Cliente 02393,Gobierno,Santa Marta,Caribe,Magdalena,No informado,46-55,2021-03-26,Activo
C02394,Cliente 02394,Corporativo,Ibague,Centro,Tolima,F,46-55,2022-02-12,Activo
C02395,Cliente 02395,Educacion,Manizales,Eje Cafetero,Caldas,M,46-55,2020-10-06,Activo
C02396,Cliente 02396,Gobierno,Pasto,Sur,Narino,M,26-35,2024-12-08,Activo
C02397,Cliente 02397,Educacion,Ibague,Centro,Tolima,No informado,26-35,2025-01-13,Activo
C02398,Cliente 02398,Pyme,Cartagena,Caribe,Bolivar,M,26-35,2023-02-11,Activo
C02399,Cliente 02399,Corporativo,Pasto,Sur,Narino,F,36-45,2024-12-23,Activo
C02400,Cliente 02400,Educacion,Medellin,Antioquia,Antioquia,No informado,46-55,2025-10-30,Activo
C02401,Cliente 02401,Hogar,Bucaramanga,Oriente,Santander,M,46-55,2023-09-30,Activo
C02402,Cliente 02402,Pyme,Pereira,Eje Cafetero,Risaralda,M,18-25,2024-02-19,Activo
C02403,Cliente 02403,Gobierno,Manizales,Eje Cafetero,Caldas,M,18-25,2021-10-29,Activo
C02404,Cliente 02404,Hogar,Cartagena,Caribe,Bolivar,F,18-25,2023-12-11,Activo
C02405,Cliente 02405,Corporativo,Manizales,Eje Cafetero,Caldas,No informado,46-55,2023-04-04,Activo
C02406,Cliente 02406,Educacion,Pereira,Eje Cafetero,Risaralda,M,18-25,2025-09-23,Activo
C02407,Cliente 02407,Corporativo,Medellin,Antioquia,Antioquia,M,56+,2025-12-17,Activo
C02408,Cliente 02408,Pyme,Santa Marta,Caribe,Magdalena,F,36-45,2020-08-10,Activo
C02409,Cliente 02409,Pyme,Cartagena,Caribe,Bolivar,M,56+,2024-07-14,Activo
C02410,Cliente 02410,Gobierno,Manizales,Eje Cafetero,Caldas,F,36-45,2020-06-17,Activo
C02411,Cliente 02411,Gobierno,Cali,Occidente,Valle del Cauca,No informado,36-45,2024-01-24,Activo
C02412,Cliente 02412,Gobierno,Barranquilla,Caribe,Atlantico,No informado,18-25,2023-05-27,Activo
C02413,Cliente 02413,Educacion,Bucaramanga,Oriente,Santander,M,26-35,2019-08-16,Activo
C02414,Cliente 02414,Hogar,Ibague,Centro,Tolima,F,36-45,2021-04-03,Activo
C02415,Cliente 02415,Gobierno,Cali,Occidente,Valle del Cauca,No informado,46-55,2022-01-23,Activo
C02416,Cliente 02416,Educacion,Medellin,Antioquia,Antioquia,No informado,26-35,2019-09-02,Activo
C02417,Cliente 02417,Corporativo,Manizales,Eje Cafetero,Caldas,F,36-45,2022-01-29,Activo
C02418,Cliente 02418,Educacion,Manizales,Eje Cafetero,Caldas,F,26-35,2025-08-22,Activo
C02419,Cliente 02419,Pyme,Barranquilla,Caribe,Atlantico,F,56+,2020-04-19,Activo
C02420,Cliente 02420,Hogar,Pereira,Eje Cafetero,Risaralda,F,26-35,2024-02-29,Activo
C02421,Cliente 02421,Pyme,Pereira,Eje Cafetero,Risaralda,F,46-55,2020-12-31,Activo
C02422,Cliente 02422,Pyme,Cartagena,Caribe,Bolivar,No informado,36-45,2019-11-24,Activo
C02423,Cliente 02423,Pyme,Manizales,Eje Cafetero,Caldas,No informado,18-25,2020-06-23,Activo
C02424,Cliente 02424,Gobierno,Manizales,Eje Cafetero,Caldas,M,56+,2024-07-04,Activo
C02425,Cliente 02425,Pyme,Medellin,Antioquia,Antioquia,No informado,26-35,2019-03-20,Activo
C02426,Cliente 02426,Educacion,Pasto,Sur,Narino,M,56+,2023-09-06,Activo
C02427,Cliente 02427,Hogar,Bucaramanga,Oriente,Santander,M,46-55,2019-08-14,Activo
C02428,Cliente 02428,Hogar,Pasto,Sur,Narino,F,56+,2022-11-19,Activo
C02429,Cliente 02429,Pyme,Villavicencio,Llanos,Meta,F,56+,2025-07-12,Activo
C02430,Cliente 02430,Gobierno,Cali,Occidente,Valle del Cauca,F,56+,2021-08-14,Activo
C02431,Cliente 02431,Corporativo,Pereira,Eje Cafetero,Risaralda,F,56+,2019-06-24,Activo
C02432,Cliente 02432,Hogar,Bucaramanga,Oriente,Santander,M,36-45,2021-10-28,Activo
C02433,Cliente 02433,Educacion,Cartagena,Caribe,Bolivar,No informado,18-25,2023-02-15,Activo
C02434,Cliente 02434,Educacion,Ibague,Centro,Tolima,M,56+,2023-06-29,Activo
C02435,Cliente 02435,Educacion,Bogota,Centro,Cundinamarca,M,46-55,2025-05-05,Activo
C02436,Cliente 02436,Educacion,Pasto,Sur,Narino,M,18-25,2021-09-03,Activo
C02437,Cliente 02437,Educacion,Barranquilla,Caribe,Atlantico,M,18-25,2022-08-11,Activo
C02438,Cliente 02438,Gobierno,Bucaramanga,Oriente,Santander,F,36-45,2025-11-13,Activo
C02439,Cliente 02439,Pyme,Pereira,Eje Cafetero,Risaralda,No informado,18-25,2020-03-31,Inactivo
C02440,Cliente 02440,Educacion,Barranquilla,Caribe,Atlantico,F,46-55,2025-09-13,Activo
C02441,Cliente 02441,Gobierno,Pereira,Eje Cafetero,Risaralda,M,56+,2023-07-05,Activo
C02442,Cliente 02442,Hogar,Cali,Occidente,Valle del Cauca,M,56+,2023-12-01,Activo
C02443,Cliente 02443,Pyme,Pereira,Eje Cafetero,Risaralda,M,46-55,2023-11-22,Activo
C02444,Cliente 02444,Hogar,Ibague,Centro,Tolima,F,36-45,2021-11-13,Activo
C02445,Cliente 02445,Hogar,Barranquilla,Caribe,Atlantico,No informado,36-45,2026-01-23,Activo
C02446,Cliente 02446,Corporativo,Barranquilla,Caribe,Atlantico,F,46-55,2019-12-18,Activo
C02447,Cliente 02447,Gobierno,Bucaramanga,Oriente,Santander,No informado,18-25,2020-12-29,Activo
C02448,Cliente 02448,Educacion,Barranquilla,Caribe,Atlantico,No informado,26-35,2024-02-27,Activo
C02449,Cliente 02449,Educacion,Villavicencio,Llanos,Meta,M,26-35,2022-04-05,Activo
C02450,Cliente 02450,Educacion,Bucaramanga,Oriente,Santander,M,26-35,2019-06-19,Activo
C02451,Cliente 02451,Pyme,Pereira,Eje Cafetero,Risaralda,M,18-25,2022-09-26,Activo
C02452,Cliente 02452,Hogar,Bogota,Centro,Cundinamarca,F,56+,2021-08-07,Activo
C02453,Cliente 02453,Pyme,Bogota,Centro,Cundinamarca,M,18-25,2022-01-27,Activo
C02454,Cliente 02454,Gobierno,Bucaramanga,Oriente,Santander,M,26-35,2019-06-12,Activo
C02455,Cliente 02455,Educacion,Ibague,Centro,Tolima,F,26-35,2025-07-17,Activo
C02456,Cliente 02456,Hogar,Pasto,Sur,Narino,F,56+,2020-08-06,Activo
C02457,Cliente 02457,Pyme,Cali,Occidente,Valle del Cauca,M,18-25,2023-09-18,Activo
C02458,Cliente 02458,Hogar,Bogota,Centro,Cundinamarca,M,56+,2019-07-28,Activo
C02459,Cliente 02459,Corporativo,Cali,Occidente,Valle del Cauca,M,46-55,2024-05-29,Activo
C02460,Cliente 02460,Corporativo,Medellin,Antioquia,Antioquia,No informado,18-25,2021-01-02,Activo
C02461,Cliente 02461,Hogar,Manizales,Eje Cafetero,Caldas,F,26-35,2024-01-05,Activo
C02462,Cliente 02462,Hogar,Ibague,Centro,Tolima,F,36-45,2022-12-30,Activo
C02463,Cliente 02463,Hogar,Ibague,Centro,Tolima,No informado,26-35,2021-07-06,Activo
C02464,Cliente 02464,Corporativo,Bucaramanga,Oriente,Santander,F,46-55,2025-01-02,Activo
C02465,Cliente 02465,Hogar,Cali,Occidente,Valle del Cauca,No informado,36-45,2020-08-23,Activo
C02466,Cliente 02466,Pyme,Santa Marta,Caribe,Magdalena,F,46-55,2021-01-11,Activo
C02467,Cliente 02467,Educacion,Barranquilla,Caribe,Atlantico,M,26-35,2025-10-20,Activo
C02468,Cliente 02468,Pyme,Medellin,Antioquia,Antioquia,M,46-55,2026-02-04,Activo
C02469,Cliente 02469,Pyme,Cali,Occidente,Valle del Cauca,No informado,46-55,2019-04-27,Activo
C02470,Cliente 02470,Educacion,Ibague,Centro,Tolima,F,18-25,2020-10-24,Activo
C02471,Cliente 02471,Educacion,Ibague,Centro,Tolima,No informado,36-45,2024-11-22,Activo
C02472,Cliente 02472,Gobierno,Medellin,Antioquia,Antioquia,No informado,18-25,2022-03-16,Activo
C02473,Cliente 02473,Educacion,Santa Marta,Caribe,Magdalena,M,46-55,2019-04-11,Activo
C02474,Cliente 02474,Hogar,Manizales,Eje Cafetero,Caldas,M,56+,2025-07-28,Activo
C02475,Cliente 02475,Hogar,Pereira,Eje Cafetero,Risaralda,F,56+,2019-02-23,Activo
C02476,Cliente 02476,Pyme,Barranquilla,Caribe,Atlantico,F,46-55,2019-12-25,Activo
C02477,Cliente 02477,Gobierno,Pasto,Sur,Narino,M,26-35,2019-08-03,Activo
C02478,Cliente 02478,Corporativo,Pasto,Sur,Narino,F,56+,2023-12-12,Inactivo
C02479,Cliente 02479,Pyme,Villavicencio,Llanos,Meta,No informado,46-55,2019-09-27,Activo
C02480,Cliente 02480,Corporativo,Ibague,Centro,Tolima,M,36-45,2025-10-17,Activo
C02481,Cliente 02481,Gobierno,Santa Marta,Caribe,Magdalena,F,46-55,2020-03-12,Activo
C02482,Cliente 02482,Pyme,Santa Marta,Caribe,Magdalena,M,36-45,2022-03-26,Activo
C02483,Cliente 02483,Hogar,Pereira,Eje Cafetero,Risaralda,No informado,18-25,2022-07-02,Activo
C02484,Cliente 02484,Educacion,Manizales,Eje Cafetero,Caldas,No informado,56+,2024-06-02,Activo
C02485,Cliente 02485,Gobierno,Bucaramanga,Oriente,Santander,M,36-45,2020-02-15,Activo
C02486,Cliente 02486,Corporativo,Pereira,Eje Cafetero,Risaralda,No informado,36-45,2025-08-16,Activo
C02487,Cliente 02487,Corporativo,Barranquilla,Caribe,Atlantico,M,18-25,2021-07-31,Activo
C02488,Cliente 02488,Educacion,Pasto,Sur,Narino,No informado,26-35,2022-08-03,Activo
C02489,Cliente 02489,Pyme,Cartagena,Caribe,Bolivar,M,26-35,2024-05-23,Activo
C02490,Cliente 02490,Gobierno,Cartagena,Caribe,Bolivar,M,36-45,2019-09-27,Activo
C02491,Cliente 02491,Corporativo,Santa Marta,Caribe,Magdalena,F,46-55,2025-09-10,Activo
C02492,Cliente 02492,Gobierno,Bucaramanga,Oriente,Santander,F,46-55,2024-10-10,Activo
C02493,Cliente 02493,Corporativo,Manizales,Eje Cafetero,Caldas,M,26-35,2022-08-22,Activo
C02494,Cliente 02494,Pyme,Medellin,Antioquia,Antioquia,F,36-45,2019-01-24,Activo
C02495,Cliente 02495,Corporativo,Santa Marta,Caribe,Magdalena,No informado,36-45,2021-09-24,Activo
C02496,Cliente 02496,Hogar,Pasto,Sur,Narino,M,18-25,2021-12-09,Activo
C02497,Cliente 02497,Pyme,Cartagena,Caribe,Bolivar,F,26-35,2025-06-13,Activo
C02498,Cliente 02498,Corporativo,Medellin,Antioquia,Antioquia,F,26-35,2025-05-08,Activo
C02499,Cliente 02499,Gobierno,Ibague,Centro,Tolima,No informado,46-55,2020-01-14,Activo
C02500,Cliente 02500,Gobierno,Bucaramanga,Oriente,Santander,M,56+,2022-04-07,Activo
C02501,Cliente 02501,Pyme,Pasto,Sur,Narino,M,56+,2024-08-18,Inactivo
C02502,Cliente 02502,Pyme,Santa Marta,Caribe,Magdalena,No informado,36-45,2023-10-01,Activo
C02503,Cliente 02503,Pyme,Manizales,Eje Cafetero,Caldas,M,26-35,2021-06-11,Activo
C02504,Cliente 02504,Pyme,Manizales,Eje Cafetero,Caldas,F,56+,2025-06-04,Activo
C02505,Cliente 02505,Corporativo,Medellin,Antioquia,Antioquia,No informado,56+,2025-06-28,Activo
C02506,Cliente 02506,Educacion,Pasto,Sur,Narino,M,18-25,2019-07-20,Activo
C02507,Cliente 02507,Gobierno,Cali,Occidente,Valle del Cauca,No informado,56+,2023-04-29,Inactivo
C02508,Cliente 02508,Gobierno,Pereira,Eje Cafetero,Risaralda,F,46-55,2020-03-01,Activo
C02509,Cliente 02509,Educacion,Villavicencio,Llanos,Meta,No informado,26-35,2020-01-31,Activo
C02510,Cliente 02510,Corporativo,Manizales,Eje Cafetero,Caldas,F,18-25,2020-12-03,Activo
C02511,Cliente 02511,Pyme,Cali,Occidente,Valle del Cauca,F,18-25,2025-10-10,Activo
C02512,Cliente 02512,Hogar,Barranquilla,Caribe,Atlantico,No informado,26-35,2019-03-04,Activo
C02513,Cliente 02513,Corporativo,Manizales,Eje Cafetero,Caldas,F,46-55,2021-07-29,Activo
C02514,Cliente 02514,Gobierno,Cali,Occidente,Valle del Cauca,No informado,46-55,2022-03-25,Activo
C02515,Cliente 02515,Gobierno,Medellin,Antioquia,Antioquia,M,36-45,2021-03-26,Activo
C02516,Cliente 02516,Hogar,Pereira,Eje Cafetero,Risaralda,M,46-55,2019-10-27,Activo
C02517,Cliente 02517,Corporativo,Pereira,Eje Cafetero,Risaralda,No informado,46-55,2022-04-08,Activo
C02518,Cliente 02518,Pyme,Pereira,Eje Cafetero,Risaralda,M,46-55,2025-02-21,Activo
C02519,Cliente 02519,Corporativo,Barranquilla,Caribe,Atlantico,F,26-35,2023-09-07,Activo
C02520,Cliente 02520,Corporativo,Cali,Occidente,Valle del Cauca,No informado,36-45,2025-09-17,Inactivo
C02521,Cliente 02521,Gobierno,Pereira,Eje Cafetero,Risaralda,M,26-35,2024-12-25,Activo
C02522,Cliente 02522,Gobierno,Pereira,Eje Cafetero,Risaralda,F,18-25,2025-01-31,Activo
C02523,Cliente 02523,Pyme,Pasto,Sur,Narino,No informado,46-55,2025-07-31,Activo
C02524,Cliente 02524,Educacion,Barranquilla,Caribe,Atlantico,No informado,46-55,2020-11-27,Activo
C02525,Cliente 02525,Corporativo,Pereira,Eje Cafetero,Risaralda,No informado,36-45,2019-06-11,Activo
C02526,Cliente 02526,Pyme,Medellin,Antioquia,Antioquia,No informado,26-35,2020-09-20,Inactivo
C02527,Cliente 02527,Educacion,Bucaramanga,Oriente,Santander,M,18-25,2020-04-12,Activo
C02528,Cliente 02528,Pyme,Pasto,Sur,Narino,No informado,46-55,2025-04-02,Activo
C02529,Cliente 02529,Corporativo,Cali,Occidente,Valle del Cauca,No informado,56+,2020-04-21,Activo
C02530,Cliente 02530,Educacion,Pasto,Sur,Narino,No informado,18-25,2023-05-07,Activo
C02531,Cliente 02531,Gobierno,Villavicencio,Llanos,Meta,F,46-55,2022-12-23,Activo
C02532,Cliente 02532,Educacion,Pasto,Sur,Narino,F,18-25,2023-10-10,Activo
C02533,Cliente 02533,Gobierno,Barranquilla,Caribe,Atlantico,M,26-35,2021-07-18,Activo
C02534,Cliente 02534,Hogar,Manizales,Eje Cafetero,Caldas,M,36-45,2021-05-01,Activo
C02535,Cliente 02535,Hogar,Medellin,Antioquia,Antioquia,No informado,26-35,2020-03-07,Activo
C02536,Cliente 02536,Hogar,Pasto,Sur,Narino,M,26-35,2021-03-30,Activo
C02537,Cliente 02537,Gobierno,Manizales,Eje Cafetero,Caldas,M,18-25,2019-11-29,Activo
C02538,Cliente 02538,Pyme,Pereira,Eje Cafetero,Risaralda,M,18-25,2022-06-06,Activo
C02539,Cliente 02539,Corporativo,Santa Marta,Caribe,Magdalena,No informado,18-25,2023-03-06,Activo
C02540,Cliente 02540,Gobierno,Pasto,Sur,Narino,F,36-45,2025-07-01,Activo
C02541,Cliente 02541,Corporativo,Barranquilla,Caribe,Atlantico,M,26-35,2025-08-19,Activo
C02542,Cliente 02542,Pyme,Medellin,Antioquia,Antioquia,M,26-35,2022-05-31,Activo
C02543,Cliente 02543,Hogar,Cali,Occidente,Valle del Cauca,No informado,36-45,2022-12-08,Activo
C02544,Cliente 02544,Gobierno,Villavicencio,Llanos,Meta,No informado,46-55,2024-09-25,Activo
C02545,Cliente 02545,Hogar,Pereira,Eje Cafetero,Risaralda,M,26-35,2024-09-02,Activo
C02546,Cliente 02546,Educacion,Bucaramanga,Oriente,Santander,F,26-35,2020-03-14,Activo
C02547,Cliente 02547,Pyme,Pasto,Sur,Narino,M,18-25,2022-02-24,Activo
C02548,Cliente 02548,Corporativo,Manizales,Eje Cafetero,Caldas,No informado,18-25,2023-09-07,Activo
C02549,Cliente 02549,Pyme,Cartagena,Caribe,Bolivar,F,26-35,2022-09-06,Activo
C02550,Cliente 02550,Pyme,Cartagena,Caribe,Bolivar,M,46-55,2019-07-05,Activo
C02551,Cliente 02551,Pyme,Ibague,Centro,Tolima,F,46-55,2021-11-17,Activo
C02552,Cliente 02552,Corporativo,Barranquilla,Caribe,Atlantico,M,56+,2025-03-02,Activo
C02553,Cliente 02553,Gobierno,Cartagena,Caribe,Bolivar,F,18-25,2023-10-22,Activo
C02554,Cliente 02554,Gobierno,Santa Marta,Caribe,Magdalena,M,18-25,2024-09-19,Activo
C02555,Cliente 02555,Pyme,Pasto,Sur,Narino,No informado,18-25,2021-11-06,Activo
C02556,Cliente 02556,Educacion,Cali,Occidente,Valle del Cauca,M,26-35,2020-07-26,Activo
C02557,Cliente 02557,Pyme,Medellin,Antioquia,Antioquia,M,36-45,2023-08-09,Activo
C02558,Cliente 02558,Hogar,Medellin,Antioquia,Antioquia,M,46-55,2023-05-01,Activo
C02559,Cliente 02559,Educacion,Santa Marta,Caribe,Magdalena,No informado,18-25,2021-01-25,Activo
C02560,Cliente 02560,Hogar,Barranquilla,Caribe,Atlantico,No informado,18-25,2019-07-18,Activo
C02561,Cliente 02561,Gobierno,Villavicencio,Llanos,Meta,No informado,26-35,2023-07-13,Activo
C02562,Cliente 02562,Gobierno,Ibague,Centro,Tolima,M,18-25,2023-06-06,Activo
C02563,Cliente 02563,Educacion,Medellin,Antioquia,Antioquia,M,46-55,2024-12-09,Activo
C02564,Cliente 02564,Hogar,Cali,Occidente,Valle del Cauca,No informado,36-45,2021-01-02,Activo
C02565,Cliente 02565,Hogar,Bogota,Centro,Cundinamarca,F,26-35,2019-10-14,Inactivo
C02566,Cliente 02566,Educacion,Ibague,Centro,Tolima,M,46-55,2022-04-04,Activo
C02567,Cliente 02567,Hogar,Pereira,Eje Cafetero,Risaralda,M,26-35,2025-04-10,Activo
C02568,Cliente 02568,Hogar,Pereira,Eje Cafetero,Risaralda,M,46-55,2022-07-09,Inactivo
C02569,Cliente 02569,Pyme,Bogota,Centro,Cundinamarca,M,56+,2025-11-27,Activo
C02570,Cliente 02570,Educacion,Cartagena,Caribe,Bolivar,No informado,46-55,2020-12-19,Activo
C02571,Cliente 02571,Corporativo,Pereira,Eje Cafetero,Risaralda,F,18-25,2024-10-31,Inactivo
C02572,Cliente 02572,Pyme,Bucaramanga,Oriente,Santander,F,26-35,2025-07-24,Activo
C02573,Cliente 02573,Pyme,Manizales,Eje Cafetero,Caldas,M,18-25,2020-12-08,Activo
C02574,Cliente 02574,Pyme,Medellin,Antioquia,Antioquia,No informado,18-25,2019-07-13,Activo
C02575,Cliente 02575,Hogar,Cali,Occidente,Valle del Cauca,F,26-35,2022-05-08,Activo
C02576,Cliente 02576,Educacion,Manizales,Eje Cafetero,Caldas,F,18-25,2024-07-02,Activo
C02577,Cliente 02577,Gobierno,Manizales,Eje Cafetero,Caldas,No informado,26-35,2024-09-16,Activo
C02578,Cliente 02578,Gobierno,Cali,Occidente,Valle del Cauca,F,46-55,2024-12-08,Activo
C02579,Cliente 02579,Gobierno,Bogota,Centro,Cundinamarca,No informado,18-25,2020-06-03,Activo
C02580,Cliente 02580,Gobierno,Bucaramanga,Oriente,Santander,M,26-35,2025-04-15,Activo
C02581,Cliente 02581,Pyme,Manizales,Eje Cafetero,Caldas,No informado,36-45,2025-02-12,Activo
C02582,Cliente 02582,Gobierno,Cali,Occidente,Valle del Cauca,F,36-45,2023-08-26,Activo
C02583,Cliente 02583,Gobierno,Manizales,Eje Cafetero,Caldas,M,26-35,2019-05-28,Activo
C02584,Cliente 02584,Gobierno,Medellin,Antioquia,Antioquia,F,46-55,2025-01-24,Activo
C02585,Cliente 02585,Hogar,Bucaramanga,Oriente,Santander,M,18-25,2024-11-10,Activo
C02586,Cliente 02586,Corporativo,Cali,Occidente,Valle del Cauca,No informado,36-45,2021-10-04,Activo
C02587,Cliente 02587,Educacion,Barranquilla,Caribe,Atlantico,No informado,26-35,2019-10-08,Activo
C02588,Cliente 02588,Hogar,Cartagena,Caribe,Bolivar,F,46-55,2021-06-10,Activo
C02589,Cliente 02589,Corporativo,Medellin,Antioquia,Antioquia,F,46-55,2023-06-22,Activo
C02590,Cliente 02590,Pyme,Pasto,Sur,Narino,F,26-35,2025-05-31,Activo
C02591,Cliente 02591,Corporativo,Santa Marta,Caribe,Magdalena,F,36-45,2021-05-14,Activo
C02592,Cliente 02592,Hogar,Medellin,Antioquia,Antioquia,F,36-45,2024-08-07,Activo
C02593,Cliente 02593,Gobierno,Pereira,Eje Cafetero,Risaralda,M,26-35,2024-05-13,Activo
C02594,Cliente 02594,Educacion,Medellin,Antioquia,Antioquia,No informado,18-25,2023-08-28,Activo
C02595,Cliente 02595,Gobierno,Pereira,Eje Cafetero,Risaralda,M,46-55,2024-02-06,Activo
C02596,Cliente 02596,Corporativo,Villavicencio,Llanos,Meta,F,26-35,2023-03-19,Activo
C02597,Cliente 02597,Educacion,Pasto,Sur,Narino,M,46-55,2023-03-22,Activo
C02598,Cliente 02598,Gobierno,Cali,Occidente,Valle del Cauca,M,46-55,2024-05-09,Activo
C02599,Cliente 02599,Pyme,Bucaramanga,Oriente,Santander,M,56+,2023-08-19,Activo
C02600,Cliente 02600,Gobierno,Cartagena,Caribe,Bolivar,M,46-55,2022-12-18,Activo
C02601,Cliente 02601,Educacion,Ibague,Centro,Tolima,F,46-55,2024-06-28,Activo
C02602,Cliente 02602,Hogar,Santa Marta,Caribe,Magdalena,No informado,26-35,2019-11-28,Activo
C02603,Cliente 02603,Educacion,Medellin,Antioquia,Antioquia,No informado,36-45,2025-12-12,Activo
C02604,Cliente 02604,Pyme,Pereira,Eje Cafetero,Risaralda,F,56+,2026-01-31,Inactivo
C02605,Cliente 02605,Hogar,Pasto,Sur,Narino,M,18-25,2021-08-20,Activo
C02606,Cliente 02606,Pyme,Bucaramanga,Oriente,Santander,No informado,26-35,2021-01-20,Activo
C02607,Cliente 02607,Educacion,Medellin,Antioquia,Antioquia,No informado,26-35,2026-01-04,Inactivo
C02608,Cliente 02608,Educacion,Pasto,Sur,Narino,No informado,26-35,2022-10-04,Activo
C02609,Cliente 02609,Corporativo,Pereira,Eje Cafetero,Risaralda,M,18-25,2023-06-14,Activo
C02610,Cliente 02610,Corporativo,Pasto,Sur,Narino,M,26-35,2024-07-15,Activo
C02611,Cliente 02611,Gobierno,Manizales,Eje Cafetero,Caldas,M,18-25,2020-01-07,Activo
C02612,Cliente 02612,Hogar,Bogota,Centro,Cundinamarca,No informado,26-35,2021-01-31,Activo
C02613,Cliente 02613,Educacion,Cali,Occidente,Valle del Cauca,F,46-55,2025-04-02,Activo
C02614,Cliente 02614,Corporativo,Ibague,Centro,Tolima,No informado,26-35,2023-03-22,Activo
C02615,Cliente 02615,Gobierno,Ibague,Centro,Tolima,F,56+,2024-11-24,Activo
C02616,Cliente 02616,Corporativo,Bucaramanga,Oriente,Santander,No informado,56+,2025-12-23,Activo
C02617,Cliente 02617,Pyme,Santa Marta,Caribe,Magdalena,M,36-45,2019-02-04,Activo
C02618,Cliente 02618,Pyme,Bogota,Centro,Cundinamarca,F,46-55,2022-05-27,Activo
C02619,Cliente 02619,Gobierno,Manizales,Eje Cafetero,Caldas,No informado,56+,2022-08-24,Activo
C02620,Cliente 02620,Corporativo,Bogota,Centro,Cundinamarca,No informado,18-25,2025-06-17,Activo
C02621,Cliente 02621,Gobierno,Villavicencio,Llanos,Meta,F,56+,2020-07-13,Activo
C02622,Cliente 02622,Hogar,Cali,Occidente,Valle del Cauca,F,18-25,2024-10-26,Activo
C02623,Cliente 02623,Educacion,Cartagena,Caribe,Bolivar,No informado,46-55,2025-12-19,Activo
C02624,Cliente 02624,Gobierno,Bogota,Centro,Cundinamarca,M,26-35,2023-12-28,Activo
C02625,Cliente 02625,Gobierno,Manizales,Eje Cafetero,Caldas,F,26-35,2020-08-31,Activo
C02626,Cliente 02626,Gobierno,Cartagena,Caribe,Bolivar,No informado,56+,2019-06-06,Activo
C02627,Cliente 02627,Hogar,Barranquilla,Caribe,Atlantico,F,56+,2019-03-19,Activo
C02628,Cliente 02628,Educacion,Medellin,Antioquia,Antioquia,M,36-45,2024-08-16,Activo
C02629,Cliente 02629,Corporativo,Barranquilla,Caribe,Atlantico,M,46-55,2022-12-04,Activo
C02630,Cliente 02630,Gobierno,Pasto,Sur,Narino,F,18-25,2020-07-01,Activo
C02631,Cliente 02631,Educacion,Pasto,Sur,Narino,M,56+,2023-06-22,Activo
C02632,Cliente 02632,Gobierno,Ibague,Centro,Tolima,M,26-35,2025-07-27,Activo
C02633,Cliente 02633,Gobierno,Pasto,Sur,Narino,M,18-25,2022-06-08,Activo
C02634,Cliente 02634,Hogar,Pasto,Sur,Narino,No informado,56+,2026-01-08,Activo
C02635,Cliente 02635,Hogar,Pereira,Eje Cafetero,Risaralda,F,18-25,2020-06-07,Activo
C02636,Cliente 02636,Gobierno,Cali,Occidente,Valle del Cauca,M,56+,2020-01-13,Activo
C02637,Cliente 02637,Gobierno,Bucaramanga,Oriente,Santander,F,36-45,2019-05-27,Activo
C02638,Cliente 02638,Pyme,Ibague,Centro,Tolima,M,18-25,2025-06-20,Activo
C02639,Cliente 02639,Corporativo,Bucaramanga,Oriente,Santander,No informado,36-45,2023-09-15,Activo
C02640,Cliente 02640,Educacion,Villavicencio,Llanos,Meta,No informado,56+,2019-03-11,Activo
C02641,Cliente 02641,Corporativo,Bucaramanga,Oriente,Santander,M,26-35,2026-01-09,Activo
C02642,Cliente 02642,Pyme,Medellin,Antioquia,Antioquia,M,36-45,2024-05-28,Activo
C02643,Cliente 02643,Gobierno,Cartagena,Caribe,Bolivar,F,36-45,2023-01-24,Activo
C02644,Cliente 02644,Hogar,Cartagena,Caribe,Bolivar,M,36-45,2019-12-26,Activo
C02645,Cliente 02645,Corporativo,Bogota,Centro,Cundinamarca,M,36-45,2019-03-02,Activo
C02646,Cliente 02646,Educacion,Manizales,Eje Cafetero,Caldas,F,46-55,2024-10-19,Activo
C02647,Cliente 02647,Hogar,Pereira,Eje Cafetero,Risaralda,M,46-55,2023-05-14,Activo
C02648,Cliente 02648,Pyme,Santa Marta,Caribe,Magdalena,M,46-55,2019-03-14,Activo
C02649,Cliente 02649,Hogar,Manizales,Eje Cafetero,Caldas,F,46-55,2023-06-03,Activo
C02650,Cliente 02650,Gobierno,Ibague,Centro,Tolima,M,46-55,2019-05-29,Activo
C02651,Cliente 02651,Hogar,Bogota,Centro,Cundinamarca,No informado,46-55,2025-01-19,Activo
C02652,Cliente 02652,Gobierno,Cartagena,Caribe,Bolivar,M,56+,2024-03-14,Activo
C02653,Cliente 02653,Corporativo,Santa Marta,Caribe,Magdalena,F,18-25,2025-12-19,Activo
C02654,Cliente 02654,Hogar,Bogota,Centro,Cundinamarca,F,36-45,2022-09-11,Activo
C02655,Cliente 02655,Pyme,Ibague,Centro,Tolima,No informado,56+,2021-02-01,Activo
C02656,Cliente 02656,Corporativo,Manizales,Eje Cafetero,Caldas,M,26-35,2021-01-30,Activo
C02657,Cliente 02657,Educacion,Bucaramanga,Oriente,Santander,No informado,46-55,2020-12-27,Activo
C02658,Cliente 02658,Educacion,Medellin,Antioquia,Antioquia,M,18-25,2025-06-13,Activo
C02659,Cliente 02659,Educacion,Pereira,Eje Cafetero,Risaralda,No informado,36-45,2023-07-27,Activo
C02660,Cliente 02660,Gobierno,Pereira,Eje Cafetero,Risaralda,F,18-25,2019-12-07,Activo
C02661,Cliente 02661,Hogar,Medellin,Antioquia,Antioquia,F,18-25,2023-06-11,Activo
C02662,Cliente 02662,Pyme,Manizales,Eje Cafetero,Caldas,M,18-25,2022-05-28,Activo
C02663,Cliente 02663,Hogar,Cali,Occidente,Valle del Cauca,No informado,46-55,2024-02-17,Activo
C02664,Cliente 02664,Hogar,Manizales,Eje Cafetero,Caldas,M,18-25,2023-03-08,Activo
C02665,Cliente 02665,Corporativo,Ibague,Centro,Tolima,F,46-55,2022-05-25,Activo
C02666,Cliente 02666,Pyme,Bucaramanga,Oriente,Santander,No informado,26-35,2024-06-20,Activo
C02667,Cliente 02667,Educacion,Cartagena,Caribe,Bolivar,M,46-55,2025-02-23,Activo
C02668,Cliente 02668,Gobierno,Bucaramanga,Oriente,Santander,No informado,18-25,2024-04-07,Activo
C02669,Cliente 02669,Pyme,Cartagena,Caribe,Bolivar,F,36-45,2022-12-17,Activo
C02670,Cliente 02670,Hogar,Cartagena,Caribe,Bolivar,F,26-35,2023-04-04,Activo
C02671,Cliente 02671,Gobierno,Cali,Occidente,Valle del Cauca,M,46-55,2025-01-08,Activo
C02672,Cliente 02672,Gobierno,Barranquilla,Caribe,Atlantico,M,56+,2021-02-08,Activo
C02673,Cliente 02673,Pyme,Santa Marta,Caribe,Magdalena,M,18-25,2023-01-30,Inactivo
C02674,Cliente 02674,Corporativo,Pasto,Sur,Narino,No informado,46-55,2022-12-24,Inactivo
C02675,Cliente 02675,Gobierno,Ibague,Centro,Tolima,F,26-35,2019-05-25,Activo
C02676,Cliente 02676,Gobierno,Santa Marta,Caribe,Magdalena,No informado,26-35,2022-05-31,Activo
C02677,Cliente 02677,Corporativo,Cartagena,Caribe,Bolivar,F,36-45,2025-10-13,Activo
C02678,Cliente 02678,Educacion,Ibague,Centro,Tolima,M,18-25,2019-01-03,Activo
C02679,Cliente 02679,Pyme,Bucaramanga,Oriente,Santander,M,36-45,2020-05-06,Activo
C02680,Cliente 02680,Pyme,Santa Marta,Caribe,Magdalena,M,18-25,2023-08-19,Activo
C02681,Cliente 02681,Corporativo,Pasto,Sur,Narino,M,26-35,2022-10-01,Activo
C02682,Cliente 02682,Pyme,Villavicencio,Llanos,Meta,No informado,56+,2019-05-25,Inactivo
C02683,Cliente 02683,Pyme,Bogota,Centro,Cundinamarca,F,46-55,2022-03-10,Activo
C02684,Cliente 02684,Hogar,Pereira,Eje Cafetero,Risaralda,No informado,18-25,2024-03-20,Activo
C02685,Cliente 02685,Hogar,Cartagena,Caribe,Bolivar,No informado,18-25,2025-05-14,Activo
C02686,Cliente 02686,Corporativo,Bucaramanga,Oriente,Santander,F,18-25,2022-12-23,Activo
C02687,Cliente 02687,Pyme,Bogota,Centro,Cundinamarca,M,26-35,2021-05-21,Activo
C02688,Cliente 02688,Gobierno,Pasto,Sur,Narino,No informado,26-35,2021-03-22,Inactivo
C02689,Cliente 02689,Educacion,Pereira,Eje Cafetero,Risaralda,F,46-55,2022-04-26,Activo
C02690,Cliente 02690,Pyme,Santa Marta,Caribe,Magdalena,F,46-55,2022-01-20,Activo
C02691,Cliente 02691,Corporativo,Cartagena,Caribe,Bolivar,M,36-45,2019-03-01,Activo
C02692,Cliente 02692,Pyme,Cali,Occidente,Valle del Cauca,M,56+,2020-02-04,Activo
C02693,Cliente 02693,Hogar,Medellin,Antioquia,Antioquia,M,56+,2020-01-29,Activo
C02694,Cliente 02694,Hogar,Cartagena,Caribe,Bolivar,No informado,46-55,2021-02-26,Activo
C02695,Cliente 02695,Hogar,Manizales,Eje Cafetero,Caldas,M,18-25,2019-12-26,Activo
C02696,Cliente 02696,Corporativo,Cali,Occidente,Valle del Cauca,No informado,56+,2019-12-26,Activo
C02697,Cliente 02697,Corporativo,Ibague,Centro,Tolima,No informado,18-25,2025-11-12,Activo
C02698,Cliente 02698,Hogar,Pasto,Sur,Narino,F,36-45,2025-06-18,Activo
C02699,Cliente 02699,Gobierno,Santa Marta,Caribe,Magdalena,M,18-25,2019-11-07,Activo
C02700,Cliente 02700,Pyme,Medellin,Antioquia,Antioquia,M,56+,2023-10-04,Activo
C02701,Cliente 02701,Corporativo,Bogota,Centro,Cundinamarca,M,46-55,2020-12-09,Activo
C02702,Cliente 02702,Corporativo,Cartagena,Caribe,Bolivar,No informado,36-45,2023-06-13,Inactivo
C02703,Cliente 02703,Educacion,Santa Marta,Caribe,Magdalena,F,56+,2019-03-07,Activo
C02704,Cliente 02704,Hogar,Medellin,Antioquia,Antioquia,M,26-35,2019-02-11,Inactivo
C02705,Cliente 02705,Educacion,Manizales,Eje Cafetero,Caldas,M,46-55,2019-07-06,Activo
C02706,Cliente 02706,Educacion,Pasto,Sur,Narino,M,36-45,2019-04-26,Activo
C02707,Cliente 02707,Gobierno,Ibague,Centro,Tolima,M,36-45,2021-06-23,Activo
C02708,Cliente 02708,Educacion,Pasto,Sur,Narino,F,56+,2024-08-09,Activo
C02709,Cliente 02709,Pyme,Villavicencio,Llanos,Meta,M,46-55,2025-05-17,Activo
C02710,Cliente 02710,Pyme,Ibague,Centro,Tolima,F,36-45,2020-07-30,Activo
C02711,Cliente 02711,Gobierno,Manizales,Eje Cafetero,Caldas,F,18-25,2021-01-23,Activo
C02712,Cliente 02712,Corporativo,Cartagena,Caribe,Bolivar,No informado,26-35,2022-05-02,Activo
C02713,Cliente 02713,Corporativo,Cali,Occidente,Valle del Cauca,No informado,36-45,2022-11-30,Inactivo
C02714,Cliente 02714,Corporativo,Ibague,Centro,Tolima,M,56+,2023-10-15,Activo
C02715,Cliente 02715,Corporativo,Bucaramanga,Oriente,Santander,F,56+,2025-04-18,Activo
C02716,Cliente 02716,Hogar,Santa Marta,Caribe,Magdalena,No informado,56+,2021-05-14,Activo
C02717,Cliente 02717,Pyme,Manizales,Eje Cafetero,Caldas,M,26-35,2021-09-05,Activo
C02718,Cliente 02718,Gobierno,Barranquilla,Caribe,Atlantico,M,36-45,2022-11-19,Activo
C02719,Cliente 02719,Hogar,Medellin,Antioquia,Antioquia,M,26-35,2021-04-18,Activo
C02720,Cliente 02720,Educacion,Bucaramanga,Oriente,Santander,No informado,46-55,2020-12-22,Activo
C02721,Cliente 02721,Gobierno,Santa Marta,Caribe,Magdalena,M,36-45,2021-11-11,Activo
C02722,Cliente 02722,Pyme,Pasto,Sur,Narino,M,36-45,2022-11-16,Activo
C02723,Cliente 02723,Gobierno,Pasto,Sur,Narino,M,46-55,2025-07-02,Activo
C02724,Cliente 02724,Pyme,Bucaramanga,Oriente,Santander,F,56+,2025-12-28,Activo
C02725,Cliente 02725,Educacion,Manizales,Eje Cafetero,Caldas,No informado,18-25,2025-03-26,Activo
C02726,Cliente 02726,Gobierno,Medellin,Antioquia,Antioquia,M,26-35,2026-01-12,Activo
C02727,Cliente 02727,Corporativo,Cartagena,Caribe,Bolivar,M,46-55,2025-02-11,Activo
C02728,Cliente 02728,Pyme,Manizales,Eje Cafetero,Caldas,F,26-35,2019-01-23,Activo
C02729,Cliente 02729,Corporativo,Ibague,Centro,Tolima,F,56+,2023-11-16,Activo
C02730,Cliente 02730,Educacion,Villavicencio,Llanos,Meta,No informado,46-55,2020-01-26,Activo
C02731,Cliente 02731,Pyme,Bucaramanga,Oriente,Santander,M,46-55,2024-04-17,Activo
C02732,Cliente 02732,Pyme,Ibague,Centro,Tolima,No informado,36-45,2025-07-29,Inactivo
C02733,Cliente 02733,Hogar,Pasto,Sur,Narino,M,56+,2025-05-10,Activo
C02734,Cliente 02734,Gobierno,Bucaramanga,Oriente,Santander,No informado,46-55,2022-12-02,Activo
C02735,Cliente 02735,Gobierno,Bucaramanga,Oriente,Santander,No informado,18-25,2021-02-19,Activo
C02736,Cliente 02736,Pyme,Ibague,Centro,Tolima,F,46-55,2021-01-29,Activo
C02737,Cliente 02737,Corporativo,Manizales,Eje Cafetero,Caldas,M,18-25,2022-02-16,Activo
C02738,Cliente 02738,Pyme,Manizales,Eje Cafetero,Caldas,F,36-45,2024-06-14,Activo
C02739,Cliente 02739,Corporativo,Cali,Occidente,Valle del Cauca,No informado,36-45,2022-06-07,Activo
C02740,Cliente 02740,Gobierno,Ibague,Centro,Tolima,F,56+,2021-12-25,Activo
C02741,Cliente 02741,Corporativo,Bogota,Centro,Cundinamarca,No informado,56+,2024-11-23,Activo
C02742,Cliente 02742,Pyme,Pasto,Sur,Narino,F,46-55,2025-10-31,Activo
C02743,Cliente 02743,Educacion,Manizales,Eje Cafetero,Caldas,M,26-35,2022-11-10,Activo
C02744,Cliente 02744,Hogar,Pereira,Eje Cafetero,Risaralda,F,26-35,2019-05-17,Activo
C02745,Cliente 02745,Hogar,Santa Marta,Caribe,Magdalena,No informado,18-25,2022-06-23,Activo
C02746,Cliente 02746,Hogar,Ibague,Centro,Tolima,M,26-35,2019-07-15,Activo
C02747,Cliente 02747,Hogar,Cali,Occidente,Valle del Cauca,F,46-55,2024-08-27,Activo
C02748,Cliente 02748,Pyme,Medellin,Antioquia,Antioquia,M,18-25,2021-10-22,Activo
C02749,Cliente 02749,Educacion,Villavicencio,Llanos,Meta,No informado,46-55,2021-07-14,Activo
C02750,Cliente 02750,Corporativo,Pereira,Eje Cafetero,Risaralda,F,18-25,2019-01-25,Activo
C02751,Cliente 02751,Educacion,Cali,Occidente,Valle del Cauca,M,36-45,2023-02-09,Activo
C02752,Cliente 02752,Educacion,Barranquilla,Caribe,Atlantico,F,36-45,2020-04-28,Activo
C02753,Cliente 02753,Hogar,Ibague,Centro,Tolima,No informado,36-45,2024-05-31,Activo
C02754,Cliente 02754,Gobierno,Barranquilla,Caribe,Atlantico,No informado,36-45,2025-09-06,Activo
C02755,Cliente 02755,Educacion,Santa Marta,Caribe,Magdalena,No informado,26-35,2020-03-04,Activo
C02756,Cliente 02756,Corporativo,Bogota,Centro,Cundinamarca,F,18-25,2022-11-29,Activo
C02757,Cliente 02757,Educacion,Pasto,Sur,Narino,No informado,36-45,2020-10-21,Activo
C02758,Cliente 02758,Hogar,Manizales,Eje Cafetero,Caldas,M,46-55,2021-02-19,Activo
C02759,Cliente 02759,Gobierno,Barranquilla,Caribe,Atlantico,F,26-35,2019-06-18,Activo
C02760,Cliente 02760,Hogar,Villavicencio,Llanos,Meta,F,46-55,2022-10-02,Activo
C02761,Cliente 02761,Gobierno,Bucaramanga,Oriente,Santander,No informado,46-55,2020-03-15,Activo
C02762,Cliente 02762,Corporativo,Bogota,Centro,Cundinamarca,M,46-55,2024-05-26,Activo
C02763,Cliente 02763,Gobierno,Pasto,Sur,Narino,M,18-25,2025-02-14,Activo
C02764,Cliente 02764,Corporativo,Cartagena,Caribe,Bolivar,No informado,56+,2019-09-26,Activo
C02765,Cliente 02765,Educacion,Medellin,Antioquia,Antioquia,M,46-55,2020-02-16,Activo
C02766,Cliente 02766,Gobierno,Barranquilla,Caribe,Atlantico,F,46-55,2020-04-23,Activo
C02767,Cliente 02767,Educacion,Cartagena,Caribe,Bolivar,M,18-25,2020-09-19,Activo
C02768,Cliente 02768,Gobierno,Cartagena,Caribe,Bolivar,No informado,26-35,2019-06-05,Activo
C02769,Cliente 02769,Hogar,Ibague,Centro,Tolima,F,18-25,2020-10-17,Activo
C02770,Cliente 02770,Pyme,Cali,Occidente,Valle del Cauca,M,46-55,2021-09-22,Activo
C02771,Cliente 02771,Gobierno,Pereira,Eje Cafetero,Risaralda,F,36-45,2019-09-30,Activo
C02772,Cliente 02772,Gobierno,Santa Marta,Caribe,Magdalena,F,26-35,2021-03-21,Activo
C02773,Cliente 02773,Gobierno,Manizales,Eje Cafetero,Caldas,M,18-25,2021-04-28,Activo
C02774,Cliente 02774,Educacion,Manizales,Eje Cafetero,Caldas,M,18-25,2024-03-26,Activo
C02775,Cliente 02775,Educacion,Manizales,Eje Cafetero,Caldas,M,56+,2024-01-20,Activo
C02776,Cliente 02776,Corporativo,Santa Marta,Caribe,Magdalena,No informado,46-55,2020-04-23,Activo
C02777,Cliente 02777,Gobierno,Ibague,Centro,Tolima,F,46-55,2025-09-21,Activo
C02778,Cliente 02778,Pyme,Cali,Occidente,Valle del Cauca,No informado,46-55,2021-07-14,Activo
C02779,Cliente 02779,Pyme,Medellin,Antioquia,Antioquia,M,56+,2021-01-16,Activo
C02780,Cliente 02780,Gobierno,Manizales,Eje Cafetero,Caldas,F,46-55,2021-10-12,Activo
C02781,Cliente 02781,Hogar,Cartagena,Caribe,Bolivar,F,56+,2019-01-10,Activo
C02782,Cliente 02782,Corporativo,Medellin,Antioquia,Antioquia,F,56+,2019-11-25,Activo
C02783,Cliente 02783,Corporativo,Medellin,Antioquia,Antioquia,F,36-45,2020-10-29,Activo
C02784,Cliente 02784,Corporativo,Pereira,Eje Cafetero,Risaralda,F,18-25,2022-11-24,Activo
C02785,Cliente 02785,Pyme,Medellin,Antioquia,Antioquia,M,36-45,2020-03-26,Activo
C02786,Cliente 02786,Gobierno,Bucaramanga,Oriente,Santander,No informado,18-25,2019-09-20,Activo
C02787,Cliente 02787,Educacion,Villavicencio,Llanos,Meta,M,26-35,2024-09-01,Activo
C02788,Cliente 02788,Educacion,Cali,Occidente,Valle del Cauca,F,26-35,2024-06-19,Activo
C02789,Cliente 02789,Educacion,Santa Marta,Caribe,Magdalena,M,26-35,2024-08-29,Activo
C02790,Cliente 02790,Corporativo,Cali,Occidente,Valle del Cauca,M,56+,2022-11-10,Activo
C02791,Cliente 02791,Hogar,Cali,Occidente,Valle del Cauca,No informado,56+,2020-07-15,Inactivo
C02792,Cliente 02792,Gobierno,Bogota,Centro,Cundinamarca,No informado,18-25,2024-09-13,Activo
C02793,Cliente 02793,Hogar,Ibague,Centro,Tolima,M,26-35,2024-02-22,Activo
C02794,Cliente 02794,Pyme,Barranquilla,Caribe,Atlantico,M,56+,2019-07-06,Activo
C02795,Cliente 02795,Pyme,Santa Marta,Caribe,Magdalena,No informado,56+,2025-11-03,Activo
C02796,Cliente 02796,Pyme,Medellin,Antioquia,Antioquia,F,36-45,2020-01-03,Inactivo
C02797,Cliente 02797,Pyme,Bucaramanga,Oriente,Santander,M,26-35,2023-07-30,Activo
C02798,Cliente 02798,Pyme,Manizales,Eje Cafetero,Caldas,No informado,46-55,2021-12-16,Activo
C02799,Cliente 02799,Pyme,Bogota,Centro,Cundinamarca,M,46-55,2025-08-01,Activo
C02800,Cliente 02800,Corporativo,Manizales,Eje Cafetero,Caldas,F,26-35,2023-10-03,Activo
C02801,Cliente 02801,Educacion,Pasto,Sur,Narino,M,46-55,2023-01-20,Activo
C02802,Cliente 02802,Gobierno,Barranquilla,Caribe,Atlantico,No informado,46-55,2023-02-10,Activo
C02803,Cliente 02803,Pyme,Barranquilla,Caribe,Atlantico,M,26-35,2022-03-12,Activo
C02804,Cliente 02804,Pyme,Pasto,Sur,Narino,No informado,46-55,2022-10-05,Activo
C02805,Cliente 02805,Gobierno,Bucaramanga,Oriente,Santander,F,26-35,2022-05-09,Activo
C02806,Cliente 02806,Hogar,Santa Marta,Caribe,Magdalena,No informado,18-25,2019-01-30,Activo
C02807,Cliente 02807,Corporativo,Cartagena,Caribe,Bolivar,F,56+,2019-07-01,Activo
C02808,Cliente 02808,Hogar,Bogota,Centro,Cundinamarca,M,56+,2023-11-12,Activo
C02809,Cliente 02809,Pyme,Pereira,Eje Cafetero,Risaralda,M,56+,2023-07-07,Activo
C02810,Cliente 02810,Corporativo,Manizales,Eje Cafetero,Caldas,No informado,36-45,2024-05-20,Activo
C02811,Cliente 02811,Gobierno,Bogota,Centro,Cundinamarca,F,26-35,2023-07-22,Activo
C02812,Cliente 02812,Gobierno,Pereira,Eje Cafetero,Risaralda,No informado,46-55,2021-10-07,Activo
C02813,Cliente 02813,Gobierno,Cartagena,Caribe,Bolivar,F,46-55,2022-12-08,Activo
C02814,Cliente 02814,Educacion,Ibague,Centro,Tolima,F,26-35,2021-12-21,Activo
C02815,Cliente 02815,Pyme,Manizales,Eje Cafetero,Caldas,F,36-45,2023-07-03,Activo
C02816,Cliente 02816,Corporativo,Barranquilla,Caribe,Atlantico,F,36-45,2021-06-15,Activo
C02817,Cliente 02817,Hogar,Bucaramanga,Oriente,Santander,F,56+,2021-01-30,Activo
C02818,Cliente 02818,Corporativo,Barranquilla,Caribe,Atlantico,F,36-45,2025-05-12,Activo
C02819,Cliente 02819,Pyme,Villavicencio,Llanos,Meta,M,36-45,2019-09-04,Activo
C02820,Cliente 02820,Gobierno,Medellin,Antioquia,Antioquia,F,46-55,2025-05-15,Activo
C02821,Cliente 02821,Pyme,Medellin,Antioquia,Antioquia,No informado,18-25,2020-10-25,Activo
C02822,Cliente 02822,Gobierno,Medellin,Antioquia,Antioquia,M,36-45,2022-06-10,Activo
C02823,Cliente 02823,Corporativo,Santa Marta,Caribe,Magdalena,F,18-25,2024-02-02,Activo
C02824,Cliente 02824,Gobierno,Villavicencio,Llanos,Meta,No informado,46-55,2024-04-19,Activo
C02825,Cliente 02825,Hogar,Bogota,Centro,Cundinamarca,No informado,18-25,2019-10-27,Activo
C02826,Cliente 02826,Corporativo,Manizales,Eje Cafetero,Caldas,M,18-25,2019-04-05,Activo
C02827,Cliente 02827,Corporativo,Santa Marta,Caribe,Magdalena,No informado,46-55,2020-01-02,Activo
C02828,Cliente 02828,Educacion,Bogota,Centro,Cundinamarca,No informado,36-45,2019-04-15,Activo
C02829,Cliente 02829,Corporativo,Cartagena,Caribe,Bolivar,M,56+,2020-12-29,Activo
C02830,Cliente 02830,Gobierno,Villavicencio,Llanos,Meta,No informado,26-35,2020-11-16,Activo
C02831,Cliente 02831,Hogar,Cali,Occidente,Valle del Cauca,F,36-45,2020-03-01,Activo
C02832,Cliente 02832,Gobierno,Bogota,Centro,Cundinamarca,No informado,18-25,2024-10-15,Activo
C02833,Cliente 02833,Hogar,Bogota,Centro,Cundinamarca,F,26-35,2022-09-20,Activo
C02834,Cliente 02834,Gobierno,Pasto,Sur,Narino,M,18-25,2025-03-02,Activo
C02835,Cliente 02835,Hogar,Villavicencio,Llanos,Meta,F,56+,2025-02-21,Activo
C02836,Cliente 02836,Corporativo,Pereira,Eje Cafetero,Risaralda,M,36-45,2022-08-03,Activo
C02837,Cliente 02837,Gobierno,Bogota,Centro,Cundinamarca,M,36-45,2022-02-28,Activo
C02838,Cliente 02838,Pyme,Ibague,Centro,Tolima,M,26-35,2019-11-29,Activo
C02839,Cliente 02839,Gobierno,Santa Marta,Caribe,Magdalena,F,26-35,2025-12-28,Inactivo
C02840,Cliente 02840,Gobierno,Pereira,Eje Cafetero,Risaralda,F,56+,2019-09-19,Activo
C02841,Cliente 02841,Hogar,Santa Marta,Caribe,Magdalena,No informado,26-35,2022-05-30,Activo
C02842,Cliente 02842,Corporativo,Bucaramanga,Oriente,Santander,F,46-55,2019-06-08,Activo
C02843,Cliente 02843,Gobierno,Bucaramanga,Oriente,Santander,M,56+,2019-06-26,Activo
C02844,Cliente 02844,Pyme,Bogota,Centro,Cundinamarca,M,18-25,2022-04-06,Activo
C02845,Cliente 02845,Educacion,Villavicencio,Llanos,Meta,M,56+,2024-07-13,Activo
C02846,Cliente 02846,Corporativo,Pasto,Sur,Narino,No informado,36-45,2022-11-30,Activo
C02847,Cliente 02847,Educacion,Medellin,Antioquia,Antioquia,F,26-35,2019-08-05,Activo
C02848,Cliente 02848,Gobierno,Bogota,Centro,Cundinamarca,M,46-55,2021-07-18,Activo
C02849,Cliente 02849,Educacion,Villavicencio,Llanos,Meta,M,36-45,2025-04-06,Activo
C02850,Cliente 02850,Gobierno,Cartagena,Caribe,Bolivar,M,26-35,2024-06-26,Inactivo
C02851,Cliente 02851,Gobierno,Bogota,Centro,Cundinamarca,F,26-35,2025-01-12,Activo
C02852,Cliente 02852,Gobierno,Bogota,Centro,Cundinamarca,F,26-35,2024-04-20,Activo
C02853,Cliente 02853,Corporativo,Bucaramanga,Oriente,Santander,F,56+,2020-11-24,Activo
C02854,Cliente 02854,Pyme,Villavicencio,Llanos,Meta,F,26-35,2020-12-18,Activo
C02855,Cliente 02855,Hogar,Bogota,Centro,Cundinamarca,F,56+,2020-10-19,Activo
C02856,Cliente 02856,Corporativo,Manizales,Eje Cafetero,Caldas,M,26-35,2020-12-30,Activo
C02857,Cliente 02857,Gobierno,Manizales,Eje Cafetero,Caldas,F,18-25,2020-08-22,Activo
C02858,Cliente 02858,Corporativo,Santa Marta,Caribe,Magdalena,M,56+,2019-04-27,Activo
C02859,Cliente 02859,Corporativo,Ibague,Centro,Tolima,F,46-55,2021-05-30,Activo
C02860,Cliente 02860,Pyme,Santa Marta,Caribe,Magdalena,M,18-25,2022-05-14,Activo
C02861,Cliente 02861,Corporativo,Manizales,Eje Cafetero,Caldas,No informado,36-45,2019-11-23,Activo
C02862,Cliente 02862,Corporativo,Pereira,Eje Cafetero,Risaralda,M,26-35,2019-09-27,Activo
C02863,Cliente 02863,Pyme,Pasto,Sur,Narino,M,46-55,2022-10-20,Activo
C02864,Cliente 02864,Pyme,Ibague,Centro,Tolima,M,18-25,2025-02-04,Activo
C02865,Cliente 02865,Gobierno,Villavicencio,Llanos,Meta,F,26-35,2020-08-10,Activo
C02866,Cliente 02866,Pyme,Bucaramanga,Oriente,Santander,M,56+,2023-10-09,Activo
C02867,Cliente 02867,Corporativo,Pasto,Sur,Narino,M,36-45,2025-04-16,Activo
C02868,Cliente 02868,Educacion,Pereira,Eje Cafetero,Risaralda,No informado,46-55,2022-08-28,Activo
C02869,Cliente 02869,Pyme,Villavicencio,Llanos,Meta,No informado,46-55,2025-11-13,Activo
C02870,Cliente 02870,Hogar,Pasto,Sur,Narino,No informado,46-55,2023-01-30,Activo
C02871,Cliente 02871,Corporativo,Bogota,Centro,Cundinamarca,M,46-55,2019-06-28,Activo
C02872,Cliente 02872,Pyme,Barranquilla,Caribe,Atlantico,F,26-35,2019-09-02,Activo
C02873,Cliente 02873,Gobierno,Santa Marta,Caribe,Magdalena,F,56+,2021-06-08,Activo
C02874,Cliente 02874,Educacion,Medellin,Antioquia,Antioquia,F,26-35,2021-10-20,Activo
C02875,Cliente 02875,Corporativo,Pereira,Eje Cafetero,Risaralda,F,56+,2020-07-15,Activo
C02876,Cliente 02876,Hogar,Santa Marta,Caribe,Magdalena,No informado,26-35,2025-12-20,Activo
C02877,Cliente 02877,Gobierno,Pereira,Eje Cafetero,Risaralda,F,18-25,2024-02-18,Activo
C02878,Cliente 02878,Educacion,Bucaramanga,Oriente,Santander,M,18-25,2020-09-07,Activo
C02879,Cliente 02879,Educacion,Villavicencio,Llanos,Meta,M,18-25,2019-05-23,Activo
C02880,Cliente 02880,Corporativo,Manizales,Eje Cafetero,Caldas,F,36-45,2019-05-18,Activo
C02881,Cliente 02881,Hogar,Bogota,Centro,Cundinamarca,No informado,36-45,2026-01-18,Activo
C02882,Cliente 02882,Educacion,Pasto,Sur,Narino,F,56+,2020-03-28,Activo
C02883,Cliente 02883,Gobierno,Cali,Occidente,Valle del Cauca,No informado,36-45,2025-11-19,Activo
C02884,Cliente 02884,Pyme,Bogota,Centro,Cundinamarca,M,26-35,2024-03-04,Activo
C02885,Cliente 02885,Gobierno,Pereira,Eje Cafetero,Risaralda,F,36-45,2022-02-09,Activo
C02886,Cliente 02886,Hogar,Bucaramanga,Oriente,Santander,F,18-25,2019-03-05,Activo
C02887,Cliente 02887,Gobierno,Medellin,Antioquia,Antioquia,M,26-35,2025-10-30,Activo
C02888,Cliente 02888,Gobierno,Pasto,Sur,Narino,M,26-35,2019-09-11,Activo
C02889,Cliente 02889,Hogar,Ibague,Centro,Tolima,F,26-35,2020-11-23,Activo
C02890,Cliente 02890,Pyme,Pasto,Sur,Narino,No informado,36-45,2019-11-07,Activo
C02891,Cliente 02891,Pyme,Santa Marta,Caribe,Magdalena,No informado,18-25,2020-03-08,Activo
C02892,Cliente 02892,Gobierno,Santa Marta,Caribe,Magdalena,F,46-55,2023-10-01,Activo
C02893,Cliente 02893,Gobierno,Barranquilla,Caribe,Atlantico,M,56+,2021-07-30,Activo
C02894,Cliente 02894,Hogar,Manizales,Eje Cafetero,Caldas,No informado,36-45,2022-02-16,Activo
C02895,Cliente 02895,Hogar,Bucaramanga,Oriente,Santander,M,26-35,2022-12-09,Activo
C02896,Cliente 02896,Hogar,Manizales,Eje Cafetero,Caldas,M,46-55,2021-01-21,Activo
C02897,Cliente 02897,Pyme,Cartagena,Caribe,Bolivar,F,18-25,2019-11-08,Activo
C02898,Cliente 02898,Gobierno,Bogota,Centro,Cundinamarca,M,46-55,2023-11-08,Activo
C02899,Cliente 02899,Hogar,Santa Marta,Caribe,Magdalena,F,18-25,2019-07-06,Activo
C02900,Cliente 02900,Educacion,Pereira,Eje Cafetero,Risaralda,M,46-55,2019-06-16,Activo
C02901,Cliente 02901,Educacion,Pasto,Sur,Narino,No informado,26-35,2025-02-10,Activo
C02902,Cliente 02902,Gobierno,Ibague,Centro,Tolima,No informado,36-45,2020-02-16,Activo
C02903,Cliente 02903,Gobierno,Ibague,Centro,Tolima,F,56+,2021-07-08,Activo
C02904,Cliente 02904,Gobierno,Medellin,Antioquia,Antioquia,M,18-25,2025-10-28,Activo
C02905,Cliente 02905,Gobierno,Manizales,Eje Cafetero,Caldas,M,26-35,2025-04-30,Activo
C02906,Cliente 02906,Educacion,Bucaramanga,Oriente,Santander,M,26-35,2021-07-26,Activo
C02907,Cliente 02907,Gobierno,Manizales,Eje Cafetero,Caldas,F,26-35,2019-05-20,Activo
C02908,Cliente 02908,Hogar,Barranquilla,Caribe,Atlantico,M,36-45,2025-06-15,Activo
C02909,Cliente 02909,Educacion,Manizales,Eje Cafetero,Caldas,No informado,46-55,2021-04-01,Activo
C02910,Cliente 02910,Hogar,Barranquilla,Caribe,Atlantico,F,36-45,2021-12-19,Activo
C02911,Cliente 02911,Corporativo,Barranquilla,Caribe,Atlantico,F,36-45,2020-04-27,Activo
C02912,Cliente 02912,Hogar,Bogota,Centro,Cundinamarca,M,26-35,2022-12-22,Activo
C02913,Cliente 02913,Hogar,Pereira,Eje Cafetero,Risaralda,M,18-25,2023-12-07,Activo
C02914,Cliente 02914,Gobierno,Cartagena,Caribe,Bolivar,M,56+,2021-07-29,Activo
C02915,Cliente 02915,Corporativo,Manizales,Eje Cafetero,Caldas,M,36-45,2020-09-23,Activo
C02916,Cliente 02916,Gobierno,Santa Marta,Caribe,Magdalena,M,46-55,2021-07-06,Activo
C02917,Cliente 02917,Educacion,Cartagena,Caribe,Bolivar,F,46-55,2022-11-20,Activo
C02918,Cliente 02918,Pyme,Cartagena,Caribe,Bolivar,F,26-35,2024-01-31,Activo
C02919,Cliente 02919,Hogar,Bogota,Centro,Cundinamarca,No informado,26-35,2023-10-27,Activo
C02920,Cliente 02920,Corporativo,Pereira,Eje Cafetero,Risaralda,M,26-35,2019-09-05,Inactivo
C02921,Cliente 02921,Educacion,Manizales,Eje Cafetero,Caldas,M,46-55,2022-01-20,Activo
C02922,Cliente 02922,Hogar,Medellin,Antioquia,Antioquia,F,46-55,2024-10-06,Activo
C02923,Cliente 02923,Educacion,Pasto,Sur,Narino,M,26-35,2025-08-03,Activo
C02924,Cliente 02924,Gobierno,Ibague,Centro,Tolima,M,56+,2023-10-28,Activo
C02925,Cliente 02925,Educacion,Ibague,Centro,Tolima,M,26-35,2025-10-04,Activo
C02926,Cliente 02926,Gobierno,Santa Marta,Caribe,Magdalena,M,46-55,2025-11-12,Inactivo
C02927,Cliente 02927,Pyme,Ibague,Centro,Tolima,No informado,46-55,2019-11-19,Activo
C02928,Cliente 02928,Gobierno,Bucaramanga,Oriente,Santander,F,18-25,2023-02-20,Activo
C02929,Cliente 02929,Corporativo,Santa Marta,Caribe,Magdalena,F,36-45,2020-04-13,Activo
C02930,Cliente 02930,Educacion,Bucaramanga,Oriente,Santander,No informado,36-45,2025-03-11,Activo
C02931,Cliente 02931,Educacion,Villavicencio,Llanos,Meta,No informado,18-25,2020-09-25,Activo
C02932,Cliente 02932,Corporativo,Pereira,Eje Cafetero,Risaralda,M,36-45,2022-06-11,Activo
C02933,Cliente 02933,Educacion,Cali,Occidente,Valle del Cauca,F,36-45,2021-10-22,Inactivo
C02934,Cliente 02934,Educacion,Medellin,Antioquia,Antioquia,M,18-25,2020-12-07,Activo
C02935,Cliente 02935,Hogar,Cartagena,Caribe,Bolivar,F,18-25,2025-05-25,Activo
C02936,Cliente 02936,Pyme,Manizales,Eje Cafetero,Caldas,No informado,26-35,2022-08-27,Activo
C02937,Cliente 02937,Educacion,Pereira,Eje Cafetero,Risaralda,F,56+,2025-01-06,Activo
C02938,Cliente 02938,Educacion,Ibague,Centro,Tolima,M,56+,2024-05-16,Activo
C02939,Cliente 02939,Pyme,Barranquilla,Caribe,Atlantico,M,36-45,2024-05-22,Activo
C02940,Cliente 02940,Hogar,Cartagena,Caribe,Bolivar,No informado,36-45,2023-11-15,Activo
C02941,Cliente 02941,Corporativo,Villavicencio,Llanos,Meta,No informado,26-35,2019-07-13,Activo
C02942,Cliente 02942,Pyme,Barranquilla,Caribe,Atlantico,M,36-45,2020-06-17,Activo
C02943,Cliente 02943,Corporativo,Barranquilla,Caribe,Atlantico,F,18-25,2023-07-17,Activo
C02944,Cliente 02944,Hogar,Bucaramanga,Oriente,Santander,M,36-45,2019-06-14,Activo
C02945,Cliente 02945,Gobierno,Manizales,Eje Cafetero,Caldas,F,18-25,2024-11-21,Activo
C02946,Cliente 02946,Hogar,Ibague,Centro,Tolima,F,18-25,2025-04-19,Activo
C02947,Cliente 02947,Hogar,Cartagena,Caribe,Bolivar,No informado,56+,2020-08-11,Activo
C02948,Cliente 02948,Hogar,Villavicencio,Llanos,Meta,F,46-55,2019-04-15,Activo
C02949,Cliente 02949,Corporativo,Manizales,Eje Cafetero,Caldas,No informado,56+,2019-01-24,Activo
C02950,Cliente 02950,Pyme,Cali,Occidente,Valle del Cauca,M,26-35,2024-09-09,Activo
C02951,Cliente 02951,Hogar,Medellin,Antioquia,Antioquia,No informado,26-35,2023-07-22,Activo
C02952,Cliente 02952,Pyme,Ibague,Centro,Tolima,No informado,18-25,2022-12-22,Activo
C02953,Cliente 02953,Educacion,Manizales,Eje Cafetero,Caldas,F,26-35,2021-07-12,Activo
C02954,Cliente 02954,Corporativo,Bucaramanga,Oriente,Santander,M,36-45,2024-03-09,Activo
C02955,Cliente 02955,Hogar,Cartagena,Caribe,Bolivar,F,56+,2021-06-06,Activo
C02956,Cliente 02956,Gobierno,Barranquilla,Caribe,Atlantico,M,36-45,2024-06-30,Activo
C02957,Cliente 02957,Hogar,Santa Marta,Caribe,Magdalena,M,18-25,2025-09-10,Inactivo
C02958,Cliente 02958,Pyme,Ibague,Centro,Tolima,F,46-55,2025-03-26,Activo
C02959,Cliente 02959,Pyme,Manizales,Eje Cafetero,Caldas,F,26-35,2023-03-19,Inactivo
C02960,Cliente 02960,Hogar,Pasto,Sur,Narino,F,56+,2022-07-05,Activo
C02961,Cliente 02961,Hogar,Bucaramanga,Oriente,Santander,M,18-25,2023-07-08,Activo
C02962,Cliente 02962,Gobierno,Pasto,Sur,Narino,No informado,36-45,2020-08-02,Inactivo
C02963,Cliente 02963,Educacion,Bogota,Centro,Cundinamarca,F,56+,2022-10-07,Activo
C02964,Cliente 02964,Pyme,Pereira,Eje Cafetero,Risaralda,M,26-35,2022-04-12,Activo
C02965,Cliente 02965,Corporativo,Pasto,Sur,Narino,F,36-45,2025-08-05,Activo
C02966,Cliente 02966,Educacion,Manizales,Eje Cafetero,Caldas,No informado,56+,2019-02-01,Activo
C02967,Cliente 02967,Corporativo,Ibague,Centro,Tolima,F,18-25,2023-09-13,Activo
C02968,Cliente 02968,Hogar,Medellin,Antioquia,Antioquia,F,36-45,2025-07-30,Activo
C02969,Cliente 02969,Educacion,Pereira,Eje Cafetero,Risaralda,F,26-35,2026-02-09,Activo
C02970,Cliente 02970,Gobierno,Cali,Occidente,Valle del Cauca,F,36-45,2019-11-15,Activo
C02971,Cliente 02971,Educacion,Manizales,Eje Cafetero,Caldas,No informado,18-25,2022-02-11,Activo
C02972,Cliente 02972,Gobierno,Cartagena,Caribe,Bolivar,No informado,26-35,2023-02-06,Activo
C02973,Cliente 02973,Educacion,Ibague,Centro,Tolima,No informado,26-35,2023-07-28,Activo
C02974,Cliente 02974,Pyme,Cartagena,Caribe,Bolivar,No informado,26-35,2022-05-01,Activo
C02975,Cliente 02975,Corporativo,Cali,Occidente,Valle del Cauca,No informado,26-35,2023-11-06,Activo
C02976,Cliente 02976,Corporativo,Pereira,Eje Cafetero,Risaralda,M,26-35,2024-01-10,Inactivo
C02977,Cliente 02977,Hogar,Cartagena,Caribe,Bolivar,M,26-35,2022-05-02,Activo
C02978,Cliente 02978,Corporativo,Pereira,Eje Cafetero,Risaralda,M,18-25,2022-03-10,Activo
C02979,Cliente 02979,Educacion,Manizales,Eje Cafetero,Caldas,No informado,56+,2019-08-05,Activo
C02980,Cliente 02980,Pyme,Pasto,Sur,Narino,M,18-25,2023-02-10,Inactivo
C02981,Cliente 02981,Corporativo,Villavicencio,Llanos,Meta,No informado,46-55,2021-12-31,Activo
C02982,Cliente 02982,Educacion,Manizales,Eje Cafetero,Caldas,F,56+,2019-12-20,Activo
C02983,Cliente 02983,Pyme,Manizales,Eje Cafetero,Caldas,M,46-55,2020-09-21,Activo
C02984,Cliente 02984,Pyme,Cali,Occidente,Valle del Cauca,M,46-55,2020-01-31,Activo
C02985,Cliente 02985,Corporativo,Bucaramanga,Oriente,Santander,No informado,46-55,2022-08-15,Activo
C02986,Cliente 02986,Hogar,Barranquilla,Caribe,Atlantico,No informado,56+,2024-10-03,Inactivo
C02987,Cliente 02987,Gobierno,Villavicencio,Llanos,Meta,M,46-55,2023-02-14,Activo
C02988,Cliente 02988,Educacion,Cartagena,Caribe,Bolivar,M,46-55,2021-03-01,Activo
C02989,Cliente 02989,Gobierno,Santa Marta,Caribe,Magdalena,No informado,18-25,2019-08-12,Activo
C02990,Cliente 02990,Hogar,Cartagena,Caribe,Bolivar,No informado,18-25,2020-12-06,Activo
C02991,Cliente 02991,Hogar,Villavicencio,Llanos,Meta,No informado,56+,2020-04-06,Activo
C02992,Cliente 02992,Corporativo,Ibague,Centro,Tolima,M,56+,2025-08-15,Activo
C02993,Cliente 02993,Hogar,Santa Marta,Caribe,Magdalena,M,18-25,2020-07-22,Activo
C02994,Cliente 02994,Pyme,Pereira,Eje Cafetero,Risaralda,No informado,18-25,2019-07-19,Activo
C02995,Cliente 02995,Pyme,Ibague,Centro,Tolima,M,18-25,2021-02-17,Activo
C02996,Cliente 02996,Pyme,Santa Marta,Caribe,Magdalena,F,36-45,2022-07-24,Activo
C02997,Cliente 02997,Pyme,Pasto,Sur,Narino,M,36-45,2021-10-02,Activo
C02998,Cliente 02998,Pyme,Cartagena,Caribe,Bolivar,No informado,18-25,2020-11-19,Activo
C02999,Cliente 02999,Educacion,Barranquilla,Caribe,Atlantico,No informado,26-35,2022-07-16,Activo
C03000,Cliente 03000,Corporativo,Pereira,Eje Cafetero,Risaralda,No informado,56+,2023-05-09,Activo
C03001,Cliente 03001,Pyme,Cali,Occidente,Valle del Cauca,M,18-25,2021-11-24,Activo
C03002,Cliente 03002,Corporativo,Pasto,Sur,Narino,F,56+,2025-09-25,Activo
C03003,Cliente 03003,Gobierno,Villavicencio,Llanos,Meta,F,56+,2025-11-16,Activo
C03004,Cliente 03004,Pyme,Cali,Occidente,Valle del Cauca,M,18-25,2023-11-20,Activo
C03005,Cliente 03005,Corporativo,Medellin,Antioquia,Antioquia,F,26-35,2024-03-10,Activo
C03006,Cliente 03006,Hogar,Pereira,Eje Cafetero,Risaralda,F,18-25,2024-08-06,Activo
C03007,Cliente 03007,Corporativo,Manizales,Eje Cafetero,Caldas,No informado,46-55,2019-09-13,Activo
C03008,Cliente 03008,Gobierno,Medellin,Antioquia,Antioquia,F,56+,2020-06-27,Activo
C03009,Cliente 03009,Educacion,Barranquilla,Caribe,Atlantico,No informado,18-25,2019-05-03,Activo
C03010,Cliente 03010,Educacion,Santa Marta,Caribe,Magdalena,M,18-25,2021-03-20,Activo
C03011,Cliente 03011,Gobierno,Bogota,Centro,Cundinamarca,M,56+,2022-08-30,Activo
C03012,Cliente 03012,Corporativo,Santa Marta,Caribe,Magdalena,M,56+,2020-10-18,Activo
C03013,Cliente 03013,Educacion,Ibague,Centro,Tolima,No informado,26-35,2019-11-23,Activo
C03014,Cliente 03014,Corporativo,Manizales,Eje Cafetero,Caldas,No informado,26-35,2023-08-23,Activo
C03015,Cliente 03015,Pyme,Ibague,Centro,Tolima,No informado,26-35,2021-12-06,Activo
C03016,Cliente 03016,Educacion,Barranquilla,Caribe,Atlantico,F,56+,2022-04-19,Activo
C03017,Cliente 03017,Pyme,Barranquilla,Caribe,Atlantico,F,36-45,2024-09-21,Activo
C03018,Cliente 03018,Educacion,Medellin,Antioquia,Antioquia,No informado,46-55,2023-03-22,Activo
C03019,Cliente 03019,Gobierno,Bogota,Centro,Cundinamarca,F,56+,2022-06-10,Activo
C03020,Cliente 03020,Corporativo,Ibague,Centro,Tolima,M,26-35,2025-04-16,Activo
C03021,Cliente 03021,Hogar,Cartagena,Caribe,Bolivar,M,18-25,2019-10-20,Inactivo
C03022,Cliente 03022,Educacion,Pereira,Eje Cafetero,Risaralda,M,26-35,2025-08-31,Activo
C03023,Cliente 03023,Corporativo,Barranquilla,Caribe,Atlantico,No informado,56+,2019-02-24,Activo
C03024,Cliente 03024,Educacion,Cartagena,Caribe,Bolivar,M,46-55,2023-03-13,Activo
C03025,Cliente 03025,Educacion,Manizales,Eje Cafetero,Caldas,M,56+,2023-11-11,Activo
C03026,Cliente 03026,Hogar,Cartagena,Caribe,Bolivar,M,18-25,2020-12-20,Activo
C03027,Cliente 03027,Educacion,Cali,Occidente,Valle del Cauca,No informado,46-55,2024-03-24,Activo
C03028,Cliente 03028,Corporativo,Pasto,Sur,Narino,M,36-45,2024-06-11,Activo
C03029,Cliente 03029,Educacion,Cartagena,Caribe,Bolivar,F,56+,2024-09-06,Activo
C03030,Cliente 03030,Educacion,Pereira,Eje Cafetero,Risaralda,F,26-35,2022-01-05,Activo
C03031,Cliente 03031,Corporativo,Barranquilla,Caribe,Atlantico,No informado,56+,2019-02-09,Activo
C03032,Cliente 03032,Pyme,Pereira,Eje Cafetero,Risaralda,No informado,18-25,2019-02-01,Activo
C03033,Cliente 03033,Pyme,Pereira,Eje Cafetero,Risaralda,M,18-25,2019-12-04,Activo
C03034,Cliente 03034,Educacion,Villavicencio,Llanos,Meta,M,56+,2024-10-19,Activo
C03035,Cliente 03035,Corporativo,Barranquilla,Caribe,Atlantico,No informado,46-55,2022-05-13,Activo
C03036,Cliente 03036,Pyme,Manizales,Eje Cafetero,Caldas,F,46-55,2025-04-21,Activo
C03037,Cliente 03037,Corporativo,Bucaramanga,Oriente,Santander,No informado,56+,2019-11-27,Activo
C03038,Cliente 03038,Pyme,Bogota,Centro,Cundinamarca,M,18-25,2026-01-27,Activo
C03039,Cliente 03039,Gobierno,Cartagena,Caribe,Bolivar,F,36-45,2025-08-31,Activo
C03040,Cliente 03040,Hogar,Manizales,Eje Cafetero,Caldas,M,46-55,2023-03-13,Inactivo
C03041,Cliente 03041,Hogar,Bogota,Centro,Cundinamarca,F,36-45,2022-06-17,Activo
C03042,Cliente 03042,Hogar,Pasto,Sur,Narino,F,36-45,2022-11-11,Activo
C03043,Cliente 03043,Gobierno,Manizales,Eje Cafetero,Caldas,No informado,18-25,2025-06-11,Activo
C03044,Cliente 03044,Hogar,Pasto,Sur,Narino,F,46-55,2024-08-21,Activo
C03045,Cliente 03045,Hogar,Santa Marta,Caribe,Magdalena,F,36-45,2024-04-12,Activo
C03046,Cliente 03046,Pyme,Pereira,Eje Cafetero,Risaralda,M,46-55,2025-10-19,Activo
C03047,Cliente 03047,Corporativo,Santa Marta,Caribe,Magdalena,No informado,36-45,2023-02-10,Activo
C03048,Cliente 03048,Gobierno,Medellin,Antioquia,Antioquia,M,18-25,2023-08-20,Activo
C03049,Cliente 03049,Gobierno,Santa Marta,Caribe,Magdalena,M,36-45,2025-03-31,Activo
C03050,Cliente 03050,Corporativo,Manizales,Eje Cafetero,Caldas,F,56+,2022-02-28,Activo
C03051,Cliente 03051,Corporativo,Cali,Occidente,Valle del Cauca,No informado,56+,2023-01-24,Activo
C03052,Cliente 03052,Pyme,Santa Marta,Caribe,Magdalena,No informado,56+,2020-02-16,Activo
C03053,Cliente 03053,Pyme,Villavicencio,Llanos,Meta,M,46-55,2020-06-08,Activo
C03054,Cliente 03054,Corporativo,Barranquilla,Caribe,Atlantico,No informado,18-25,2022-12-17,Activo
C03055,Cliente 03055,Hogar,Pasto,Sur,Narino,M,36-45,2022-07-25,Activo
C03056,Cliente 03056,Corporativo,Barranquilla,Caribe,Atlantico,M,56+,2020-08-20,Activo
C03057,Cliente 03057,Educacion,Pereira,Eje Cafetero,Risaralda,M,46-55,2020-09-24,Activo
C03058,Cliente 03058,Pyme,Villavicencio,Llanos,Meta,No informado,46-55,2022-10-25,Activo
C03059,Cliente 03059,Gobierno,Cali,Occidente,Valle del Cauca,M,36-45,2023-09-27,Activo
C03060,Cliente 03060,Gobierno,Santa Marta,Caribe,Magdalena,M,56+,2019-04-16,Activo
C03061,Cliente 03061,Corporativo,Santa Marta,Caribe,Magdalena,M,36-45,2019-10-30,Activo
C03062,Cliente 03062,Educacion,Cali,Occidente,Valle del Cauca,No informado,46-55,2024-01-14,Activo
C03063,Cliente 03063,Educacion,Medellin,Antioquia,Antioquia,M,26-35,2022-02-12,Activo
C03064,Cliente 03064,Pyme,Medellin,Antioquia,Antioquia,No informado,36-45,2019-01-18,Activo
C03065,Cliente 03065,Educacion,Manizales,Eje Cafetero,Caldas,F,18-25,2020-12-08,Activo
C03066,Cliente 03066,Educacion,Villavicencio,Llanos,Meta,F,26-35,2022-12-31,Activo
C03067,Cliente 03067,Hogar,Barranquilla,Caribe,Atlantico,No informado,26-35,2019-05-16,Activo
C03068,Cliente 03068,Educacion,Ibague,Centro,Tolima,F,18-25,2020-11-09,Activo
C03069,Cliente 03069,Pyme,Medellin,Antioquia,Antioquia,No informado,46-55,2023-08-15,Activo
C03070,Cliente 03070,Educacion,Cali,Occidente,Valle del Cauca,M,46-55,2020-01-01,Activo
C03071,Cliente 03071,Hogar,Medellin,Antioquia,Antioquia,M,56+,2024-01-02,Activo
C03072,Cliente 03072,Corporativo,Pereira,Eje Cafetero,Risaralda,No informado,46-55,2021-07-30,Activo
C03073,Cliente 03073,Pyme,Pereira,Eje Cafetero,Risaralda,No informado,36-45,2021-04-19,Activo
C03074,Cliente 03074,Hogar,Barranquilla,Caribe,Atlantico,No informado,36-45,2022-11-22,Activo
C03075,Cliente 03075,Educacion,Medellin,Antioquia,Antioquia,No informado,26-35,2019-11-22,Activo
C03076,Cliente 03076,Hogar,Bucaramanga,Oriente,Santander,No informado,18-25,2025-06-27,Inactivo
C03077,Cliente 03077,Educacion,Cartagena,Caribe,Bolivar,No informado,18-25,2024-02-14,Activo
C03078,Cliente 03078,Hogar,Villavicencio,Llanos,Meta,M,26-35,2022-01-08,Activo
C03079,Cliente 03079,Hogar,Pereira,Eje Cafetero,Risaralda,No informado,36-45,2020-06-23,Activo
C03080,Cliente 03080,Gobierno,Villavicencio,Llanos,Meta,M,18-25,2020-07-08,Activo
C03081,Cliente 03081,Corporativo,Barranquilla,Caribe,Atlantico,F,46-55,2023-09-09,Activo
C03082,Cliente 03082,Pyme,Cartagena,Caribe,Bolivar,F,56+,2022-08-24,Activo
C03083,Cliente 03083,Educacion,Bucaramanga,Oriente,Santander,No informado,56+,2022-01-28,Activo
C03084,Cliente 03084,Corporativo,Pereira,Eje Cafetero,Risaralda,M,36-45,2025-01-13,Activo
C03085,Cliente 03085,Gobierno,Cali,Occidente,Valle del Cauca,M,56+,2025-02-04,Activo
C03086,Cliente 03086,Pyme,Pasto,Sur,Narino,M,18-25,2025-02-27,Activo
C03087,Cliente 03087,Pyme,Villavicencio,Llanos,Meta,No informado,26-35,2025-12-11,Activo
C03088,Cliente 03088,Corporativo,Medellin,Antioquia,Antioquia,F,46-55,2021-12-24,Activo
C03089,Cliente 03089,Corporativo,Pereira,Eje Cafetero,Risaralda,No informado,46-55,2022-02-12,Inactivo
C03090,Cliente 03090,Corporativo,Manizales,Eje Cafetero,Caldas,M,26-35,2024-12-10,Activo
C03091,Cliente 03091,Educacion,Cartagena,Caribe,Bolivar,F,56+,2024-03-07,Activo
C03092,Cliente 03092,Hogar,Barranquilla,Caribe,Atlantico,M,26-35,2024-02-07,Activo
C03093,Cliente 03093,Educacion,Manizales,Eje Cafetero,Caldas,F,56+,2019-02-26,Activo
C03094,Cliente 03094,Hogar,Medellin,Antioquia,Antioquia,F,46-55,2019-09-19,Activo
C03095,Cliente 03095,Pyme,Bogota,Centro,Cundinamarca,M,26-35,2020-03-06,Activo
C03096,Cliente 03096,Corporativo,Manizales,Eje Cafetero,Caldas,No informado,46-55,2021-08-25,Activo
C03097,Cliente 03097,Educacion,Bucaramanga,Oriente,Santander,No informado,46-55,2023-11-18,Activo
C03098,Cliente 03098,Corporativo,Ibague,Centro,Tolima,F,46-55,2024-01-08,Activo
C03099,Cliente 03099,Hogar,Manizales,Eje Cafetero,Caldas,M,36-45,2023-09-28,Activo
C03100,Cliente 03100,Hogar,Cali,Occidente,Valle del Cauca,F,26-35,2024-12-06,Activo
C03101,Cliente 03101,Educacion,Pasto,Sur,Narino,No informado,46-55,2025-08-22,Activo
C03102,Cliente 03102,Corporativo,Cali,Occidente,Valle del Cauca,F,56+,2019-06-18,Activo
C03103,Cliente 03103,Corporativo,Ibague,Centro,Tolima,F,46-55,2024-10-01,Activo
C03104,Cliente 03104,Hogar,Bucaramanga,Oriente,Santander,No informado,36-45,2025-01-12,Activo
C03105,Cliente 03105,Corporativo,Ibague,Centro,Tolima,M,46-55,2023-08-29,Activo
C03106,Cliente 03106,Educacion,Villavicencio,Llanos,Meta,F,18-25,2025-05-28,Activo
C03107,Cliente 03107,Hogar,Pasto,Sur,Narino,F,26-35,2025-09-19,Activo
C03108,Cliente 03108,Educacion,Pasto,Sur,Narino,F,18-25,2022-11-14,Activo
C03109,Cliente 03109,Hogar,Cali,Occidente,Valle del Cauca,M,46-55,2020-08-27,Activo
C03110,Cliente 03110,Educacion,Barranquilla,Caribe,Atlantico,M,36-45,2024-06-24,Activo
C03111,Cliente 03111,Pyme,Cartagena,Caribe,Bolivar,No informado,36-45,2026-01-02,Activo
C03112,Cliente 03112,Gobierno,Pereira,Eje Cafetero,Risaralda,No informado,18-25,2019-04-24,Activo
C03113,Cliente 03113,Pyme,Cali,Occidente,Valle del Cauca,No informado,18-25,2021-03-08,Activo
C03114,Cliente 03114,Educacion,Barranquilla,Caribe,Atlantico,No informado,26-35,2020-08-31,Activo
C03115,Cliente 03115,Gobierno,Bogota,Centro,Cundinamarca,No informado,36-45,2021-06-10,Activo
C03116,Cliente 03116,Corporativo,Cartagena,Caribe,Bolivar,No informado,26-35,2019-03-21,Activo
C03117,Cliente 03117,Educacion,Ibague,Centro,Tolima,F,26-35,2020-09-07,Activo
C03118,Cliente 03118,Corporativo,Bogota,Centro,Cundinamarca,F,26-35,2022-10-20,Activo
C03119,Cliente 03119,Corporativo,Bucaramanga,Oriente,Santander,F,36-45,2021-07-09,Activo
C03120,Cliente 03120,Gobierno,Medellin,Antioquia,Antioquia,No informado,56+,2021-06-05,Activo
C03121,Cliente 03121,Hogar,Cali,Occidente,Valle del Cauca,F,18-25,2022-06-02,Activo
C03122,Cliente 03122,Educacion,Santa Marta,Caribe,Magdalena,M,46-55,2021-04-06,Activo
C03123,Cliente 03123,Pyme,Villavicencio,Llanos,Meta,M,46-55,2021-06-13,Activo
C03124,Cliente 03124,Educacion,Bogota,Centro,Cundinamarca,M,56+,2019-04-17,Activo
C03125,Cliente 03125,Pyme,Ibague,Centro,Tolima,No informado,26-35,2021-05-25,Inactivo
C03126,Cliente 03126,Pyme,Cali,Occidente,Valle del Cauca,M,46-55,2022-04-03,Inactivo
C03127,Cliente 03127,Pyme,Pereira,Eje Cafetero,Risaralda,F,36-45,2022-05-11,Activo
C03128,Cliente 03128,Pyme,Pereira,Eje Cafetero,Risaralda,No informado,56+,2023-02-03,Activo
C03129,Cliente 03129,Pyme,Bogota,Centro,Cundinamarca,F,56+,2020-03-10,Activo
C03130,Cliente 03130,Pyme,Cali,Occidente,Valle del Cauca,F,36-45,2020-11-15,Activo
C03131,Cliente 03131,Corporativo,Pasto,Sur,Narino,M,56+,2020-08-09,Activo
C03132,Cliente 03132,Gobierno,Pereira,Eje Cafetero,Risaralda,No informado,46-55,2023-09-23,Activo
C03133,Cliente 03133,Pyme,Santa Marta,Caribe,Magdalena,F,26-35,2023-08-13,Inactivo
C03134,Cliente 03134,Hogar,Pereira,Eje Cafetero,Risaralda,M,18-25,2025-11-23,Activo
C03135,Cliente 03135,Educacion,Cartagena,Caribe,Bolivar,No informado,46-55,2019-04-20,Activo
C03136,Cliente 03136,Gobierno,Santa Marta,Caribe,Magdalena,M,36-45,2022-12-06,Activo
C03137,Cliente 03137,Gobierno,Ibague,Centro,Tolima,No informado,36-45,2023-05-03,Activo
C03138,Cliente 03138,Pyme,Pasto,Sur,Narino,F,26-35,2020-08-17,Activo
C03139,Cliente 03139,Educacion,Pereira,Eje Cafetero,Risaralda,F,26-35,2022-10-15,Activo
C03140,Cliente 03140,Educacion,Bucaramanga,Oriente,Santander,F,18-25,2019-06-09,Activo
C03141,Cliente 03141,Pyme,Santa Marta,Caribe,Magdalena,F,36-45,2021-01-17,Activo
C03142,Cliente 03142,Corporativo,Barranquilla,Caribe,Atlantico,F,56+,2021-02-17,Activo
C03143,Cliente 03143,Pyme,Villavicencio,Llanos,Meta,M,26-35,2026-02-12,Activo
C03144,Cliente 03144,Corporativo,Pereira,Eje Cafetero,Risaralda,No informado,18-25,2019-10-09,Activo
C03145,Cliente 03145,Gobierno,Cali,Occidente,Valle del Cauca,M,46-55,2020-03-13,Activo
C03146,Cliente 03146,Gobierno,Barranquilla,Caribe,Atlantico,F,56+,2023-11-24,Activo
C03147,Cliente 03147,Gobierno,Pereira,Eje Cafetero,Risaralda,F,36-45,2020-04-03,Activo
C03148,Cliente 03148,Corporativo,Cartagena,Caribe,Bolivar,No informado,36-45,2022-08-26,Activo
C03149,Cliente 03149,Corporativo,Bucaramanga,Oriente,Santander,F,18-25,2019-12-21,Activo
C03150,Cliente 03150,Educacion,Santa Marta,Caribe,Magdalena,M,46-55,2026-01-17,Activo
C03151,Cliente 03151,Corporativo,Cali,Occidente,Valle del Cauca,M,56+,2019-08-31,Activo
C03152,Cliente 03152,Gobierno,Bucaramanga,Oriente,Santander,F,46-55,2024-09-13,Inactivo
C03153,Cliente 03153,Educacion,Pasto,Sur,Narino,F,36-45,2021-04-02,Inactivo
C03154,Cliente 03154,Corporativo,Barranquilla,Caribe,Atlantico,No informado,36-45,2021-09-11,Activo
C03155,Cliente 03155,Corporativo,Cartagena,Caribe,Bolivar,No informado,46-55,2021-01-02,Activo
C03156,Cliente 03156,Corporativo,Ibague,Centro,Tolima,F,56+,2023-06-12,Activo
C03157,Cliente 03157,Corporativo,Santa Marta,Caribe,Magdalena,No informado,26-35,2019-07-12,Activo
C03158,Cliente 03158,Hogar,Bucaramanga,Oriente,Santander,M,26-35,2021-04-08,Activo
C03159,Cliente 03159,Hogar,Cartagena,Caribe,Bolivar,F,18-25,2020-01-05,Activo
C03160,Cliente 03160,Gobierno,Bogota,Centro,Cundinamarca,M,18-25,2023-10-05,Activo
C03161,Cliente 03161,Gobierno,Bucaramanga,Oriente,Santander,No informado,36-45,2021-03-31,Activo
C03162,Cliente 03162,Gobierno,Bucaramanga,Oriente,Santander,F,36-45,2020-10-04,Inactivo
C03163,Cliente 03163,Corporativo,Ibague,Centro,Tolima,F,56+,2020-12-25,Activo
C03164,Cliente 03164,Hogar,Medellin,Antioquia,Antioquia,M,56+,2020-01-01,Activo
C03165,Cliente 03165,Corporativo,Bogota,Centro,Cundinamarca,No informado,56+,2023-10-28,Activo
C03166,Cliente 03166,Gobierno,Pereira,Eje Cafetero,Risaralda,No informado,26-35,2024-04-20,Activo
C03167,Cliente 03167,Gobierno,Ibague,Centro,Tolima,No informado,56+,2021-06-15,Activo
C03168,Cliente 03168,Hogar,Bogota,Centro,Cundinamarca,No informado,36-45,2022-08-29,Activo
C03169,Cliente 03169,Gobierno,Barranquilla,Caribe,Atlantico,F,26-35,2025-05-07,Activo
C03170,Cliente 03170,Hogar,Barranquilla,Caribe,Atlantico,No informado,36-45,2022-05-13,Activo
C03171,Cliente 03171,Gobierno,Manizales,Eje Cafetero,Caldas,F,18-25,2020-05-07,Activo
C03172,Cliente 03172,Pyme,Ibague,Centro,Tolima,F,56+,2025-04-16,Activo
C03173,Cliente 03173,Gobierno,Medellin,Antioquia,Antioquia,F,36-45,2020-12-25,Activo
C03174,Cliente 03174,Corporativo,Pereira,Eje Cafetero,Risaralda,F,36-45,2022-03-30,Activo
C03175,Cliente 03175,Pyme,Villavicencio,Llanos,Meta,No informado,26-35,2019-09-11,Activo
C03176,Cliente 03176,Pyme,Pereira,Eje Cafetero,Risaralda,No informado,26-35,2024-04-01,Activo
C03177,Cliente 03177,Hogar,Ibague,Centro,Tolima,M,36-45,2023-07-03,Activo
C03178,Cliente 03178,Hogar,Bucaramanga,Oriente,Santander,F,26-35,2020-06-17,Activo
C03179,Cliente 03179,Corporativo,Barranquilla,Caribe,Atlantico,F,26-35,2025-07-01,Inactivo
C03180,Cliente 03180,Gobierno,Villavicencio,Llanos,Meta,F,56+,2024-01-15,Activo
C03181,Cliente 03181,Hogar,Villavicencio,Llanos,Meta,F,36-45,2019-05-02,Activo
C03182,Cliente 03182,Hogar,Cali,Occidente,Valle del Cauca,F,46-55,2022-04-12,Activo
C03183,Cliente 03183,Corporativo,Bogota,Centro,Cundinamarca,No informado,26-35,2020-08-26,Activo
C03184,Cliente 03184,Hogar,Pasto,Sur,Narino,No informado,26-35,2023-09-29,Activo
C03185,Cliente 03185,Corporativo,Pasto,Sur,Narino,F,56+,2021-03-07,Activo
C03186,Cliente 03186,Pyme,Barranquilla,Caribe,Atlantico,No informado,18-25,2024-06-06,Activo
C03187,Cliente 03187,Gobierno,Villavicencio,Llanos,Meta,F,36-45,2024-09-27,Activo
C03188,Cliente 03188,Gobierno,Villavicencio,Llanos,Meta,No informado,56+,2020-09-05,Activo
C03189,Cliente 03189,Pyme,Pasto,Sur,Narino,No informado,18-25,2019-04-29,Activo
C03190,Cliente 03190,Hogar,Pasto,Sur,Narino,F,26-35,2019-07-22,Activo
C03191,Cliente 03191,Hogar,Manizales,Eje Cafetero,Caldas,F,56+,2019-11-25,Activo
C03192,Cliente 03192,Hogar,Manizales,Eje Cafetero,Caldas,F,46-55,2024-01-06,Activo
C03193,Cliente 03193,Hogar,Bogota,Centro,Cundinamarca,F,18-25,2023-02-20,Activo
C03194,Cliente 03194,Educacion,Cartagena,Caribe,Bolivar,No informado,36-45,2019-01-08,Activo
C03195,Cliente 03195,Pyme,Santa Marta,Caribe,Magdalena,F,36-45,2023-02-18,Activo
C03196,Cliente 03196,Educacion,Pasto,Sur,Narino,M,26-35,2021-03-21,Activo
C03197,Cliente 03197,Hogar,Cali,Occidente,Valle del Cauca,F,46-55,2022-10-21,Activo
C03198,Cliente 03198,Educacion,Medellin,Antioquia,Antioquia,No informado,26-35,2024-11-01,Activo
C03199,Cliente 03199,Gobierno,Cali,Occidente,Valle del Cauca,M,18-25,2023-03-03,Activo
C03200,Cliente 03200,Gobierno,Cali,Occidente,Valle del Cauca,M,36-45,2024-07-22,Activo
C03201,Cliente 03201,Gobierno,Cali,Occidente,Valle del Cauca,No informado,56+,2024-11-11,Activo
C03202,Cliente 03202,Gobierno,Pereira,Eje Cafetero,Risaralda,M,36-45,2021-08-30,Activo
C03203,Cliente 03203,Educacion,Bucaramanga,Oriente,Santander,F,26-35,2026-01-20,Activo
C03204,Cliente 03204,Hogar,Bucaramanga,Oriente,Santander,M,18-25,2024-12-01,Activo
C03205,Cliente 03205,Educacion,Villavicencio,Llanos,Meta,F,56+,2019-12-08,Activo
C03206,Cliente 03206,Gobierno,Bogota,Centro,Cundinamarca,F,18-25,2024-12-22,Activo
C03207,Cliente 03207,Gobierno,Bucaramanga,Oriente,Santander,No informado,36-45,2020-01-18,Activo
C03208,Cliente 03208,Educacion,Bogota,Centro,Cundinamarca,F,26-35,2025-01-10,Activo
C03209,Cliente 03209,Hogar,Bucaramanga,Oriente,Santander,F,36-45,2024-07-01,Activo
C03210,Cliente 03210,Educacion,Manizales,Eje Cafetero,Caldas,F,56+,2022-07-06,Activo
C03211,Cliente 03211,Pyme,Medellin,Antioquia,Antioquia,M,46-55,2022-10-14,Inactivo
C03212,Cliente 03212,Educacion,Villavicencio,Llanos,Meta,F,46-55,2024-01-01,Activo
C03213,Cliente 03213,Hogar,Ibague,Centro,Tolima,No informado,46-55,2023-10-18,Inactivo
C03214,Cliente 03214,Gobierno,Bucaramanga,Oriente,Santander,F,36-45,2020-01-29,Activo
C03215,Cliente 03215,Pyme,Santa Marta,Caribe,Magdalena,M,18-25,2025-03-23,Activo
C03216,Cliente 03216,Pyme,Cali,Occidente,Valle del Cauca,M,18-25,2020-06-17,Activo
C03217,Cliente 03217,Corporativo,Pereira,Eje Cafetero,Risaralda,F,46-55,2019-01-12,Activo
C03218,Cliente 03218,Corporativo,Pasto,Sur,Narino,F,26-35,2022-03-13,Activo
C03219,Cliente 03219,Hogar,Cartagena,Caribe,Bolivar,F,46-55,2022-03-30,Activo
C03220,Cliente 03220,Educacion,Manizales,Eje Cafetero,Caldas,M,18-25,2022-10-30,Activo
C03221,Cliente 03221,Pyme,Pereira,Eje Cafetero,Risaralda,No informado,56+,2021-02-13,Activo
C03222,Cliente 03222,Gobierno,Cartagena,Caribe,Bolivar,M,36-45,2026-02-01,Activo
C03223,Cliente 03223,Corporativo,Bucaramanga,Oriente,Santander,F,56+,2020-02-19,Activo
C03224,Cliente 03224,Educacion,Bogota,Centro,Cundinamarca,M,36-45,2020-08-04,Activo
C03225,Cliente 03225,Pyme,Santa Marta,Caribe,Magdalena,M,36-45,2021-05-14,Activo
C03226,Cliente 03226,Educacion,Ibague,Centro,Tolima,M,56+,2024-07-23,Activo
C03227,Cliente 03227,Gobierno,Pereira,Eje Cafetero,Risaralda,No informado,46-55,2020-11-27,Activo
C03228,Cliente 03228,Educacion,Barranquilla,Caribe,Atlantico,F,18-25,2019-02-15,Activo
C03229,Cliente 03229,Gobierno,Medellin,Antioquia,Antioquia,No informado,56+,2023-04-13,Activo
C03230,Cliente 03230,Hogar,Villavicencio,Llanos,Meta,F,18-25,2020-02-22,Activo
C03231,Cliente 03231,Pyme,Medellin,Antioquia,Antioquia,F,36-45,2022-03-15,Activo
C03232,Cliente 03232,Corporativo,Cali,Occidente,Valle del Cauca,No informado,36-45,2022-01-14,Activo
C03233,Cliente 03233,Gobierno,Santa Marta,Caribe,Magdalena,No informado,46-55,2021-10-29,Activo
C03234,Cliente 03234,Pyme,Cali,Occidente,Valle del Cauca,M,56+,2025-11-09,Activo
C03235,Cliente 03235,Corporativo,Pereira,Eje Cafetero,Risaralda,F,26-35,2019-06-10,Activo
C03236,Cliente 03236,Hogar,Santa Marta,Caribe,Magdalena,M,56+,2019-07-16,Activo
C03237,Cliente 03237,Corporativo,Santa Marta,Caribe,Magdalena,No informado,46-55,2024-06-09,Activo
C03238,Cliente 03238,Pyme,Cali,Occidente,Valle del Cauca,M,26-35,2024-11-07,Activo
C03239,Cliente 03239,Gobierno,Bogota,Centro,Cundinamarca,M,46-55,2025-06-03,Activo
C03240,Cliente 03240,Hogar,Bucaramanga,Oriente,Santander,M,18-25,2020-11-15,Activo
C03241,Cliente 03241,Pyme,Pereira,Eje Cafetero,Risaralda,M,26-35,2023-03-12,Activo
C03242,Cliente 03242,Educacion,Bogota,Centro,Cundinamarca,F,18-25,2020-05-09,Activo
C03243,Cliente 03243,Educacion,Santa Marta,Caribe,Magdalena,M,26-35,2024-03-01,Activo
C03244,Cliente 03244,Hogar,Cartagena,Caribe,Bolivar,M,46-55,2023-06-27,Activo
C03245,Cliente 03245,Educacion,Bogota,Centro,Cundinamarca,No informado,18-25,2025-11-18,Activo
C03246,Cliente 03246,Educacion,Bogota,Centro,Cundinamarca,M,26-35,2021-07-30,Activo
C03247,Cliente 03247,Hogar,Barranquilla,Caribe,Atlantico,F,46-55,2022-05-26,Activo
C03248,Cliente 03248,Educacion,Pasto,Sur,Narino,F,26-35,2021-09-19,Activo
C03249,Cliente 03249,Hogar,Medellin,Antioquia,Antioquia,F,36-45,2024-12-17,Activo
C03250,Cliente 03250,Hogar,Pereira,Eje Cafetero,Risaralda,F,36-45,2023-07-22,Activo
C03251,Cliente 03251,Pyme,Bogota,Centro,Cundinamarca,No informado,26-35,2020-01-06,Activo
C03252,Cliente 03252,Hogar,Ibague,Centro,Tolima,F,26-35,2023-05-25,Activo
C03253,Cliente 03253,Pyme,Barranquilla,Caribe,Atlantico,No informado,26-35,2025-11-14,Activo
C03254,Cliente 03254,Educacion,Cartagena,Caribe,Bolivar,M,18-25,2022-09-06,Inactivo
C03255,Cliente 03255,Educacion,Santa Marta,Caribe,Magdalena,No informado,36-45,2023-11-09,Activo
C03256,Cliente 03256,Gobierno,Pereira,Eje Cafetero,Risaralda,No informado,26-35,2022-11-29,Activo
C03257,Cliente 03257,Educacion,Bucaramanga,Oriente,Santander,F,36-45,2023-04-08,Activo
C03258,Cliente 03258,Pyme,Cali,Occidente,Valle del Cauca,F,18-25,2021-12-16,Activo
C03259,Cliente 03259,Educacion,Pasto,Sur,Narino,M,56+,2022-10-12,Activo
C03260,Cliente 03260,Educacion,Pasto,Sur,Narino,No informado,18-25,2023-11-29,Activo
C03261,Cliente 03261,Gobierno,Santa Marta,Caribe,Magdalena,M,26-35,2021-02-19,Activo
C03262,Cliente 03262,Corporativo,Cali,Occidente,Valle del Cauca,No informado,18-25,2025-06-09,Activo
C03263,Cliente 03263,Pyme,Pereira,Eje Cafetero,Risaralda,M,56+,2019-10-20,Activo
C03264,Cliente 03264,Pyme,Bogota,Centro,Cundinamarca,F,18-25,2020-08-09,Activo
C03265,Cliente 03265,Corporativo,Pereira,Eje Cafetero,Risaralda,M,26-35,2019-07-31,Activo
C03266,Cliente 03266,Pyme,Pereira,Eje Cafetero,Risaralda,No informado,46-55,2025-11-21,Activo
C03267,Cliente 03267,Pyme,Santa Marta,Caribe,Magdalena,F,46-55,2020-10-10,Activo
C03268,Cliente 03268,Hogar,Pasto,Sur,Narino,M,46-55,2023-03-13,Activo
C03269,Cliente 03269,Pyme,Ibague,Centro,Tolima,M,18-25,2020-01-14,Activo
C03270,Cliente 03270,Gobierno,Manizales,Eje Cafetero,Caldas,F,36-45,2025-03-03,Activo
C03271,Cliente 03271,Corporativo,Manizales,Eje Cafetero,Caldas,M,46-55,2024-11-05,Activo
C03272,Cliente 03272,Pyme,Cali,Occidente,Valle del Cauca,F,46-55,2023-01-05,Activo
C03273,Cliente 03273,Educacion,Villavicencio,Llanos,Meta,No informado,26-35,2023-06-17,Activo
C03274,Cliente 03274,Educacion,Cali,Occidente,Valle del Cauca,M,18-25,2021-05-28,Activo
C03275,Cliente 03275,Educacion,Cali,Occidente,Valle del Cauca,F,26-35,2021-10-23,Activo
C03276,Cliente 03276,Hogar,Barranquilla,Caribe,Atlantico,M,36-45,2020-07-06,Activo
C03277,Cliente 03277,Gobierno,Ibague,Centro,Tolima,M,18-25,2025-01-13,Activo
C03278,Cliente 03278,Educacion,Bucaramanga,Oriente,Santander,F,36-45,2019-05-07,Activo
C03279,Cliente 03279,Gobierno,Santa Marta,Caribe,Magdalena,No informado,36-45,2019-11-11,Activo
C03280,Cliente 03280,Gobierno,Barranquilla,Caribe,Atlantico,F,18-25,2025-09-03,Activo
C03281,Cliente 03281,Hogar,Bucaramanga,Oriente,Santander,F,56+,2025-07-23,Activo
C03282,Cliente 03282,Hogar,Barranquilla,Caribe,Atlantico,M,26-35,2025-08-05,Activo
C03283,Cliente 03283,Corporativo,Pasto,Sur,Narino,F,18-25,2022-09-12,Activo
C03284,Cliente 03284,Pyme,Medellin,Antioquia,Antioquia,M,18-25,2025-01-14,Activo
C03285,Cliente 03285,Corporativo,Medellin,Antioquia,Antioquia,F,26-35,2025-09-22,Activo
C03286,Cliente 03286,Educacion,Cartagena,Caribe,Bolivar,M,46-55,2019-01-05,Activo
C03287,Cliente 03287,Educacion,Manizales,Eje Cafetero,Caldas,No informado,36-45,2022-12-06,Activo
C03288,Cliente 03288,Corporativo,Bogota,Centro,Cundinamarca,M,18-25,2023-11-18,Activo
C03289,Cliente 03289,Corporativo,Santa Marta,Caribe,Magdalena,No informado,26-35,2025-04-26,Activo
C03290,Cliente 03290,Corporativo,Manizales,Eje Cafetero,Caldas,No informado,18-25,2021-01-15,Activo
C03291,Cliente 03291,Corporativo,Barranquilla,Caribe,Atlantico,No informado,26-35,2021-01-10,Activo
C03292,Cliente 03292,Corporativo,Villavicencio,Llanos,Meta,No informado,36-45,2023-08-21,Activo
C03293,Cliente 03293,Hogar,Manizales,Eje Cafetero,Caldas,No informado,46-55,2021-10-08,Activo
C03294,Cliente 03294,Gobierno,Pereira,Eje Cafetero,Risaralda,F,18-25,2024-11-07,Activo
C03295,Cliente 03295,Corporativo,Villavicencio,Llanos,Meta,F,46-55,2019-06-07,Activo
C03296,Cliente 03296,Pyme,Santa Marta,Caribe,Magdalena,F,18-25,2024-05-05,Activo
C03297,Cliente 03297,Hogar,Bucaramanga,Oriente,Santander,F,56+,2024-02-02,Activo
C03298,Cliente 03298,Gobierno,Villavicencio,Llanos,Meta,No informado,18-25,2020-05-29,Activo
C03299,Cliente 03299,Gobierno,Ibague,Centro,Tolima,F,56+,2024-11-19,Activo
C03300,Cliente 03300,Pyme,Manizales,Eje Cafetero,Caldas,No informado,36-45,2019-02-18,Activo
C03301,Cliente 03301,Gobierno,Santa Marta,Caribe,Magdalena,F,36-45,2025-02-11,Activo
C03302,Cliente 03302,Corporativo,Santa Marta,Caribe,Magdalena,No informado,18-25,2023-04-24,Inactivo
C03303,Cliente 03303,Educacion,Cartagena,Caribe,Bolivar,F,36-45,2021-05-12,Activo
C03304,Cliente 03304,Corporativo,Bogota,Centro,Cundinamarca,No informado,36-45,2020-02-17,Activo
C03305,Cliente 03305,Corporativo,Villavicencio,Llanos,Meta,No informado,18-25,2021-01-11,Activo
C03306,Cliente 03306,Gobierno,Medellin,Antioquia,Antioquia,No informado,46-55,2023-06-07,Activo
C03307,Cliente 03307,Hogar,Pereira,Eje Cafetero,Risaralda,No informado,56+,2022-04-07,Inactivo
C03308,Cliente 03308,Educacion,Bogota,Centro,Cundinamarca,M,56+,2019-07-19,Activo
C03309,Cliente 03309,Gobierno,Medellin,Antioquia,Antioquia,No informado,36-45,2021-09-09,Activo
C03310,Cliente 03310,Educacion,Manizales,Eje Cafetero,Caldas,F,26-35,2023-12-19,Activo
C03311,Cliente 03311,Educacion,Pereira,Eje Cafetero,Risaralda,F,18-25,2021-03-18,Activo
C03312,Cliente 03312,Educacion,Santa Marta,Caribe,Magdalena,M,56+,2023-03-09,Activo
C03313,Cliente 03313,Corporativo,Bucaramanga,Oriente,Santander,M,36-45,2023-09-20,Activo
C03314,Cliente 03314,Gobierno,Cartagena,Caribe,Bolivar,M,26-35,2023-06-23,Activo
C03315,Cliente 03315,Pyme,Bucaramanga,Oriente,Santander,F,18-25,2021-01-16,Activo
C03316,Cliente 03316,Educacion,Santa Marta,Caribe,Magdalena,M,18-25,2021-03-12,Activo
C03317,Cliente 03317,Educacion,Barranquilla,Caribe,Atlantico,F,56+,2023-10-04,Activo
C03318,Cliente 03318,Hogar,Villavicencio,Llanos,Meta,No informado,18-25,2023-09-10,Activo
C03319,Cliente 03319,Hogar,Ibague,Centro,Tolima,M,26-35,2020-03-26,Activo
C03320,Cliente 03320,Pyme,Cartagena,Caribe,Bolivar,No informado,56+,2022-08-03,Activo
C03321,Cliente 03321,Corporativo,Cali,Occidente,Valle del Cauca,No informado,56+,2020-11-30,Activo
C03322,Cliente 03322,Corporativo,Ibague,Centro,Tolima,M,26-35,2025-02-24,Activo
C03323,Cliente 03323,Gobierno,Santa Marta,Caribe,Magdalena,M,26-35,2025-06-12,Activo
C03324,Cliente 03324,Hogar,Villavicencio,Llanos,Meta,M,56+,2021-03-15,Activo
C03325,Cliente 03325,Hogar,Bogota,Centro,Cundinamarca,F,46-55,2021-12-24,Activo
C03326,Cliente 03326,Hogar,Medellin,Antioquia,Antioquia,M,46-55,2025-07-30,Activo
C03327,Cliente 03327,Hogar,Ibague,Centro,Tolima,No informado,18-25,2023-08-24,Activo
C03328,Cliente 03328,Gobierno,Santa Marta,Caribe,Magdalena,M,56+,2024-10-02,Activo
C03329,Cliente 03329,Gobierno,Cali,Occidente,Valle del Cauca,F,26-35,2025-04-02,Activo
C03330,Cliente 03330,Educacion,Villavicencio,Llanos,Meta,F,26-35,2023-11-01,Activo
C03331,Cliente 03331,Hogar,Cali,Occidente,Valle del Cauca,No informado,26-35,2024-02-28,Activo
C03332,Cliente 03332,Gobierno,Bogota,Centro,Cundinamarca,M,26-35,2019-09-25,Activo
C03333,Cliente 03333,Educacion,Manizales,Eje Cafetero,Caldas,No informado,18-25,2025-11-06,Activo
C03334,Cliente 03334,Educacion,Pereira,Eje Cafetero,Risaralda,No informado,46-55,2019-10-13,Activo
C03335,Cliente 03335,Corporativo,Santa Marta,Caribe,Magdalena,No informado,26-35,2021-05-02,Activo
C03336,Cliente 03336,Hogar,Villavicencio,Llanos,Meta,M,36-45,2022-01-31,Inactivo
C03337,Cliente 03337,Pyme,Barranquilla,Caribe,Atlantico,M,56+,2025-05-14,Activo
C03338,Cliente 03338,Pyme,Manizales,Eje Cafetero,Caldas,No informado,26-35,2021-03-11,Activo
C03339,Cliente 03339,Educacion,Bogota,Centro,Cundinamarca,No informado,18-25,2021-09-30,Activo
C03340,Cliente 03340,Educacion,Santa Marta,Caribe,Magdalena,No informado,18-25,2023-04-25,Activo
C03341,Cliente 03341,Pyme,Villavicencio,Llanos,Meta,M,26-35,2020-07-10,Activo
C03342,Cliente 03342,Gobierno,Bucaramanga,Oriente,Santander,F,36-45,2022-02-03,Activo
C03343,Cliente 03343,Educacion,Pasto,Sur,Narino,F,36-45,2025-03-23,Activo
C03344,Cliente 03344,Gobierno,Manizales,Eje Cafetero,Caldas,M,56+,2023-03-26,Activo
C03345,Cliente 03345,Corporativo,Pereira,Eje Cafetero,Risaralda,No informado,46-55,2021-08-14,Activo
C03346,Cliente 03346,Corporativo,Bucaramanga,Oriente,Santander,No informado,56+,2019-11-08,Activo
C03347,Cliente 03347,Pyme,Pereira,Eje Cafetero,Risaralda,F,26-35,2019-06-01,Activo
C03348,Cliente 03348,Pyme,Bogota,Centro,Cundinamarca,F,46-55,2023-05-29,Activo
C03349,Cliente 03349,Gobierno,Bogota,Centro,Cundinamarca,M,18-25,2025-04-09,Activo
C03350,Cliente 03350,Pyme,Cali,Occidente,Valle del Cauca,M,26-35,2026-02-04,Activo
C03351,Cliente 03351,Corporativo,Pereira,Eje Cafetero,Risaralda,F,26-35,2022-08-24,Activo
C03352,Cliente 03352,Pyme,Bogota,Centro,Cundinamarca,M,36-45,2020-04-01,Activo
C03353,Cliente 03353,Pyme,Bucaramanga,Oriente,Santander,M,56+,2022-01-08,Activo
C03354,Cliente 03354,Corporativo,Medellin,Antioquia,Antioquia,F,56+,2023-12-19,Activo
C03355,Cliente 03355,Pyme,Manizales,Eje Cafetero,Caldas,No informado,36-45,2024-01-27,Activo
C03356,Cliente 03356,Gobierno,Cali,Occidente,Valle del Cauca,F,18-25,2021-01-13,Activo
C03357,Cliente 03357,Educacion,Cartagena,Caribe,Bolivar,No informado,26-35,2019-03-30,Activo
C03358,Cliente 03358,Hogar,Villavicencio,Llanos,Meta,M,46-55,2019-03-23,Activo
C03359,Cliente 03359,Gobierno,Bogota,Centro,Cundinamarca,No informado,56+,2023-02-08,Activo
C03360,Cliente 03360,Gobierno,Cali,Occidente,Valle del Cauca,F,26-35,2022-11-10,Activo
C03361,Cliente 03361,Gobierno,Ibague,Centro,Tolima,F,36-45,2023-03-28,Activo
C03362,Cliente 03362,Hogar,Pereira,Eje Cafetero,Risaralda,No informado,26-35,2021-06-16,Activo
C03363,Cliente 03363,Gobierno,Santa Marta,Caribe,Magdalena,No informado,26-35,2019-07-14,Activo
C03364,Cliente 03364,Gobierno,Medellin,Antioquia,Antioquia,No informado,36-45,2024-03-22,Activo
C03365,Cliente 03365,Corporativo,Ibague,Centro,Tolima,F,46-55,2022-11-16,Activo
C03366,Cliente 03366,Hogar,Cartagena,Caribe,Bolivar,M,56+,2023-02-10,Inactivo
C03367,Cliente 03367,Pyme,Pasto,Sur,Narino,M,56+,2024-03-20,Activo
C03368,Cliente 03368,Corporativo,Pereira,Eje Cafetero,Risaralda,M,26-35,2022-04-05,Activo
C03369,Cliente 03369,Educacion,Medellin,Antioquia,Antioquia,F,26-35,2024-07-11,Activo
C03370,Cliente 03370,Pyme,Pasto,Sur,Narino,No informado,36-45,2019-11-12,Activo
C03371,Cliente 03371,Hogar,Santa Marta,Caribe,Magdalena,No informado,18-25,2021-04-30,Activo
C03372,Cliente 03372,Pyme,Cali,Occidente,Valle del Cauca,M,56+,2025-09-28,Activo
C03373,Cliente 03373,Corporativo,Cali,Occidente,Valle del Cauca,M,46-55,2020-04-28,Activo
C03374,Cliente 03374,Corporativo,Cali,Occidente,Valle del Cauca,F,56+,2021-08-04,Activo
C03375,Cliente 03375,Educacion,Villavicencio,Llanos,Meta,M,46-55,2021-07-04,Activo
C03376,Cliente 03376,Hogar,Villavicencio,Llanos,Meta,M,36-45,2021-12-10,Activo
C03377,Cliente 03377,Hogar,Villavicencio,Llanos,Meta,M,46-55,2024-12-03,Activo
C03378,Cliente 03378,Gobierno,Ibague,Centro,Tolima,F,36-45,2021-04-19,Activo
C03379,Cliente 03379,Gobierno,Ibague,Centro,Tolima,M,26-35,2020-04-13,Activo
C03380,Cliente 03380,Educacion,Medellin,Antioquia,Antioquia,No informado,46-55,2020-11-22,Activo
C03381,Cliente 03381,Corporativo,Villavicencio,Llanos,Meta,F,36-45,2024-12-25,Activo
C03382,Cliente 03382,Corporativo,Cali,Occidente,Valle del Cauca,No informado,46-55,2019-12-06,Activo
C03383,Cliente 03383,Gobierno,Barranquilla,Caribe,Atlantico,M,46-55,2023-10-25,Activo
C03384,Cliente 03384,Hogar,Barranquilla,Caribe,Atlantico,M,26-35,2024-06-23,Activo
C03385,Cliente 03385,Pyme,Bucaramanga,Oriente,Santander,M,56+,2019-02-08,Activo
C03386,Cliente 03386,Hogar,Ibague,Centro,Tolima,No informado,56+,2024-08-29,Activo
C03387,Cliente 03387,Hogar,Manizales,Eje Cafetero,Caldas,M,18-25,2019-06-12,Activo
C03388,Cliente 03388,Pyme,Medellin,Antioquia,Antioquia,No informado,26-35,2022-03-16,Activo
C03389,Cliente 03389,Hogar,Pasto,Sur,Narino,M,46-55,2021-06-02,Activo
C03390,Cliente 03390,Gobierno,Bucaramanga,Oriente,Santander,No informado,26-35,2025-09-19,Activo
C03391,Cliente 03391,Corporativo,Pasto,Sur,Narino,No informado,36-45,2020-11-15,Activo
C03392,Cliente 03392,Pyme,Barranquilla,Caribe,Atlantico,No informado,56+,2020-12-09,Activo
C03393,Cliente 03393,Corporativo,Santa Marta,Caribe,Magdalena,F,46-55,2020-12-06,Activo
C03394,Cliente 03394,Gobierno,Barranquilla,Caribe,Atlantico,No informado,46-55,2024-12-14,Activo
C03395,Cliente 03395,Gobierno,Pasto,Sur,Narino,F,18-25,2022-06-26,Activo
C03396,Cliente 03396,Hogar,Cali,Occidente,Valle del Cauca,No informado,46-55,2022-01-04,Activo
C03397,Cliente 03397,Gobierno,Manizales,Eje Cafetero,Caldas,F,36-45,2023-09-16,Activo
C03398,Cliente 03398,Corporativo,Medellin,Antioquia,Antioquia,No informado,46-55,2022-12-11,Activo
C03399,Cliente 03399,Hogar,Villavicencio,Llanos,Meta,F,56+,2024-03-27,Inactivo
C03400,Cliente 03400,Pyme,Barranquilla,Caribe,Atlantico,No informado,36-45,2019-08-03,Activo
C03401,Cliente 03401,Corporativo,Pasto,Sur,Narino,M,26-35,2024-08-16,Activo
C03402,Cliente 03402,Educacion,Cali,Occidente,Valle del Cauca,M,26-35,2024-01-10,Activo
C03403,Cliente 03403,Corporativo,Santa Marta,Caribe,Magdalena,F,46-55,2020-02-08,Activo
C03404,Cliente 03404,Corporativo,Medellin,Antioquia,Antioquia,No informado,36-45,2019-03-24,Activo
C03405,Cliente 03405,Pyme,Villavicencio,Llanos,Meta,F,36-45,2023-08-23,Activo
C03406,Cliente 03406,Gobierno,Ibague,Centro,Tolima,No informado,36-45,2025-12-02,Activo
C03407,Cliente 03407,Hogar,Pasto,Sur,Narino,F,46-55,2022-09-07,Activo
C03408,Cliente 03408,Corporativo,Villavicencio,Llanos,Meta,M,18-25,2019-07-16,Activo
C03409,Cliente 03409,Pyme,Medellin,Antioquia,Antioquia,M,18-25,2024-03-28,Activo
C03410,Cliente 03410,Educacion,Bogota,Centro,Cundinamarca,M,18-25,2023-08-22,Activo
C03411,Cliente 03411,Gobierno,Cali,Occidente,Valle del Cauca,F,26-35,2020-09-06,Activo
C03412,Cliente 03412,Corporativo,Villavicencio,Llanos,Meta,No informado,18-25,2025-02-01,Activo
C03413,Cliente 03413,Corporativo,Cali,Occidente,Valle del Cauca,M,18-25,2020-03-31,Activo
C03414,Cliente 03414,Pyme,Villavicencio,Llanos,Meta,F,36-45,2023-11-11,Activo
C03415,Cliente 03415,Pyme,Pereira,Eje Cafetero,Risaralda,M,46-55,2022-12-04,Activo
C03416,Cliente 03416,Corporativo,Bogota,Centro,Cundinamarca,No informado,18-25,2024-02-11,Activo
C03417,Cliente 03417,Educacion,Ibague,Centro,Tolima,F,46-55,2019-03-14,Activo
C03418,Cliente 03418,Pyme,Cartagena,Caribe,Bolivar,No informado,18-25,2024-01-25,Activo
C03419,Cliente 03419,Corporativo,Bucaramanga,Oriente,Santander,M,36-45,2020-07-01,Activo
C03420,Cliente 03420,Hogar,Cartagena,Caribe,Bolivar,M,18-25,2021-06-11,Activo
C03421,Cliente 03421,Hogar,Bogota,Centro,Cundinamarca,F,36-45,2020-04-30,Activo
C03422,Cliente 03422,Pyme,Bogota,Centro,Cundinamarca,M,26-35,2025-10-14,Inactivo
C03423,Cliente 03423,Gobierno,Barranquilla,Caribe,Atlantico,M,26-35,2023-06-05,Activo
C03424,Cliente 03424,Educacion,Cali,Occidente,Valle del Cauca,F,56+,2023-02-17,Activo
C03425,Cliente 03425,Corporativo,Ibague,Centro,Tolima,F,36-45,2019-10-29,Activo
C03426,Cliente 03426,Hogar,Santa Marta,Caribe,Magdalena,F,46-55,2024-10-21,Activo
C03427,Cliente 03427,Gobierno,Santa Marta,Caribe,Magdalena,No informado,56+,2020-07-27,Activo
C03428,Cliente 03428,Gobierno,Bogota,Centro,Cundinamarca,F,36-45,2023-01-08,Activo
C03429,Cliente 03429,Pyme,Barranquilla,Caribe,Atlantico,F,36-45,2020-10-21,Activo
C03430,Cliente 03430,Corporativo,Cartagena,Caribe,Bolivar,No informado,36-45,2022-07-16,Activo
C03431,Cliente 03431,Hogar,Villavicencio,Llanos,Meta,No informado,18-25,2019-11-05,Activo
C03432,Cliente 03432,Corporativo,Medellin,Antioquia,Antioquia,No informado,56+,2020-02-20,Activo
C03433,Cliente 03433,Educacion,Medellin,Antioquia,Antioquia,No informado,36-45,2024-11-20,Activo
C03434,Cliente 03434,Hogar,Cartagena,Caribe,Bolivar,M,18-25,2021-01-06,Activo
C03435,Cliente 03435,Educacion,Cartagena,Caribe,Bolivar,M,46-55,2024-06-10,Activo
C03436,Cliente 03436,Pyme,Medellin,Antioquia,Antioquia,No informado,36-45,2023-01-15,Activo
C03437,Cliente 03437,Hogar,Ibague,Centro,Tolima,M,26-35,2026-02-13,Activo
C03438,Cliente 03438,Gobierno,Cali,Occidente,Valle del Cauca,No informado,26-35,2021-01-11,Activo
C03439,Cliente 03439,Pyme,Medellin,Antioquia,Antioquia,No informado,26-35,2025-09-06,Activo
C03440,Cliente 03440,Pyme,Ibague,Centro,Tolima,M,18-25,2021-01-05,Activo
C03441,Cliente 03441,Hogar,Pereira,Eje Cafetero,Risaralda,F,46-55,2023-01-05,Activo
C03442,Cliente 03442,Pyme,Ibague,Centro,Tolima,M,26-35,2025-03-29,Activo
C03443,Cliente 03443,Educacion,Santa Marta,Caribe,Magdalena,M,56+,2024-02-11,Inactivo
C03444,Cliente 03444,Pyme,Villavicencio,Llanos,Meta,M,18-25,2019-02-01,Inactivo
C03445,Cliente 03445,Gobierno,Bogota,Centro,Cundinamarca,F,36-45,2022-10-29,Activo
C03446,Cliente 03446,Pyme,Pasto,Sur,Narino,F,46-55,2024-02-10,Activo
C03447,Cliente 03447,Gobierno,Pereira,Eje Cafetero,Risaralda,No informado,18-25,2023-10-04,Activo
C03448,Cliente 03448,Pyme,Cartagena,Caribe,Bolivar,F,36-45,2019-02-13,Activo
C03449,Cliente 03449,Pyme,Villavicencio,Llanos,Meta,No informado,26-35,2021-06-15,Activo
C03450,Cliente 03450,Educacion,Ibague,Centro,Tolima,No informado,56+,2023-06-19,Activo
C03451,Cliente 03451,Corporativo,Santa Marta,Caribe,Magdalena,F,26-35,2024-09-23,Activo
C03452,Cliente 03452,Hogar,Medellin,Antioquia,Antioquia,F,46-55,2025-12-29,Activo
C03453,Cliente 03453,Gobierno,Bucaramanga,Oriente,Santander,M,36-45,2023-01-19,Inactivo
C03454,Cliente 03454,Pyme,Villavicencio,Llanos,Meta,M,26-35,2024-04-27,Activo
C03455,Cliente 03455,Gobierno,Cartagena,Caribe,Bolivar,F,46-55,2022-09-29,Activo
C03456,Cliente 03456,Gobierno,Ibague,Centro,Tolima,No informado,26-35,2021-03-20,Activo
C03457,Cliente 03457,Pyme,Bucaramanga,Oriente,Santander,F,18-25,2021-01-08,Activo
C03458,Cliente 03458,Pyme,Manizales,Eje Cafetero,Caldas,F,36-45,2019-05-26,Activo
C03459,Cliente 03459,Educacion,Cali,Occidente,Valle del Cauca,M,26-35,2024-11-23,Activo
C03460,Cliente 03460,Pyme,Bucaramanga,Oriente,Santander,No informado,36-45,2024-12-09,Activo
C03461,Cliente 03461,Hogar,Ibague,Centro,Tolima,No informado,36-45,2022-11-15,Activo
C03462,Cliente 03462,Gobierno,Barranquilla,Caribe,Atlantico,F,56+,2024-06-10,Activo
C03463,Cliente 03463,Pyme,Medellin,Antioquia,Antioquia,M,26-35,2021-06-28,Inactivo
C03464,Cliente 03464,Corporativo,Bogota,Centro,Cundinamarca,No informado,26-35,2019-06-02,Activo
C03465,Cliente 03465,Corporativo,Pasto,Sur,Narino,F,26-35,2019-06-18,Activo
C03466,Cliente 03466,Hogar,Santa Marta,Caribe,Magdalena,No informado,18-25,2025-07-11,Activo
C03467,Cliente 03467,Gobierno,Bucaramanga,Oriente,Santander,M,56+,2026-01-21,Activo
C03468,Cliente 03468,Educacion,Cali,Occidente,Valle del Cauca,F,56+,2021-02-01,Activo
C03469,Cliente 03469,Educacion,Villavicencio,Llanos,Meta,M,46-55,2020-11-26,Activo
C03470,Cliente 03470,Pyme,Pereira,Eje Cafetero,Risaralda,F,56+,2022-04-09,Activo
C03471,Cliente 03471,Educacion,Pasto,Sur,Narino,M,46-55,2023-11-12,Activo
C03472,Cliente 03472,Pyme,Barranquilla,Caribe,Atlantico,F,18-25,2025-03-19,Activo
C03473,Cliente 03473,Pyme,Medellin,Antioquia,Antioquia,F,26-35,2022-03-08,Activo
C03474,Cliente 03474,Hogar,Pasto,Sur,Narino,M,56+,2019-05-22,Activo
C03475,Cliente 03475,Gobierno,Pasto,Sur,Narino,M,46-55,2019-11-10,Activo
C03476,Cliente 03476,Pyme,Villavicencio,Llanos,Meta,M,46-55,2022-05-07,Activo
C03477,Cliente 03477,Educacion,Cali,Occidente,Valle del Cauca,M,46-55,2020-10-04,Activo
C03478,Cliente 03478,Gobierno,Bucaramanga,Oriente,Santander,M,46-55,2025-02-28,Activo
C03479,Cliente 03479,Corporativo,Cartagena,Caribe,Bolivar,F,56+,2021-10-05,Activo
C03480,Cliente 03480,Corporativo,Barranquilla,Caribe,Atlantico,M,56+,2022-06-18,Activo
C03481,Cliente 03481,Hogar,Santa Marta,Caribe,Magdalena,F,46-55,2022-11-02,Activo
C03482,Cliente 03482,Hogar,Barranquilla,Caribe,Atlantico,M,18-25,2021-11-28,Activo
C03483,Cliente 03483,Pyme,Cali,Occidente,Valle del Cauca,F,18-25,2019-08-29,Activo
C03484,Cliente 03484,Pyme,Manizales,Eje Cafetero,Caldas,No informado,26-35,2023-07-13,Activo
C03485,Cliente 03485,Corporativo,Manizales,Eje Cafetero,Caldas,F,36-45,2022-11-06,Activo
C03486,Cliente 03486,Hogar,Barranquilla,Caribe,Atlantico,F,26-35,2025-08-04,Activo
C03487,Cliente 03487,Pyme,Ibague,Centro,Tolima,M,18-25,2023-04-10,Activo
C03488,Cliente 03488,Pyme,Manizales,Eje Cafetero,Caldas,M,26-35,2019-09-15,Activo
C03489,Cliente 03489,Corporativo,Villavicencio,Llanos,Meta,No informado,18-25,2024-06-30,Activo
C03490,Cliente 03490,Gobierno,Medellin,Antioquia,Antioquia,F,36-45,2020-04-12,Activo
C03491,Cliente 03491,Corporativo,Bogota,Centro,Cundinamarca,M,18-25,2023-05-21,Activo
C03492,Cliente 03492,Hogar,Villavicencio,Llanos,Meta,M,56+,2021-06-22,Inactivo
C03493,Cliente 03493,Gobierno,Cartagena,Caribe,Bolivar,No informado,46-55,2020-04-20,Activo
C03494,Cliente 03494,Gobierno,Bucaramanga,Oriente,Santander,F,18-25,2024-09-10,Activo
C03495,Cliente 03495,Corporativo,Barranquilla,Caribe,Atlantico,No informado,26-35,2019-03-09,Activo
C03496,Cliente 03496,Educacion,Villavicencio,Llanos,Meta,M,26-35,2024-04-23,Activo
C03497,Cliente 03497,Corporativo,Pereira,Eje Cafetero,Risaralda,F,56+,2021-02-04,Activo
C03498,Cliente 03498,Educacion,Bucaramanga,Oriente,Santander,F,46-55,2020-08-05,Activo
C03499,Cliente 03499,Educacion,Villavicencio,Llanos,Meta,F,46-55,2022-08-26,Inactivo
C03500,Cliente 03500,Gobierno,Manizales,Eje Cafetero,Caldas,F,18-25,2022-06-26,Activo
C03501,Cliente 03501,Gobierno,Barranquilla,Caribe,Atlantico,No informado,26-35,2022-01-30,Activo
C03502,Cliente 03502,Hogar,Ibague,Centro,Tolima,F,56+,2019-10-30,Activo
C03503,Cliente 03503,Gobierno,Pereira,Eje Cafetero,Risaralda,F,56+,2022-04-11,Activo
C03504,Cliente 03504,Corporativo,Pereira,Eje Cafetero,Risaralda,No informado,36-45,2023-07-07,Activo
C03505,Cliente 03505,Corporativo,Bucaramanga,Oriente,Santander,No informado,56+,2025-12-10,Activo
C03506,Cliente 03506,Corporativo,Cartagena,Caribe,Bolivar,M,18-25,2020-05-06,Activo
C03507,Cliente 03507,Pyme,Cartagena,Caribe,Bolivar,M,26-35,2020-11-02,Activo
C03508,Cliente 03508,Educacion,Ibague,Centro,Tolima,No informado,46-55,2019-11-07,Activo
C03509,Cliente 03509,Hogar,Barranquilla,Caribe,Atlantico,No informado,18-25,2019-10-26,Activo
C03510,Cliente 03510,Educacion,Manizales,Eje Cafetero,Caldas,No informado,18-25,2019-01-02,Activo
C03511,Cliente 03511,Gobierno,Barranquilla,Caribe,Atlantico,F,56+,2019-02-12,Activo
C03512,Cliente 03512,Hogar,Cartagena,Caribe,Bolivar,No informado,46-55,2021-09-05,Activo
C03513,Cliente 03513,Educacion,Manizales,Eje Cafetero,Caldas,F,56+,2025-09-02,Activo
C03514,Cliente 03514,Pyme,Santa Marta,Caribe,Magdalena,F,26-35,2024-09-19,Activo
C03515,Cliente 03515,Corporativo,Santa Marta,Caribe,Magdalena,F,46-55,2020-07-16,Activo
C03516,Cliente 03516,Educacion,Barranquilla,Caribe,Atlantico,F,36-45,2022-10-16,Activo
C03517,Cliente 03517,Gobierno,Pasto,Sur,Narino,No informado,18-25,2020-10-05,Activo
C03518,Cliente 03518,Hogar,Pasto,Sur,Narino,F,56+,2025-10-12,Inactivo
C03519,Cliente 03519,Pyme,Pasto,Sur,Narino,No informado,36-45,2026-01-07,Activo
C03520,Cliente 03520,Pyme,Medellin,Antioquia,Antioquia,No informado,56+,2023-08-14,Activo
C03521,Cliente 03521,Hogar,Manizales,Eje Cafetero,Caldas,F,18-25,2020-09-06,Activo
C03522,Cliente 03522,Hogar,Medellin,Antioquia,Antioquia,F,36-45,2023-08-25,Activo
C03523,Cliente 03523,Corporativo,Villavicencio,Llanos,Meta,No informado,56+,2019-04-13,Activo
C03524,Cliente 03524,Gobierno,Cali,Occidente,Valle del Cauca,M,56+,2020-06-11,Activo
C03525,Cliente 03525,Corporativo,Bogota,Centro,Cundinamarca,F,26-35,2026-01-16,Inactivo
C03526,Cliente 03526,Hogar,Barranquilla,Caribe,Atlantico,F,46-55,2021-06-17,Activo
C03527,Cliente 03527,Hogar,Pereira,Eje Cafetero,Risaralda,F,26-35,2020-02-01,Activo
C03528,Cliente 03528,Educacion,Cali,Occidente,Valle del Cauca,F,56+,2019-05-15,Activo
C03529,Cliente 03529,Educacion,Cali,Occidente,Valle del Cauca,M,18-25,2021-11-10,Activo
C03530,Cliente 03530,Gobierno,Ibague,Centro,Tolima,No informado,36-45,2026-01-27,Activo
C03531,Cliente 03531,Corporativo,Pasto,Sur,Narino,No informado,26-35,2025-08-27,Activo
C03532,Cliente 03532,Gobierno,Cali,Occidente,Valle del Cauca,F,26-35,2023-01-24,Inactivo
C03533,Cliente 03533,Gobierno,Pereira,Eje Cafetero,Risaralda,F,56+,2024-03-16,Activo
C03534,Cliente 03534,Corporativo,Bucaramanga,Oriente,Santander,F,46-55,2019-12-10,Activo
C03535,Cliente 03535,Hogar,Santa Marta,Caribe,Magdalena,F,26-35,2024-02-09,Activo
C03536,Cliente 03536,Gobierno,Barranquilla,Caribe,Atlantico,No informado,26-35,2019-05-03,Activo
C03537,Cliente 03537,Pyme,Ibague,Centro,Tolima,No informado,26-35,2021-06-17,Activo
C03538,Cliente 03538,Hogar,Cartagena,Caribe,Bolivar,No informado,36-45,2026-01-01,Activo
C03539,Cliente 03539,Corporativo,Manizales,Eje Cafetero,Caldas,No informado,26-35,2021-06-06,Activo
C03540,Cliente 03540,Corporativo,Pereira,Eje Cafetero,Risaralda,M,56+,2020-09-25,Activo
C03541,Cliente 03541,Gobierno,Bucaramanga,Oriente,Santander,No informado,26-35,2020-03-06,Activo
C03542,Cliente 03542,Pyme,Pasto,Sur,Narino,F,18-25,2021-11-17,Activo
C03543,Cliente 03543,Corporativo,Manizales,Eje Cafetero,Caldas,No informado,18-25,2020-06-25,Activo
C03544,Cliente 03544,Educacion,Villavicencio,Llanos,Meta,F,18-25,2025-05-09,Activo
C03545,Cliente 03545,Pyme,Bucaramanga,Oriente,Santander,M,26-35,2019-02-24,Activo
C03546,Cliente 03546,Hogar,Medellin,Antioquia,Antioquia,F,46-55,2023-03-07,Activo
C03547,Cliente 03547,Pyme,Bucaramanga,Oriente,Santander,F,26-35,2024-12-26,Activo
C03548,Cliente 03548,Corporativo,Villavicencio,Llanos,Meta,F,46-55,2022-05-28,Activo
C03549,Cliente 03549,Corporativo,Ibague,Centro,Tolima,No informado,18-25,2022-06-04,Inactivo
C03550,Cliente 03550,Gobierno,Ibague,Centro,Tolima,F,56+,2021-07-04,Activo
C03551,Cliente 03551,Hogar,Manizales,Eje Cafetero,Caldas,F,46-55,2019-10-11,Activo
C03552,Cliente 03552,Gobierno,Bucaramanga,Oriente,Santander,No informado,26-35,2021-01-24,Activo
C03553,Cliente 03553,Corporativo,Barranquilla,Caribe,Atlantico,No informado,18-25,2020-03-15,Activo
C03554,Cliente 03554,Educacion,Bogota,Centro,Cundinamarca,M,46-55,2025-07-19,Activo
C03555,Cliente 03555,Hogar,Barranquilla,Caribe,Atlantico,M,46-55,2019-02-22,Activo
C03556,Cliente 03556,Corporativo,Barranquilla,Caribe,Atlantico,No informado,36-45,2021-12-03,Activo
C03557,Cliente 03557,Corporativo,Barranquilla,Caribe,Atlantico,M,56+,2024-03-01,Activo
C03558,Cliente 03558,Gobierno,Manizales,Eje Cafetero,Caldas,F,46-55,2019-11-16,Inactivo
C03559,Cliente 03559,Corporativo,Bogota,Centro,Cundinamarca,No informado,18-25,2025-04-15,Activo
C03560,Cliente 03560,Corporativo,Cartagena,Caribe,Bolivar,M,18-25,2020-12-05,Activo
C03561,Cliente 03561,Hogar,Villavicencio,Llanos,Meta,F,26-35,2024-01-22,Activo
C03562,Cliente 03562,Pyme,Bogota,Centro,Cundinamarca,F,56+,2019-09-27,Activo
C03563,Cliente 03563,Educacion,Medellin,Antioquia,Antioquia,F,26-35,2022-03-09,Activo
C03564,Cliente 03564,Hogar,Villavicencio,Llanos,Meta,M,46-55,2019-03-30,Activo
C03565,Cliente 03565,Gobierno,Villavicencio,Llanos,Meta,M,26-35,2019-02-07,Activo
C03566,Cliente 03566,Gobierno,Barranquilla,Caribe,Atlantico,M,56+,2022-01-16,Activo
C03567,Cliente 03567,Corporativo,Bogota,Centro,Cundinamarca,F,36-45,2019-10-20,Activo
C03568,Cliente 03568,Educacion,Bucaramanga,Oriente,Santander,F,26-35,2021-01-02,Activo
C03569,Cliente 03569,Corporativo,Cartagena,Caribe,Bolivar,M,18-25,2020-06-14,Activo
C03570,Cliente 03570,Pyme,Bogota,Centro,Cundinamarca,No informado,46-55,2021-06-11,Activo
C03571,Cliente 03571,Corporativo,Barranquilla,Caribe,Atlantico,F,26-35,2023-06-04,Activo
C03572,Cliente 03572,Hogar,Bucaramanga,Oriente,Santander,M,36-45,2023-10-07,Activo
C03573,Cliente 03573,Educacion,Cartagena,Caribe,Bolivar,F,26-35,2020-07-05,Activo
C03574,Cliente 03574,Pyme,Bucaramanga,Oriente,Santander,M,26-35,2023-05-29,Activo
C03575,Cliente 03575,Pyme,Barranquilla,Caribe,Atlantico,F,36-45,2022-05-04,Inactivo
C03576,Cliente 03576,Corporativo,Cali,Occidente,Valle del Cauca,M,36-45,2025-02-25,Activo
C03577,Cliente 03577,Hogar,Ibague,Centro,Tolima,M,46-55,2021-09-07,Activo
C03578,Cliente 03578,Gobierno,Cartagena,Caribe,Bolivar,F,26-35,2022-11-09,Activo
C03579,Cliente 03579,Pyme,Villavicencio,Llanos,Meta,F,18-25,2022-10-19,Activo
C03580,Cliente 03580,Gobierno,Barranquilla,Caribe,Atlantico,M,26-35,2021-09-05,Activo
C03581,Cliente 03581,Educacion,Santa Marta,Caribe,Magdalena,No informado,46-55,2020-11-03,Activo
C03582,Cliente 03582,Pyme,Medellin,Antioquia,Antioquia,M,36-45,2019-03-08,Activo
C03583,Cliente 03583,Hogar,Santa Marta,Caribe,Magdalena,M,56+,2026-02-09,Activo
C03584,Cliente 03584,Pyme,Barranquilla,Caribe,Atlantico,F,36-45,2021-11-29,Activo
C03585,Cliente 03585,Hogar,Medellin,Antioquia,Antioquia,M,26-35,2025-04-14,Activo
C03586,Cliente 03586,Hogar,Cartagena,Caribe,Bolivar,F,26-35,2024-08-22,Activo
C03587,Cliente 03587,Educacion,Ibague,Centro,Tolima,M,26-35,2024-03-19,Activo
C03588,Cliente 03588,Corporativo,Medellin,Antioquia,Antioquia,F,26-35,2020-07-07,Activo
C03589,Cliente 03589,Pyme,Ibague,Centro,Tolima,No informado,18-25,2019-10-02,Activo
C03590,Cliente 03590,Pyme,Ibague,Centro,Tolima,F,18-25,2025-09-21,Activo
C03591,Cliente 03591,Pyme,Santa Marta,Caribe,Magdalena,F,36-45,2021-05-22,Activo
C03592,Cliente 03592,Pyme,Santa Marta,Caribe,Magdalena,No informado,36-45,2023-06-14,Activo
C03593,Cliente 03593,Corporativo,Villavicencio,Llanos,Meta,No informado,36-45,2022-11-23,Activo
C03594,Cliente 03594,Gobierno,Cartagena,Caribe,Bolivar,No informado,18-25,2020-12-27,Activo
C03595,Cliente 03595,Hogar,Cali,Occidente,Valle del Cauca,No informado,46-55,2025-08-30,Activo
C03596,Cliente 03596,Gobierno,Medellin,Antioquia,Antioquia,F,18-25,2025-05-25,Activo
C03597,Cliente 03597,Pyme,Bucaramanga,Oriente,Santander,M,36-45,2023-02-08,Activo
C03598,Cliente 03598,Hogar,Pereira,Eje Cafetero,Risaralda,No informado,56+,2025-04-03,Activo
C03599,Cliente 03599,Pyme,Manizales,Eje Cafetero,Caldas,F,46-55,2020-04-30,Activo
C03600,Cliente 03600,Hogar,Pasto,Sur,Narino,M,46-55,2020-07-01,Activo
C03601,Cliente 03601,Gobierno,Villavicencio,Llanos,Meta,M,18-25,2019-09-16,Activo
C03602,Cliente 03602,Hogar,Ibague,Centro,Tolima,No informado,36-45,2025-11-18,Activo
C03603,Cliente 03603,Educacion,Santa Marta,Caribe,Magdalena,M,18-25,2020-06-13,Activo
C03604,Cliente 03604,Educacion,Cartagena,Caribe,Bolivar,F,46-55,2022-12-09,Activo
C03605,Cliente 03605,Hogar,Bogota,Centro,Cundinamarca,F,36-45,2020-11-05,Activo
C03606,Cliente 03606,Corporativo,Ibague,Centro,Tolima,M,18-25,2022-03-25,Activo
C03607,Cliente 03607,Gobierno,Bogota,Centro,Cundinamarca,F,26-35,2021-10-17,Activo
C03608,Cliente 03608,Pyme,Barranquilla,Caribe,Atlantico,F,18-25,2019-01-22,Activo
C03609,Cliente 03609,Hogar,Cali,Occidente,Valle del Cauca,M,18-25,2019-09-14,Activo
C03610,Cliente 03610,Hogar,Villavicencio,Llanos,Meta,M,18-25,2025-02-03,Activo
C03611,Cliente 03611,Educacion,Ibague,Centro,Tolima,M,56+,2022-10-11,Activo
C03612,Cliente 03612,Pyme,Villavicencio,Llanos,Meta,F,36-45,2021-03-06,Activo
C03613,Cliente 03613,Gobierno,Manizales,Eje Cafetero,Caldas,F,18-25,2025-12-21,Activo
C03614,Cliente 03614,Hogar,Medellin,Antioquia,Antioquia,M,56+,2020-09-15,Inactivo
C03615,Cliente 03615,Educacion,Pasto,Sur,Narino,F,36-45,2024-10-16,Inactivo
C03616,Cliente 03616,Educacion,Barranquilla,Caribe,Atlantico,F,36-45,2025-10-21,Activo
C03617,Cliente 03617,Hogar,Cali,Occidente,Valle del Cauca,M,56+,2022-04-25,Inactivo
C03618,Cliente 03618,Corporativo,Ibague,Centro,Tolima,No informado,46-55,2021-09-19,Activo
C03619,Cliente 03619,Gobierno,Santa Marta,Caribe,Magdalena,No informado,18-25,2022-06-14,Activo
C03620,Cliente 03620,Hogar,Ibague,Centro,Tolima,M,18-25,2022-11-03,Inactivo
C03621,Cliente 03621,Pyme,Pasto,Sur,Narino,F,26-35,2024-02-03,Inactivo
C03622,Cliente 03622,Pyme,Pasto,Sur,Narino,M,46-55,2024-09-05,Activo
C03623,Cliente 03623,Pyme,Manizales,Eje Cafetero,Caldas,No informado,36-45,2020-09-26,Activo
C03624,Cliente 03624,Gobierno,Villavicencio,Llanos,Meta,F,46-55,2021-04-27,Activo
C03625,Cliente 03625,Educacion,Pasto,Sur,Narino,F,18-25,2024-06-29,Activo
C03626,Cliente 03626,Hogar,Cartagena,Caribe,Bolivar,M,26-35,2021-04-14,Activo
C03627,Cliente 03627,Corporativo,Villavicencio,Llanos,Meta,F,46-55,2026-01-16,Activo
C03628,Cliente 03628,Corporativo,Bogota,Centro,Cundinamarca,M,46-55,2025-10-03,Activo
C03629,Cliente 03629,Corporativo,Villavicencio,Llanos,Meta,M,26-35,2022-02-23,Inactivo
C03630,Cliente 03630,Pyme,Cartagena,Caribe,Bolivar,M,46-55,2021-05-12,Activo
C03631,Cliente 03631,Corporativo,Cartagena,Caribe,Bolivar,M,46-55,2022-04-05,Activo
C03632,Cliente 03632,Hogar,Medellin,Antioquia,Antioquia,No informado,36-45,2024-09-09,Activo
C03633,Cliente 03633,Pyme,Ibague,Centro,Tolima,M,46-55,2019-10-22,Activo
C03634,Cliente 03634,Gobierno,Barranquilla,Caribe,Atlantico,F,46-55,2024-09-29,Activo
C03635,Cliente 03635,Educacion,Pasto,Sur,Narino,M,18-25,2020-12-26,Activo
C03636,Cliente 03636,Pyme,Pasto,Sur,Narino,M,36-45,2025-07-22,Inactivo
C03637,Cliente 03637,Hogar,Barranquilla,Caribe,Atlantico,F,36-45,2023-02-18,Activo
C03638,Cliente 03638,Gobierno,Pereira,Eje Cafetero,Risaralda,M,18-25,2023-05-17,Activo
C03639,Cliente 03639,Educacion,Manizales,Eje Cafetero,Caldas,F,46-55,2021-11-20,Activo
C03640,Cliente 03640,Gobierno,Barranquilla,Caribe,Atlantico,M,46-55,2019-06-21,Inactivo
C03641,Cliente 03641,Hogar,Ibague,Centro,Tolima,No informado,56+,2024-09-09,Activo
C03642,Cliente 03642,Educacion,Barranquilla,Caribe,Atlantico,F,26-35,2019-10-17,Inactivo
C03643,Cliente 03643,Corporativo,Barranquilla,Caribe,Atlantico,No informado,46-55,2020-05-17,Activo
C03644,Cliente 03644,Educacion,Pasto,Sur,Narino,F,36-45,2022-03-15,Activo
C03645,Cliente 03645,Pyme,Bucaramanga,Oriente,Santander,M,18-25,2020-03-16,Activo
C03646,Cliente 03646,Corporativo,Cali,Occidente,Valle del Cauca,F,26-35,2022-07-08,Activo
C03647,Cliente 03647,Corporativo,Cali,Occidente,Valle del Cauca,F,18-25,2019-09-14,Activo
C03648,Cliente 03648,Hogar,Cartagena,Caribe,Bolivar,No informado,26-35,2020-05-29,Activo
C03649,Cliente 03649,Corporativo,Barranquilla,Caribe,Atlantico,F,56+,2019-12-30,Activo
C03650,Cliente 03650,Gobierno,Manizales,Eje Cafetero,Caldas,F,46-55,2023-08-08,Activo
C03651,Cliente 03651,Corporativo,Manizales,Eje Cafetero,Caldas,F,18-25,2022-03-21,Activo
C03652,Cliente 03652,Educacion,Bogota,Centro,Cundinamarca,No informado,46-55,2025-10-01,Activo
C03653,Cliente 03653,Educacion,Medellin,Antioquia,Antioquia,No informado,36-45,2019-07-23,Activo
C03654,Cliente 03654,Pyme,Villavicencio,Llanos,Meta,F,56+,2025-04-03,Activo
C03655,Cliente 03655,Hogar,Ibague,Centro,Tolima,M,36-45,2025-05-30,Activo
C03656,Cliente 03656,Corporativo,Manizales,Eje Cafetero,Caldas,No informado,46-55,2026-01-31,Activo
C03657,Cliente 03657,Educacion,Barranquilla,Caribe,Atlantico,M,56+,2025-09-28,Activo
C03658,Cliente 03658,Educacion,Pereira,Eje Cafetero,Risaralda,F,56+,2025-05-03,Activo
C03659,Cliente 03659,Pyme,Barranquilla,Caribe,Atlantico,No informado,26-35,2022-06-22,Activo
C03660,Cliente 03660,Hogar,Bucaramanga,Oriente,Santander,M,36-45,2023-02-04,Activo
C03661,Cliente 03661,Educacion,Medellin,Antioquia,Antioquia,No informado,36-45,2023-08-31,Activo
C03662,Cliente 03662,Pyme,Santa Marta,Caribe,Magdalena,M,36-45,2020-10-28,Activo
C03663,Cliente 03663,Educacion,Medellin,Antioquia,Antioquia,M,26-35,2021-01-08,Activo
C03664,Cliente 03664,Educacion,Bogota,Centro,Cundinamarca,F,56+,2025-10-27,Activo
C03665,Cliente 03665,Educacion,Bucaramanga,Oriente,Santander,No informado,56+,2025-12-04,Activo
C03666,Cliente 03666,Pyme,Cartagena,Caribe,Bolivar,F,56+,2020-12-26,Activo
C03667,Cliente 03667,Corporativo,Pasto,Sur,Narino,M,26-35,2023-05-11,Activo
C03668,Cliente 03668,Gobierno,Villavicencio,Llanos,Meta,No informado,46-55,2024-08-19,Activo
C03669,Cliente 03669,Corporativo,Santa Marta,Caribe,Magdalena,M,46-55,2023-12-20,Activo
C03670,Cliente 03670,Hogar,Santa Marta,Caribe,Magdalena,M,18-25,2019-11-01,Activo
C03671,Cliente 03671,Hogar,Barranquilla,Caribe,Atlantico,No informado,46-55,2021-10-06,Activo
C03672,Cliente 03672,Educacion,Villavicencio,Llanos,Meta,No informado,46-55,2023-11-26,Activo
C03673,Cliente 03673,Corporativo,Ibague,Centro,Tolima,F,18-25,2024-01-13,Activo
C03674,Cliente 03674,Hogar,Villavicencio,Llanos,Meta,M,46-55,2021-01-18,Activo
C03675,Cliente 03675,Pyme,Cartagena,Caribe,Bolivar,M,26-35,2021-03-05,Activo
C03676,Cliente 03676,Educacion,Pasto,Sur,Narino,F,46-55,2022-12-19,Activo
C03677,Cliente 03677,Hogar,Manizales,Eje Cafetero,Caldas,M,36-45,2019-04-04,Activo
C03678,Cliente 03678,Hogar,Cartagena,Caribe,Bolivar,M,26-35,2019-01-15,Activo
C03679,Cliente 03679,Pyme,Barranquilla,Caribe,Atlantico,F,36-45,2022-10-04,Activo
C03680,Cliente 03680,Educacion,Santa Marta,Caribe,Magdalena,M,26-35,2025-01-20,Activo
C03681,Cliente 03681,Educacion,Ibague,Centro,Tolima,F,36-45,2021-05-04,Activo
C03682,Cliente 03682,Corporativo,Cartagena,Caribe,Bolivar,No informado,36-45,2020-11-02,Activo
C03683,Cliente 03683,Hogar,Medellin,Antioquia,Antioquia,M,18-25,2022-02-13,Activo
C03684,Cliente 03684,Pyme,Pasto,Sur,Narino,No informado,56+,2022-04-21,Activo
C03685,Cliente 03685,Pyme,Medellin,Antioquia,Antioquia,F,56+,2024-10-14,Activo
C03686,Cliente 03686,Hogar,Villavicencio,Llanos,Meta,F,26-35,2021-09-12,Activo
C03687,Cliente 03687,Corporativo,Pereira,Eje Cafetero,Risaralda,F,46-55,2024-03-08,Activo
C03688,Cliente 03688,Educacion,Bucaramanga,Oriente,Santander,F,46-55,2023-08-23,Activo
C03689,Cliente 03689,Hogar,Cali,Occidente,Valle del Cauca,F,56+,2022-11-01,Activo
C03690,Cliente 03690,Educacion,Cartagena,Caribe,Bolivar,F,56+,2023-03-10,Activo
C03691,Cliente 03691,Pyme,Medellin,Antioquia,Antioquia,F,26-35,2020-07-21,Activo
C03692,Cliente 03692,Hogar,Pasto,Sur,Narino,M,18-25,2021-04-10,Activo
C03693,Cliente 03693,Hogar,Pereira,Eje Cafetero,Risaralda,No informado,46-55,2024-12-18,Activo
C03694,Cliente 03694,Hogar,Villavicencio,Llanos,Meta,F,18-25,2021-10-11,Activo
C03695,Cliente 03695,Pyme,Bogota,Centro,Cundinamarca,F,36-45,2024-02-14,Activo
C03696,Cliente 03696,Educacion,Medellin,Antioquia,Antioquia,No informado,18-25,2019-09-01,Activo
C03697,Cliente 03697,Gobierno,Bucaramanga,Oriente,Santander,F,46-55,2025-11-30,Activo
C03698,Cliente 03698,Hogar,Bucaramanga,Oriente,Santander,M,26-35,2020-08-26,Activo
C03699,Cliente 03699,Pyme,Cartagena,Caribe,Bolivar,F,18-25,2025-12-30,Activo
C03700,Cliente 03700,Educacion,Manizales,Eje Cafetero,Caldas,No informado,26-35,2019-10-10,Activo
C03701,Cliente 03701,Educacion,Pereira,Eje Cafetero,Risaralda,No informado,36-45,2021-01-05,Activo
C03702,Cliente 03702,Educacion,Cartagena,Caribe,Bolivar,F,36-45,2020-02-20,Activo
C03703,Cliente 03703,Educacion,Bucaramanga,Oriente,Santander,F,26-35,2025-05-28,Activo
C03704,Cliente 03704,Pyme,Pereira,Eje Cafetero,Risaralda,F,18-25,2023-05-02,Activo
C03705,Cliente 03705,Corporativo,Cartagena,Caribe,Bolivar,No informado,18-25,2022-11-08,Activo
C03706,Cliente 03706,Educacion,Santa Marta,Caribe,Magdalena,M,18-25,2021-03-06,Activo
C03707,Cliente 03707,Hogar,Cartagena,Caribe,Bolivar,M,36-45,2019-12-05,Activo
C03708,Cliente 03708,Corporativo,Barranquilla,Caribe,Atlantico,M,46-55,2019-04-25,Activo
C03709,Cliente 03709,Gobierno,Ibague,Centro,Tolima,M,46-55,2020-08-04,Activo
C03710,Cliente 03710,Gobierno,Bogota,Centro,Cundinamarca,No informado,56+,2019-03-09,Activo
C03711,Cliente 03711,Hogar,Bucaramanga,Oriente,Santander,F,26-35,2020-08-03,Activo
C03712,Cliente 03712,Hogar,Cali,Occidente,Valle del Cauca,No informado,26-35,2023-04-22,Activo
C03713,Cliente 03713,Corporativo,Villavicencio,Llanos,Meta,F,46-55,2021-07-16,Activo
C03714,Cliente 03714,Gobierno,Pasto,Sur,Narino,No informado,46-55,2020-10-17,Activo
C03715,Cliente 03715,Corporativo,Pereira,Eje Cafetero,Risaralda,M,46-55,2021-03-24,Activo
C03716,Cliente 03716,Hogar,Bogota,Centro,Cundinamarca,F,46-55,2023-03-09,Activo
C03717,Cliente 03717,Gobierno,Cali,Occidente,Valle del Cauca,No informado,56+,2022-03-06,Activo
C03718,Cliente 03718,Educacion,Cali,Occidente,Valle del Cauca,F,56+,2025-09-02,Activo
C03719,Cliente 03719,Hogar,Santa Marta,Caribe,Magdalena,F,56+,2021-06-04,Activo
C03720,Cliente 03720,Educacion,Pasto,Sur,Narino,M,18-25,2020-07-07,Activo
C03721,Cliente 03721,Hogar,Villavicencio,Llanos,Meta,No informado,26-35,2023-05-23,Activo
C03722,Cliente 03722,Hogar,Pereira,Eje Cafetero,Risaralda,F,46-55,2025-02-01,Inactivo
C03723,Cliente 03723,Hogar,Bucaramanga,Oriente,Santander,M,56+,2025-06-09,Activo
C03724,Cliente 03724,Pyme,Ibague,Centro,Tolima,M,18-25,2022-02-19,Activo
C03725,Cliente 03725,Hogar,Pasto,Sur,Narino,M,18-25,2023-06-05,Activo
C03726,Cliente 03726,Corporativo,Cartagena,Caribe,Bolivar,No informado,56+,2021-07-26,Activo
C03727,Cliente 03727,Educacion,Santa Marta,Caribe,Magdalena,M,26-35,2024-10-14,Activo
C03728,Cliente 03728,Educacion,Ibague,Centro,Tolima,No informado,56+,2020-08-14,Activo
C03729,Cliente 03729,Hogar,Manizales,Eje Cafetero,Caldas,F,26-35,2025-12-27,Activo
C03730,Cliente 03730,Educacion,Medellin,Antioquia,Antioquia,No informado,46-55,2022-01-17,Activo
C03731,Cliente 03731,Educacion,Medellin,Antioquia,Antioquia,M,18-25,2024-08-22,Activo
C03732,Cliente 03732,Pyme,Pasto,Sur,Narino,No informado,18-25,2023-01-04,Activo
C03733,Cliente 03733,Corporativo,Villavicencio,Llanos,Meta,M,18-25,2020-09-21,Activo
C03734,Cliente 03734,Pyme,Cartagena,Caribe,Bolivar,F,36-45,2022-03-13,Activo
C03735,Cliente 03735,Gobierno,Medellin,Antioquia,Antioquia,M,56+,2020-01-14,Activo
C03736,Cliente 03736,Gobierno,Bogota,Centro,Cundinamarca,No informado,36-45,2024-08-18,Activo
C03737,Cliente 03737,Pyme,Pereira,Eje Cafetero,Risaralda,F,56+,2023-09-30,Activo
C03738,Cliente 03738,Gobierno,Bucaramanga,Oriente,Santander,No informado,26-35,2020-10-21,Activo
C03739,Cliente 03739,Hogar,Santa Marta,Caribe,Magdalena,F,18-25,2021-01-08,Activo
C03740,Cliente 03740,Hogar,Barranquilla,Caribe,Atlantico,No informado,26-35,2019-02-05,Activo
C03741,Cliente 03741,Educacion,Cartagena,Caribe,Bolivar,M,36-45,2019-09-08,Inactivo
C03742,Cliente 03742,Hogar,Manizales,Eje Cafetero,Caldas,No informado,26-35,2020-03-20,Activo
C03743,Cliente 03743,Corporativo,Bogota,Centro,Cundinamarca,No informado,46-55,2024-05-18,Activo
C03744,Cliente 03744,Gobierno,Pasto,Sur,Narino,No informado,18-25,2020-01-06,Inactivo
C03745,Cliente 03745,Hogar,Ibague,Centro,Tolima,No informado,46-55,2025-05-04,Activo
C03746,Cliente 03746,Educacion,Pereira,Eje Cafetero,Risaralda,M,26-35,2019-06-21,Activo
C03747,Cliente 03747,Pyme,Ibague,Centro,Tolima,M,46-55,2025-09-06,Activo
C03748,Cliente 03748,Corporativo,Pasto,Sur,Narino,F,36-45,2024-01-10,Activo
C03749,Cliente 03749,Pyme,Bucaramanga,Oriente,Santander,F,36-45,2019-11-12,Activo
C03750,Cliente 03750,Gobierno,Pasto,Sur,Narino,F,18-25,2020-03-10,Activo
C03751,Cliente 03751,Hogar,Bogota,Centro,Cundinamarca,M,46-55,2023-12-15,Inactivo
C03752,Cliente 03752,Hogar,Barranquilla,Caribe,Atlantico,F,18-25,2024-12-25,Activo
C03753,Cliente 03753,Pyme,Santa Marta,Caribe,Magdalena,F,18-25,2023-11-29,Inactivo
C03754,Cliente 03754,Educacion,Manizales,Eje Cafetero,Caldas,F,36-45,2020-02-23,Activo
C03755,Cliente 03755,Pyme,Ibague,Centro,Tolima,M,56+,2021-03-12,Activo
C03756,Cliente 03756,Pyme,Cali,Occidente,Valle del Cauca,M,36-45,2025-01-21,Activo
C03757,Cliente 03757,Gobierno,Manizales,Eje Cafetero,Caldas,No informado,56+,2024-07-28,Activo
C03758,Cliente 03758,Educacion,Santa Marta,Caribe,Magdalena,F,56+,2025-02-19,Activo
C03759,Cliente 03759,Gobierno,Cartagena,Caribe,Bolivar,No informado,46-55,2020-10-25,Activo
C03760,Cliente 03760,Hogar,Cali,Occidente,Valle del Cauca,M,46-55,2019-03-11,Activo
C03761,Cliente 03761,Pyme,Barranquilla,Caribe,Atlantico,No informado,36-45,2019-05-17,Activo
C03762,Cliente 03762,Corporativo,Cali,Occidente,Valle del Cauca,No informado,26-35,2025-04-20,Activo
C03763,Cliente 03763,Pyme,Ibague,Centro,Tolima,No informado,46-55,2022-06-17,Activo
C03764,Cliente 03764,Educacion,Medellin,Antioquia,Antioquia,No informado,36-45,2019-01-08,Activo
C03765,Cliente 03765,Educacion,Medellin,Antioquia,Antioquia,F,26-35,2023-07-30,Activo
C03766,Cliente 03766,Pyme,Pereira,Eje Cafetero,Risaralda,F,26-35,2020-07-03,Inactivo
C03767,Cliente 03767,Pyme,Manizales,Eje Cafetero,Caldas,F,18-25,2025-03-26,Activo
C03768,Cliente 03768,Corporativo,Cali,Occidente,Valle del Cauca,F,36-45,2022-06-06,Activo
C03769,Cliente 03769,Gobierno,Ibague,Centro,Tolima,No informado,26-35,2024-08-09,Activo
C03770,Cliente 03770,Pyme,Medellin,Antioquia,Antioquia,F,18-25,2021-11-01,Activo
C03771,Cliente 03771,Pyme,Villavicencio,Llanos,Meta,F,36-45,2022-07-10,Activo
C03772,Cliente 03772,Educacion,Cartagena,Caribe,Bolivar,No informado,46-55,2020-06-13,Inactivo
C03773,Cliente 03773,Corporativo,Bogota,Centro,Cundinamarca,No informado,36-45,2024-03-22,Activo
C03774,Cliente 03774,Corporativo,Santa Marta,Caribe,Magdalena,F,56+,2022-10-26,Inactivo
C03775,Cliente 03775,Gobierno,Barranquilla,Caribe,Atlantico,M,46-55,2022-04-10,Activo
C03776,Cliente 03776,Pyme,Manizales,Eje Cafetero,Caldas,F,46-55,2025-05-05,Activo
C03777,Cliente 03777,Pyme,Bucaramanga,Oriente,Santander,F,56+,2024-12-05,Inactivo
C03778,Cliente 03778,Hogar,Villavicencio,Llanos,Meta,F,36-45,2023-02-10,Activo
C03779,Cliente 03779,Educacion,Medellin,Antioquia,Antioquia,F,46-55,2022-12-14,Activo
C03780,Cliente 03780,Pyme,Santa Marta,Caribe,Magdalena,F,56+,2020-09-19,Activo
C03781,Cliente 03781,Hogar,Cali,Occidente,Valle del Cauca,No informado,36-45,2023-02-04,Activo
C03782,Cliente 03782,Corporativo,Santa Marta,Caribe,Magdalena,No informado,36-45,2025-11-21,Activo
C03783,Cliente 03783,Hogar,Manizales,Eje Cafetero,Caldas,No informado,26-35,2020-12-31,Activo
C03784,Cliente 03784,Corporativo,Manizales,Eje Cafetero,Caldas,No informado,18-25,2021-07-08,Activo
C03785,Cliente 03785,Gobierno,Pereira,Eje Cafetero,Risaralda,No informado,56+,2019-11-15,Activo
C03786,Cliente 03786,Gobierno,Medellin,Antioquia,Antioquia,M,26-35,2021-09-20,Activo
C03787,Cliente 03787,Pyme,Cartagena,Caribe,Bolivar,No informado,46-55,2024-04-05,Activo
C03788,Cliente 03788,Educacion,Cali,Occidente,Valle del Cauca,M,18-25,2021-03-23,Activo
C03789,Cliente 03789,Pyme,Bogota,Centro,Cundinamarca,No informado,56+,2021-08-29,Activo
C03790,Cliente 03790,Gobierno,Barranquilla,Caribe,Atlantico,F,36-45,2022-10-06,Activo
C03791,Cliente 03791,Pyme,Cartagena,Caribe,Bolivar,No informado,18-25,2022-11-04,Activo
C03792,Cliente 03792,Corporativo,Villavicencio,Llanos,Meta,M,46-55,2025-12-24,Activo
C03793,Cliente 03793,Pyme,Santa Marta,Caribe,Magdalena,No informado,18-25,2022-04-13,Inactivo
C03794,Cliente 03794,Gobierno,Bucaramanga,Oriente,Santander,No informado,46-55,2021-11-14,Activo
C03795,Cliente 03795,Corporativo,Santa Marta,Caribe,Magdalena,M,56+,2022-03-30,Activo
C03796,Cliente 03796,Gobierno,Pasto,Sur,Narino,No informado,56+,2024-12-11,Activo
C03797,Cliente 03797,Gobierno,Manizales,Eje Cafetero,Caldas,F,46-55,2022-05-06,Activo
C03798,Cliente 03798,Gobierno,Santa Marta,Caribe,Magdalena,No informado,26-35,2024-04-12,Activo
C03799,Cliente 03799,Pyme,Cali,Occidente,Valle del Cauca,F,18-25,2021-08-23,Activo
C03800,Cliente 03800,Corporativo,Manizales,Eje Cafetero,Caldas,No informado,56+,2021-07-23,Activo
C03801,Cliente 03801,Hogar,Bogota,Centro,Cundinamarca,M,56+,2024-08-30,Activo
C03802,Cliente 03802,Educacion,Cartagena,Caribe,Bolivar,M,36-45,2024-05-07,Activo
C03803,Cliente 03803,Hogar,Pasto,Sur,Narino,No informado,56+,2023-07-18,Inactivo
C03804,Cliente 03804,Gobierno,Villavicencio,Llanos,Meta,M,46-55,2020-09-13,Activo
C03805,Cliente 03805,Hogar,Pasto,Sur,Narino,No informado,36-45,2020-04-06,Activo
C03806,Cliente 03806,Hogar,Bucaramanga,Oriente,Santander,No informado,56+,2019-01-08,Activo
C03807,Cliente 03807,Pyme,Pereira,Eje Cafetero,Risaralda,F,18-25,2024-01-24,Activo
C03808,Cliente 03808,Hogar,Manizales,Eje Cafetero,Caldas,No informado,46-55,2021-04-14,Activo
C03809,Cliente 03809,Gobierno,Ibague,Centro,Tolima,No informado,56+,2025-07-13,Activo
C03810,Cliente 03810,Hogar,Pasto,Sur,Narino,No informado,26-35,2020-09-18,Activo
C03811,Cliente 03811,Corporativo,Ibague,Centro,Tolima,No informado,56+,2024-12-18,Activo
C03812,Cliente 03812,Gobierno,Bogota,Centro,Cundinamarca,F,36-45,2026-01-13,Activo
C03813,Cliente 03813,Corporativo,Bogota,Centro,Cundinamarca,No informado,26-35,2025-07-26,Activo
C03814,Cliente 03814,Gobierno,Pasto,Sur,Narino,M,46-55,2020-12-09,Activo
C03815,Cliente 03815,Pyme,Santa Marta,Caribe,Magdalena,No informado,18-25,2021-01-07,Activo
C03816,Cliente 03816,Corporativo,Villavicencio,Llanos,Meta,No informado,18-25,2020-07-22,Activo
C03817,Cliente 03817,Corporativo,Cali,Occidente,Valle del Cauca,F,46-55,2024-12-28,Activo
C03818,Cliente 03818,Corporativo,Cali,Occidente,Valle del Cauca,No informado,46-55,2024-03-18,Activo
C03819,Cliente 03819,Pyme,Bogota,Centro,Cundinamarca,No informado,36-45,2021-07-09,Activo
C03820,Cliente 03820,Corporativo,Barranquilla,Caribe,Atlantico,M,46-55,2019-04-29,Activo
C03821,Cliente 03821,Corporativo,Cali,Occidente,Valle del Cauca,F,26-35,2025-12-11,Activo
C03822,Cliente 03822,Corporativo,Cali,Occidente,Valle del Cauca,F,36-45,2025-04-23,Activo
C03823,Cliente 03823,Gobierno,Pasto,Sur,Narino,F,46-55,2021-09-27,Activo
C03824,Cliente 03824,Pyme,Barranquilla,Caribe,Atlantico,No informado,36-45,2020-10-29,Activo
C03825,Cliente 03825,Gobierno,Pasto,Sur,Narino,F,46-55,2020-01-13,Activo
C03826,Cliente 03826,Corporativo,Medellin,Antioquia,Antioquia,F,36-45,2022-09-05,Activo
C03827,Cliente 03827,Hogar,Pasto,Sur,Narino,No informado,46-55,2022-11-23,Activo
C03828,Cliente 03828,Corporativo,Pasto,Sur,Narino,No informado,36-45,2020-11-20,Activo
C03829,Cliente 03829,Gobierno,Cali,Occidente,Valle del Cauca,F,36-45,2024-08-03,Activo
C03830,Cliente 03830,Hogar,Medellin,Antioquia,Antioquia,No informado,56+,2025-10-03,Activo
C03831,Cliente 03831,Pyme,Pereira,Eje Cafetero,Risaralda,No informado,46-55,2021-03-01,Activo
C03832,Cliente 03832,Gobierno,Medellin,Antioquia,Antioquia,F,26-35,2020-12-02,Inactivo
C03833,Cliente 03833,Educacion,Cali,Occidente,Valle del Cauca,No informado,46-55,2023-07-12,Activo
C03834,Cliente 03834,Gobierno,Medellin,Antioquia,Antioquia,M,36-45,2025-01-14,Activo
C03835,Cliente 03835,Gobierno,Manizales,Eje Cafetero,Caldas,No informado,26-35,2024-11-05,Activo
C03836,Cliente 03836,Pyme,Villavicencio,Llanos,Meta,No informado,26-35,2021-10-23,Activo
C03837,Cliente 03837,Corporativo,Villavicencio,Llanos,Meta,No informado,56+,2023-05-11,Activo
C03838,Cliente 03838,Pyme,Pereira,Eje Cafetero,Risaralda,M,46-55,2020-07-12,Activo
C03839,Cliente 03839,Hogar,Medellin,Antioquia,Antioquia,M,36-45,2024-08-16,Activo
C03840,Cliente 03840,Gobierno,Santa Marta,Caribe,Magdalena,F,46-55,2024-03-13,Activo
C03841,Cliente 03841,Gobierno,Manizales,Eje Cafetero,Caldas,F,46-55,2019-07-06,Activo
C03842,Cliente 03842,Pyme,Manizales,Eje Cafetero,Caldas,F,18-25,2020-07-17,Activo
C03843,Cliente 03843,Educacion,Ibague,Centro,Tolima,F,56+,2025-08-30,Activo
C03844,Cliente 03844,Hogar,Ibague,Centro,Tolima,F,56+,2022-07-28,Activo
C03845,Cliente 03845,Gobierno,Pasto,Sur,Narino,No informado,56+,2025-12-27,Activo
C03846,Cliente 03846,Gobierno,Villavicencio,Llanos,Meta,F,36-45,2021-06-26,Activo
C03847,Cliente 03847,Pyme,Bogota,Centro,Cundinamarca,F,18-25,2022-10-16,Activo
C03848,Cliente 03848,Pyme,Santa Marta,Caribe,Magdalena,M,56+,2022-07-07,Activo
C03849,Cliente 03849,Pyme,Villavicencio,Llanos,Meta,No informado,46-55,2020-08-01,Activo
C03850,Cliente 03850,Gobierno,Barranquilla,Caribe,Atlantico,F,46-55,2025-12-29,Inactivo
C03851,Cliente 03851,Educacion,Santa Marta,Caribe,Magdalena,M,26-35,2019-07-12,Activo
C03852,Cliente 03852,Corporativo,Pasto,Sur,Narino,No informado,36-45,2022-12-31,Activo
C03853,Cliente 03853,Educacion,Cartagena,Caribe,Bolivar,M,26-35,2022-12-22,Activo
C03854,Cliente 03854,Pyme,Villavicencio,Llanos,Meta,M,56+,2025-11-21,Activo
C03855,Cliente 03855,Corporativo,Santa Marta,Caribe,Magdalena,F,46-55,2022-10-14,Activo
C03856,Cliente 03856,Gobierno,Bucaramanga,Oriente,Santander,No informado,56+,2020-07-09,Activo
C03857,Cliente 03857,Educacion,Bucaramanga,Oriente,Santander,No informado,26-35,2022-08-09,Activo
C03858,Cliente 03858,Hogar,Bucaramanga,Oriente,Santander,M,36-45,2020-01-22,Activo
C03859,Cliente 03859,Pyme,Manizales,Eje Cafetero,Caldas,M,36-45,2024-08-24,Activo
C03860,Cliente 03860,Hogar,Cali,Occidente,Valle del Cauca,F,56+,2022-04-23,Activo
C03861,Cliente 03861,Educacion,Santa Marta,Caribe,Magdalena,No informado,18-25,2021-12-17,Activo
C03862,Cliente 03862,Gobierno,Ibague,Centro,Tolima,No informado,46-55,2022-07-31,Activo
C03863,Cliente 03863,Pyme,Santa Marta,Caribe,Magdalena,M,56+,2020-10-12,Activo
C03864,Cliente 03864,Pyme,Santa Marta,Caribe,Magdalena,M,46-55,2025-08-19,Activo
C03865,Cliente 03865,Corporativo,Bucaramanga,Oriente,Santander,M,46-55,2019-10-29,Activo
C03866,Cliente 03866,Gobierno,Pereira,Eje Cafetero,Risaralda,F,26-35,2024-12-30,Activo
C03867,Cliente 03867,Hogar,Barranquilla,Caribe,Atlantico,M,46-55,2019-09-10,Activo
C03868,Cliente 03868,Hogar,Bucaramanga,Oriente,Santander,M,46-55,2020-02-25,Activo
C03869,Cliente 03869,Gobierno,Pereira,Eje Cafetero,Risaralda,M,36-45,2025-08-03,Inactivo
C03870,Cliente 03870,Educacion,Cali,Occidente,Valle del Cauca,F,56+,2023-09-16,Activo
C03871,Cliente 03871,Gobierno,Villavicencio,Llanos,Meta,M,18-25,2023-05-21,Activo
C03872,Cliente 03872,Hogar,Manizales,Eje Cafetero,Caldas,F,46-55,2024-10-18,Activo
C03873,Cliente 03873,Gobierno,Ibague,Centro,Tolima,F,46-55,2023-10-01,Activo
C03874,Cliente 03874,Gobierno,Barranquilla,Caribe,Atlantico,F,56+,2022-11-17,Activo
C03875,Cliente 03875,Hogar,Cartagena,Caribe,Bolivar,F,26-35,2025-07-06,Activo
C03876,Cliente 03876,Pyme,Manizales,Eje Cafetero,Caldas,M,36-45,2021-12-21,Activo
C03877,Cliente 03877,Hogar,Santa Marta,Caribe,Magdalena,F,26-35,2024-01-01,Activo
C03878,Cliente 03878,Hogar,Manizales,Eje Cafetero,Caldas,No informado,36-45,2025-09-29,Inactivo
C03879,Cliente 03879,Hogar,Villavicencio,Llanos,Meta,No informado,46-55,2022-10-06,Activo
C03880,Cliente 03880,Hogar,Pereira,Eje Cafetero,Risaralda,F,36-45,2023-06-09,Activo
C03881,Cliente 03881,Gobierno,Ibague,Centro,Tolima,M,26-35,2025-01-02,Activo
C03882,Cliente 03882,Pyme,Bucaramanga,Oriente,Santander,M,36-45,2023-03-28,Activo
C03883,Cliente 03883,Corporativo,Barranquilla,Caribe,Atlantico,M,46-55,2025-05-12,Activo
C03884,Cliente 03884,Gobierno,Cali,Occidente,Valle del Cauca,M,36-45,2023-11-19,Activo
C03885,Cliente 03885,Gobierno,Bucaramanga,Oriente,Santander,M,46-55,2021-01-01,Activo
C03886,Cliente 03886,Pyme,Bucaramanga,Oriente,Santander,F,18-25,2020-08-16,Activo
C03887,Cliente 03887,Hogar,Manizales,Eje Cafetero,Caldas,F,46-55,2025-09-23,Activo
C03888,Cliente 03888,Corporativo,Cartagena,Caribe,Bolivar,F,18-25,2019-06-29,Activo
C03889,Cliente 03889,Educacion,Pasto,Sur,Narino,M,46-55,2020-03-13,Activo
C03890,Cliente 03890,Pyme,Barranquilla,Caribe,Atlantico,No informado,46-55,2025-08-08,Inactivo
C03891,Cliente 03891,Gobierno,Villavicencio,Llanos,Meta,M,56+,2019-02-18,Activo
C03892,Cliente 03892,Pyme,Bucaramanga,Oriente,Santander,No informado,36-45,2023-11-20,Inactivo
C03893,Cliente 03893,Gobierno,Barranquilla,Caribe,Atlantico,No informado,18-25,2025-04-21,Inactivo
C03894,Cliente 03894,Educacion,Cali,Occidente,Valle del Cauca,No informado,18-25,2021-09-22,Activo
C03895,Cliente 03895,Gobierno,Cali,Occidente,Valle del Cauca,M,18-25,2022-10-20,Activo
C03896,Cliente 03896,Hogar,Ibague,Centro,Tolima,No informado,46-55,2023-04-15,Activo
C03897,Cliente 03897,Gobierno,Medellin,Antioquia,Antioquia,M,18-25,2023-09-12,Activo
C03898,Cliente 03898,Hogar,Barranquilla,Caribe,Atlantico,No informado,26-35,2020-11-24,Activo
C03899,Cliente 03899,Gobierno,Villavicencio,Llanos,Meta,F,56+,2021-11-19,Activo
C03900,Cliente 03900,Educacion,Santa Marta,Caribe,Magdalena,F,56+,2021-01-19,Activo
C03901,Cliente 03901,Pyme,Ibague,Centro,Tolima,F,36-45,2019-09-23,Activo
C03902,Cliente 03902,Gobierno,Cartagena,Caribe,Bolivar,F,46-55,2024-10-13,Activo
C03903,Cliente 03903,Educacion,Bogota,Centro,Cundinamarca,F,56+,2023-12-16,Activo
C03904,Cliente 03904,Pyme,Ibague,Centro,Tolima,No informado,46-55,2025-03-02,Inactivo
C03905,Cliente 03905,Gobierno,Pasto,Sur,Narino,M,36-45,2024-08-28,Activo
C03906,Cliente 03906,Hogar,Barranquilla,Caribe,Atlantico,F,26-35,2022-02-09,Activo
C03907,Cliente 03907,Pyme,Santa Marta,Caribe,Magdalena,M,36-45,2024-06-29,Activo
C03908,Cliente 03908,Hogar,Santa Marta,Caribe,Magdalena,F,26-35,2023-08-05,Activo
C03909,Cliente 03909,Pyme,Ibague,Centro,Tolima,No informado,18-25,2019-07-28,Activo
C03910,Cliente 03910,Educacion,Medellin,Antioquia,Antioquia,M,26-35,2025-07-21,Activo
C03911,Cliente 03911,Corporativo,Pasto,Sur,Narino,M,18-25,2021-09-08,Activo
C03912,Cliente 03912,Hogar,Bucaramanga,Oriente,Santander,F,46-55,2024-08-25,Activo
C03913,Cliente 03913,Gobierno,Pereira,Eje Cafetero,Risaralda,M,36-45,2021-02-01,Activo
C03914,Cliente 03914,Educacion,Cartagena,Caribe,Bolivar,M,36-45,2024-10-27,Activo
C03915,Cliente 03915,Gobierno,Pereira,Eje Cafetero,Risaralda,M,26-35,2019-10-26,Inactivo
C03916,Cliente 03916,Hogar,Bogota,Centro,Cundinamarca,No informado,26-35,2023-08-13,Activo
C03917,Cliente 03917,Educacion,Cali,Occidente,Valle del Cauca,No informado,18-25,2020-11-12,Activo
C03918,Cliente 03918,Gobierno,Cali,Occidente,Valle del Cauca,M,46-55,2022-04-17,Activo
C03919,Cliente 03919,Educacion,Santa Marta,Caribe,Magdalena,M,36-45,2019-10-09,Activo
C03920,Cliente 03920,Hogar,Cali,Occidente,Valle del Cauca,F,56+,2026-01-10,Activo
C03921,Cliente 03921,Educacion,Cali,Occidente,Valle del Cauca,F,46-55,2021-03-31,Activo
C03922,Cliente 03922,Educacion,Santa Marta,Caribe,Magdalena,No informado,36-45,2025-06-15,Activo
C03923,Cliente 03923,Educacion,Manizales,Eje Cafetero,Caldas,No informado,46-55,2022-04-06,Activo
C03924,Cliente 03924,Corporativo,Cali,Occidente,Valle del Cauca,F,46-55,2025-12-05,Activo
C03925,Cliente 03925,Pyme,Cartagena,Caribe,Bolivar,No informado,36-45,2024-09-23,Activo
C03926,Cliente 03926,Pyme,Medellin,Antioquia,Antioquia,No informado,26-35,2025-05-04,Inactivo
C03927,Cliente 03927,Gobierno,Pasto,Sur,Narino,M,46-55,2020-07-24,Activo
C03928,Cliente 03928,Pyme,Pereira,Eje Cafetero,Risaralda,F,26-35,2024-07-17,Inactivo
C03929,Cliente 03929,Corporativo,Bucaramanga,Oriente,Santander,No informado,36-45,2019-01-26,Activo
C03930,Cliente 03930,Educacion,Ibague,Centro,Tolima,No informado,56+,2022-06-22,Activo
C03931,Cliente 03931,Corporativo,Manizales,Eje Cafetero,Caldas,F,46-55,2020-02-15,Activo
C03932,Cliente 03932,Corporativo,Manizales,Eje Cafetero,Caldas,M,18-25,2025-11-19,Activo
C03933,Cliente 03933,Corporativo,Bucaramanga,Oriente,Santander,F,56+,2023-03-04,Activo
C03934,Cliente 03934,Corporativo,Ibague,Centro,Tolima,F,26-35,2023-10-09,Activo
C03935,Cliente 03935,Pyme,Cali,Occidente,Valle del Cauca,M,18-25,2021-08-30,Activo
C03936,Cliente 03936,Educacion,Bucaramanga,Oriente,Santander,No informado,56+,2023-08-14,Activo
C03937,Cliente 03937,Gobierno,Bucaramanga,Oriente,Santander,F,46-55,2020-01-17,Activo
C03938,Cliente 03938,Educacion,Bogota,Centro,Cundinamarca,F,56+,2023-03-20,Activo
C03939,Cliente 03939,Corporativo,Ibague,Centro,Tolima,F,36-45,2020-09-21,Activo
C03940,Cliente 03940,Corporativo,Ibague,Centro,Tolima,F,26-35,2023-01-14,Activo
C03941,Cliente 03941,Hogar,Pereira,Eje Cafetero,Risaralda,M,46-55,2019-11-21,Activo
C03942,Cliente 03942,Educacion,Medellin,Antioquia,Antioquia,F,18-25,2023-07-12,Activo
C03943,Cliente 03943,Pyme,Cali,Occidente,Valle del Cauca,M,46-55,2020-10-06,Activo
C03944,Cliente 03944,Educacion,Cartagena,Caribe,Bolivar,No informado,26-35,2025-11-03,Activo
C03945,Cliente 03945,Corporativo,Santa Marta,Caribe,Magdalena,M,46-55,2023-04-25,Activo
C03946,Cliente 03946,Educacion,Barranquilla,Caribe,Atlantico,F,36-45,2021-07-27,Activo
C03947,Cliente 03947,Pyme,Bucaramanga,Oriente,Santander,No informado,56+,2021-12-18,Activo
C03948,Cliente 03948,Gobierno,Cartagena,Caribe,Bolivar,F,18-25,2019-03-19,Activo
C03949,Cliente 03949,Corporativo,Bogota,Centro,Cundinamarca,F,46-55,2023-08-30,Activo
C03950,Cliente 03950,Corporativo,Cartagena,Caribe,Bolivar,M,26-35,2020-08-24,Activo
C03951,Cliente 03951,Gobierno,Villavicencio,Llanos,Meta,M,46-55,2020-07-03,Activo
C03952,Cliente 03952,Gobierno,Medellin,Antioquia,Antioquia,F,36-45,2024-09-29,Activo
C03953,Cliente 03953,Hogar,Ibague,Centro,Tolima,M,26-35,2020-07-01,Activo
C03954,Cliente 03954,Hogar,Pasto,Sur,Narino,F,46-55,2022-10-23,Activo
C03955,Cliente 03955,Hogar,Barranquilla,Caribe,Atlantico,F,26-35,2022-03-18,Inactivo
C03956,Cliente 03956,Gobierno,Santa Marta,Caribe,Magdalena,F,56+,2020-12-30,Activo
C03957,Cliente 03957,Corporativo,Manizales,Eje Cafetero,Caldas,F,46-55,2025-01-02,Activo
C03958,Cliente 03958,Gobierno,Villavicencio,Llanos,Meta,F,56+,2023-02-03,Activo
C03959,Cliente 03959,Gobierno,Santa Marta,Caribe,Magdalena,M,18-25,2023-09-30,Activo
C03960,Cliente 03960,Educacion,Barranquilla,Caribe,Atlantico,No informado,46-55,2023-06-17,Activo
C03961,Cliente 03961,Pyme,Bucaramanga,Oriente,Santander,F,26-35,2021-01-03,Activo
C03962,Cliente 03962,Educacion,Bogota,Centro,Cundinamarca,F,36-45,2020-10-13,Activo
C03963,Cliente 03963,Educacion,Cartagena,Caribe,Bolivar,M,36-45,2019-03-23,Activo
C03964,Cliente 03964,Corporativo,Pereira,Eje Cafetero,Risaralda,M,36-45,2023-05-07,Activo
C03965,Cliente 03965,Pyme,Cartagena,Caribe,Bolivar,No informado,18-25,2024-02-19,Activo
C03966,Cliente 03966,Educacion,Cartagena,Caribe,Bolivar,F,36-45,2023-01-16,Activo
C03967,Cliente 03967,Pyme,Medellin,Antioquia,Antioquia,F,46-55,2022-09-16,Activo
C03968,Cliente 03968,Gobierno,Cali,Occidente,Valle del Cauca,M,26-35,2022-10-03,Activo
C03969,Cliente 03969,Pyme,Barranquilla,Caribe,Atlantico,F,56+,2021-06-11,Activo
C03970,Cliente 03970,Hogar,Ibague,Centro,Tolima,M,56+,2025-12-11,Activo
C03971,Cliente 03971,Pyme,Cali,Occidente,Valle del Cauca,M,46-55,2023-04-26,Activo
C03972,Cliente 03972,Educacion,Cali,Occidente,Valle del Cauca,F,18-25,2022-04-15,Activo
C03973,Cliente 03973,Hogar,Santa Marta,Caribe,Magdalena,No informado,46-55,2025-10-29,Activo
C03974,Cliente 03974,Gobierno,Bucaramanga,Oriente,Santander,F,56+,2026-01-07,Activo
C03975,Cliente 03975,Corporativo,Bogota,Centro,Cundinamarca,F,56+,2021-02-07,Activo
C03976,Cliente 03976,Hogar,Pereira,Eje Cafetero,Risaralda,M,26-35,2022-02-17,Activo
C03977,Cliente 03977,Hogar,Cartagena,Caribe,Bolivar,No informado,56+,2020-12-08,Activo
C03978,Cliente 03978,Gobierno,Santa Marta,Caribe,Magdalena,F,56+,2021-04-08,Activo
C03979,Cliente 03979,Hogar,Santa Marta,Caribe,Magdalena,No informado,36-45,2019-08-20,Activo
C03980,Cliente 03980,Pyme,Santa Marta,Caribe,Magdalena,F,46-55,2023-04-03,Activo
C03981,Cliente 03981,Corporativo,Pereira,Eje Cafetero,Risaralda,M,46-55,2022-06-05,Activo
C03982,Cliente 03982,Educacion,Santa Marta,Caribe,Magdalena,No informado,18-25,2019-07-12,Activo
C03983,Cliente 03983,Gobierno,Cali,Occidente,Valle del Cauca,M,18-25,2020-06-30,Activo
C03984,Cliente 03984,Pyme,Ibague,Centro,Tolima,No informado,18-25,2019-09-03,Activo
C03985,Cliente 03985,Pyme,Bucaramanga,Oriente,Santander,No informado,18-25,2022-12-16,Activo
C03986,Cliente 03986,Educacion,Pasto,Sur,Narino,F,26-35,2019-02-23,Activo
C03987,Cliente 03987,Hogar,Ibague,Centro,Tolima,F,36-45,2020-09-08,Activo
C03988,Cliente 03988,Hogar,Medellin,Antioquia,Antioquia,F,26-35,2019-07-07,Activo
C03989,Cliente 03989,Hogar,Villavicencio,Llanos,Meta,No informado,56+,2022-09-17,Activo
C03990,Cliente 03990,Corporativo,Barranquilla,Caribe,Atlantico,M,46-55,2021-05-31,Activo
C03991,Cliente 03991,Educacion,Medellin,Antioquia,Antioquia,F,46-55,2019-08-28,Activo
C03992,Cliente 03992,Gobierno,Villavicencio,Llanos,Meta,No informado,46-55,2022-07-16,Activo
C03993,Cliente 03993,Hogar,Bucaramanga,Oriente,Santander,F,56+,2025-03-18,Activo
C03994,Cliente 03994,Hogar,Barranquilla,Caribe,Atlantico,F,36-45,2025-05-01,Activo
C03995,Cliente 03995,Educacion,Bucaramanga,Oriente,Santander,M,18-25,2021-10-06,Activo
C03996,Cliente 03996,Gobierno,Barranquilla,Caribe,Atlantico,M,36-45,2023-04-26,Activo
C03997,Cliente 03997,Pyme,Cali,Occidente,Valle del Cauca,M,26-35,2021-06-13,Activo
C03998,Cliente 03998,Hogar,Manizales,Eje Cafetero,Caldas,F,26-35,2023-09-01,Activo
C03999,Cliente 03999,Educacion,Pasto,Sur,Narino,No informado,18-25,2019-08-17,Activo
C04000,Cliente 04000,Pyme,Cali,Occidente,Valle del Cauca,No informado,56+,2023-12-06,Activo
C04001,Cliente 04001,Hogar,Bogota,Centro,Cundinamarca,F,46-55,2024-09-17,Activo
C04002,Cliente 04002,Educacion,Pereira,Eje Cafetero,Risaralda,M,18-25,2022-02-18,Activo
C04003,Cliente 04003,Pyme,Bogota,Centro,Cundinamarca,No informado,36-45,2020-05-08,Activo
C04004,Cliente 04004,Pyme,Barranquilla,Caribe,Atlantico,No informado,46-55,2025-03-27,Activo
C04005,Cliente 04005,Pyme,Bogota,Centro,Cundinamarca,F,36-45,2024-04-15,Activo
C04006,Cliente 04006,Corporativo,Cartagena,Caribe,Bolivar,F,26-35,2026-01-05,Activo
C04007,Cliente 04007,Educacion,Medellin,Antioquia,Antioquia,M,18-25,2024-09-05,Activo
C04008,Cliente 04008,Hogar,Cali,Occidente,Valle del Cauca,F,46-55,2020-09-29,Activo
C04009,Cliente 04009,Pyme,Ibague,Centro,Tolima,M,26-35,2024-07-30,Activo
C04010,Cliente 04010,Corporativo,Medellin,Antioquia,Antioquia,M,56+,2025-07-26,Inactivo
C04011,Cliente 04011,Gobierno,Manizales,Eje Cafetero,Caldas,No informado,26-35,2020-04-22,Activo
C04012,Cliente 04012,Gobierno,Medellin,Antioquia,Antioquia,M,36-45,2020-02-28,Activo
C04013,Cliente 04013,Corporativo,Ibague,Centro,Tolima,No informado,36-45,2019-12-13,Activo
C04014,Cliente 04014,Corporativo,Barranquilla,Caribe,Atlantico,No informado,56+,2023-09-01,Activo
C04015,Cliente 04015,Corporativo,Pasto,Sur,Narino,No informado,36-45,2021-04-09,Activo
C04016,Cliente 04016,Corporativo,Bucaramanga,Oriente,Santander,No informado,46-55,2025-09-12,Activo
C04017,Cliente 04017,Pyme,Villavicencio,Llanos,Meta,F,36-45,2025-01-28,Activo
C04018,Cliente 04018,Hogar,Bucaramanga,Oriente,Santander,No informado,46-55,2025-07-14,Activo
C04019,Cliente 04019,Corporativo,Pasto,Sur,Narino,M,56+,2020-07-19,Activo
C04020,Cliente 04020,Hogar,Cartagena,Caribe,Bolivar,No informado,26-35,2024-03-31,Activo
C04021,Cliente 04021,Educacion,Manizales,Eje Cafetero,Caldas,F,56+,2024-07-22,Activo
C04022,Cliente 04022,Corporativo,Ibague,Centro,Tolima,F,46-55,2024-07-17,Activo
C04023,Cliente 04023,Corporativo,Villavicencio,Llanos,Meta,No informado,56+,2024-08-21,Activo
C04024,Cliente 04024,Gobierno,Bogota,Centro,Cundinamarca,M,56+,2019-05-12,Activo
C04025,Cliente 04025,Gobierno,Ibague,Centro,Tolima,M,26-35,2021-03-23,Activo
C04026,Cliente 04026,Gobierno,Barranquilla,Caribe,Atlantico,F,46-55,2024-01-07,Activo
C04027,Cliente 04027,Educacion,Cartagena,Caribe,Bolivar,F,26-35,2019-03-05,Activo
C04028,Cliente 04028,Corporativo,Manizales,Eje Cafetero,Caldas,No informado,56+,2024-10-30,Activo
C04029,Cliente 04029,Corporativo,Bucaramanga,Oriente,Santander,F,18-25,2023-04-16,Activo
C04030,Cliente 04030,Corporativo,Bucaramanga,Oriente,Santander,F,26-35,2020-01-09,Activo
C04031,Cliente 04031,Gobierno,Cartagena,Caribe,Bolivar,No informado,18-25,2019-06-18,Activo
C04032,Cliente 04032,Educacion,Manizales,Eje Cafetero,Caldas,F,18-25,2020-05-12,Activo
C04033,Cliente 04033,Gobierno,Manizales,Eje Cafetero,Caldas,M,26-35,2024-01-05,Activo
C04034,Cliente 04034,Pyme,Medellin,Antioquia,Antioquia,M,36-45,2019-12-28,Activo
C04035,Cliente 04035,Pyme,Santa Marta,Caribe,Magdalena,F,26-35,2021-08-02,Activo
C04036,Cliente 04036,Corporativo,Manizales,Eje Cafetero,Caldas,M,56+,2023-08-05,Activo
C04037,Cliente 04037,Hogar,Bucaramanga,Oriente,Santander,F,36-45,2024-07-15,Activo
C04038,Cliente 04038,Corporativo,Cartagena,Caribe,Bolivar,M,18-25,2023-01-05,Activo
C04039,Cliente 04039,Hogar,Manizales,Eje Cafetero,Caldas,F,56+,2021-03-10,Activo
C04040,Cliente 04040,Hogar,Manizales,Eje Cafetero,Caldas,F,18-25,2021-09-01,Activo
C04041,Cliente 04041,Educacion,Ibague,Centro,Tolima,M,36-45,2025-05-04,Activo
C04042,Cliente 04042,Corporativo,Medellin,Antioquia,Antioquia,No informado,46-55,2023-01-15,Activo
C04043,Cliente 04043,Corporativo,Medellin,Antioquia,Antioquia,F,56+,2024-12-07,Activo
C04044,Cliente 04044,Gobierno,Cali,Occidente,Valle del Cauca,No informado,18-25,2025-01-29,Activo
C04045,Cliente 04045,Educacion,Ibague,Centro,Tolima,M,36-45,2024-05-29,Activo
C04046,Cliente 04046,Educacion,Pereira,Eje Cafetero,Risaralda,F,46-55,2020-11-14,Activo
C04047,Cliente 04047,Hogar,Medellin,Antioquia,Antioquia,No informado,56+,2024-12-27,Activo
C04048,Cliente 04048,Gobierno,Ibague,Centro,Tolima,No informado,18-25,2026-01-21,Activo
C04049,Cliente 04049,Hogar,Barranquilla,Caribe,Atlantico,M,36-45,2020-04-03,Inactivo
C04050,Cliente 04050,Educacion,Cali,Occidente,Valle del Cauca,M,18-25,2025-01-09,Activo
C04051,Cliente 04051,Pyme,Medellin,Antioquia,Antioquia,F,56+,2021-07-17,Activo
C04052,Cliente 04052,Pyme,Villavicencio,Llanos,Meta,M,56+,2024-08-16,Activo
C04053,Cliente 04053,Corporativo,Medellin,Antioquia,Antioquia,No informado,46-55,2023-02-02,Activo
C04054,Cliente 04054,Corporativo,Pasto,Sur,Narino,No informado,46-55,2022-02-15,Activo
C04055,Cliente 04055,Hogar,Bucaramanga,Oriente,Santander,M,36-45,2021-08-27,Activo
C04056,Cliente 04056,Hogar,Bogota,Centro,Cundinamarca,M,56+,2019-03-13,Activo
C04057,Cliente 04057,Educacion,Villavicencio,Llanos,Meta,M,36-45,2025-02-18,Activo
C04058,Cliente 04058,Gobierno,Manizales,Eje Cafetero,Caldas,M,46-55,2021-09-22,Activo
C04059,Cliente 04059,Educacion,Cartagena,Caribe,Bolivar,No informado,46-55,2023-01-25,Activo
C04060,Cliente 04060,Gobierno,Manizales,Eje Cafetero,Caldas,F,18-25,2020-10-02,Activo
C04061,Cliente 04061,Corporativo,Villavicencio,Llanos,Meta,F,36-45,2024-02-15,Activo
C04062,Cliente 04062,Hogar,Manizales,Eje Cafetero,Caldas,M,56+,2019-07-16,Activo
C04063,Cliente 04063,Hogar,Cartagena,Caribe,Bolivar,M,56+,2024-08-29,Activo
C04064,Cliente 04064,Corporativo,Bogota,Centro,Cundinamarca,M,56+,2020-09-02,Activo
C04065,Cliente 04065,Hogar,Cartagena,Caribe,Bolivar,M,56+,2023-08-24,Activo
C04066,Cliente 04066,Pyme,Pereira,Eje Cafetero,Risaralda,M,18-25,2019-08-09,Activo
C04067,Cliente 04067,Gobierno,Bucaramanga,Oriente,Santander,M,36-45,2019-02-13,Activo
C04068,Cliente 04068,Pyme,Medellin,Antioquia,Antioquia,F,26-35,2021-01-03,Inactivo
C04069,Cliente 04069,Hogar,Cali,Occidente,Valle del Cauca,M,36-45,2025-08-31,Activo
C04070,Cliente 04070,Pyme,Santa Marta,Caribe,Magdalena,F,18-25,2022-03-12,Activo
C04071,Cliente 04071,Hogar,Barranquilla,Caribe,Atlantico,M,36-45,2021-04-09,Activo
C04072,Cliente 04072,Gobierno,Santa Marta,Caribe,Magdalena,M,26-35,2020-12-04,Activo
C04073,Cliente 04073,Pyme,Cali,Occidente,Valle del Cauca,F,36-45,2023-06-23,Activo
C04074,Cliente 04074,Gobierno,Villavicencio,Llanos,Meta,No informado,18-25,2022-11-24,Activo
C04075,Cliente 04075,Corporativo,Santa Marta,Caribe,Magdalena,M,26-35,2025-09-26,Activo
C04076,Cliente 04076,Corporativo,Barranquilla,Caribe,Atlantico,No informado,56+,2023-04-20,Activo
C04077,Cliente 04077,Pyme,Bucaramanga,Oriente,Santander,F,36-45,2024-02-09,Activo
C04078,Cliente 04078,Hogar,Medellin,Antioquia,Antioquia,M,18-25,2019-08-26,Activo
C04079,Cliente 04079,Pyme,Pereira,Eje Cafetero,Risaralda,No informado,56+,2021-07-15,Inactivo
C04080,Cliente 04080,Corporativo,Pereira,Eje Cafetero,Risaralda,M,56+,2020-05-08,Activo
C04081,Cliente 04081,Pyme,Manizales,Eje Cafetero,Caldas,No informado,36-45,2022-10-22,Activo
C04082,Cliente 04082,Hogar,Ibague,Centro,Tolima,No informado,36-45,2021-07-28,Activo
C04083,Cliente 04083,Educacion,Cartagena,Caribe,Bolivar,F,46-55,2024-11-08,Activo
C04084,Cliente 04084,Corporativo,Pasto,Sur,Narino,M,46-55,2020-11-28,Activo
C04085,Cliente 04085,Pyme,Cali,Occidente,Valle del Cauca,No informado,56+,2021-11-08,Activo
C04086,Cliente 04086,Corporativo,Santa Marta,Caribe,Magdalena,F,36-45,2020-10-10,Activo
C04087,Cliente 04087,Corporativo,Medellin,Antioquia,Antioquia,F,18-25,2023-01-06,Activo
C04088,Cliente 04088,Hogar,Manizales,Eje Cafetero,Caldas,No informado,46-55,2023-07-19,Activo
C04089,Cliente 04089,Pyme,Villavicencio,Llanos,Meta,M,36-45,2019-04-15,Inactivo
C04090,Cliente 04090,Educacion,Cartagena,Caribe,Bolivar,No informado,56+,2024-05-10,Activo
C04091,Cliente 04091,Gobierno,Ibague,Centro,Tolima,M,56+,2023-01-14,Activo
C04092,Cliente 04092,Corporativo,Bogota,Centro,Cundinamarca,M,18-25,2020-05-08,Activo
C04093,Cliente 04093,Hogar,Pereira,Eje Cafetero,Risaralda,M,36-45,2019-11-19,Activo
C04094,Cliente 04094,Pyme,Pasto,Sur,Narino,M,46-55,2019-03-31,Activo
C04095,Cliente 04095,Gobierno,Villavicencio,Llanos,Meta,F,26-35,2025-07-07,Activo
C04096,Cliente 04096,Educacion,Medellin,Antioquia,Antioquia,No informado,46-55,2020-02-12,Activo
C04097,Cliente 04097,Corporativo,Bucaramanga,Oriente,Santander,M,46-55,2025-06-09,Inactivo
C04098,Cliente 04098,Hogar,Ibague,Centro,Tolima,F,56+,2022-11-28,Activo
C04099,Cliente 04099,Gobierno,Ibague,Centro,Tolima,M,46-55,2025-07-29,Activo
C04100,Cliente 04100,Pyme,Cali,Occidente,Valle del Cauca,M,56+,2021-09-21,Activo
C04101,Cliente 04101,Hogar,Manizales,Eje Cafetero,Caldas,F,36-45,2020-07-21,Activo
C04102,Cliente 04102,Corporativo,Santa Marta,Caribe,Magdalena,M,46-55,2020-11-11,Activo
C04103,Cliente 04103,Hogar,Cali,Occidente,Valle del Cauca,No informado,36-45,2024-12-10,Activo
C04104,Cliente 04104,Educacion,Medellin,Antioquia,Antioquia,M,18-25,2024-11-07,Activo
C04105,Cliente 04105,Pyme,Cali,Occidente,Valle del Cauca,M,46-55,2025-08-21,Activo
C04106,Cliente 04106,Gobierno,Bucaramanga,Oriente,Santander,M,18-25,2024-01-01,Activo
C04107,Cliente 04107,Gobierno,Pereira,Eje Cafetero,Risaralda,M,18-25,2023-08-22,Activo
C04108,Cliente 04108,Corporativo,Manizales,Eje Cafetero,Caldas,M,18-25,2025-10-27,Activo
C04109,Cliente 04109,Corporativo,Bucaramanga,Oriente,Santander,No informado,18-25,2020-04-14,Activo
C04110,Cliente 04110,Gobierno,Barranquilla,Caribe,Atlantico,M,56+,2021-01-22,Activo
C04111,Cliente 04111,Hogar,Medellin,Antioquia,Antioquia,No informado,46-55,2023-06-11,Activo
C04112,Cliente 04112,Gobierno,Bogota,Centro,Cundinamarca,No informado,26-35,2021-02-10,Activo
C04113,Cliente 04113,Pyme,Pereira,Eje Cafetero,Risaralda,F,36-45,2023-05-07,Activo
C04114,Cliente 04114,Corporativo,Manizales,Eje Cafetero,Caldas,M,56+,2025-10-08,Activo
C04115,Cliente 04115,Hogar,Santa Marta,Caribe,Magdalena,M,26-35,2024-02-12,Activo
C04116,Cliente 04116,Educacion,Cali,Occidente,Valle del Cauca,M,46-55,2020-03-14,Activo
C04117,Cliente 04117,Gobierno,Bucaramanga,Oriente,Santander,No informado,46-55,2021-10-16,Activo
C04118,Cliente 04118,Educacion,Cartagena,Caribe,Bolivar,M,46-55,2023-08-06,Activo
C04119,Cliente 04119,Hogar,Barranquilla,Caribe,Atlantico,M,56+,2022-07-21,Activo
C04120,Cliente 04120,Pyme,Cali,Occidente,Valle del Cauca,F,46-55,2021-06-22,Activo
C04121,Cliente 04121,Gobierno,Villavicencio,Llanos,Meta,F,26-35,2022-04-28,Activo
C04122,Cliente 04122,Corporativo,Pasto,Sur,Narino,No informado,46-55,2019-09-26,Activo
C04123,Cliente 04123,Hogar,Bucaramanga,Oriente,Santander,No informado,36-45,2022-05-15,Activo
C04124,Cliente 04124,Hogar,Cali,Occidente,Valle del Cauca,No informado,46-55,2022-10-08,Activo
C04125,Cliente 04125,Corporativo,Villavicencio,Llanos,Meta,F,26-35,2020-05-27,Activo
C04126,Cliente 04126,Corporativo,Ibague,Centro,Tolima,M,26-35,2022-12-13,Activo
C04127,Cliente 04127,Hogar,Pereira,Eje Cafetero,Risaralda,F,18-25,2025-10-29,Activo
C04128,Cliente 04128,Gobierno,Pasto,Sur,Narino,M,36-45,2022-09-01,Activo
C04129,Cliente 04129,Pyme,Bucaramanga,Oriente,Santander,F,46-55,2024-05-04,Activo
C04130,Cliente 04130,Educacion,Medellin,Antioquia,Antioquia,F,56+,2023-07-16,Activo
C04131,Cliente 04131,Hogar,Villavicencio,Llanos,Meta,M,56+,2022-07-10,Activo
C04132,Cliente 04132,Pyme,Barranquilla,Caribe,Atlantico,M,26-35,2022-04-22,Activo
C04133,Cliente 04133,Gobierno,Bogota,Centro,Cundinamarca,F,56+,2023-06-12,Activo
C04134,Cliente 04134,Hogar,Medellin,Antioquia,Antioquia,F,36-45,2023-05-29,Activo
C04135,Cliente 04135,Educacion,Ibague,Centro,Tolima,F,46-55,2024-08-10,Activo
C04136,Cliente 04136,Gobierno,Cali,Occidente,Valle del Cauca,M,26-35,2023-02-03,Activo
C04137,Cliente 04137,Gobierno,Bucaramanga,Oriente,Santander,F,56+,2021-05-19,Activo
C04138,Cliente 04138,Hogar,Manizales,Eje Cafetero,Caldas,No informado,56+,2019-04-21,Activo
C04139,Cliente 04139,Corporativo,Barranquilla,Caribe,Atlantico,F,18-25,2025-01-21,Activo
C04140,Cliente 04140,Gobierno,Manizales,Eje Cafetero,Caldas,M,46-55,2023-09-22,Activo
C04141,Cliente 04141,Hogar,Pasto,Sur,Narino,M,46-55,2024-06-16,Activo
C04142,Cliente 04142,Pyme,Santa Marta,Caribe,Magdalena,M,26-35,2023-01-17,Activo
C04143,Cliente 04143,Corporativo,Medellin,Antioquia,Antioquia,F,46-55,2026-01-05,Inactivo
C04144,Cliente 04144,Educacion,Cartagena,Caribe,Bolivar,F,36-45,2022-04-08,Activo
C04145,Cliente 04145,Corporativo,Bucaramanga,Oriente,Santander,F,46-55,2025-08-06,Activo
C04146,Cliente 04146,Corporativo,Bucaramanga,Oriente,Santander,F,46-55,2020-10-12,Activo
C04147,Cliente 04147,Pyme,Villavicencio,Llanos,Meta,F,26-35,2020-03-19,Activo
C04148,Cliente 04148,Educacion,Cali,Occidente,Valle del Cauca,F,56+,2020-07-15,Activo
C04149,Cliente 04149,Pyme,Manizales,Eje Cafetero,Caldas,M,46-55,2023-03-12,Activo
C04150,Cliente 04150,Corporativo,Pereira,Eje Cafetero,Risaralda,M,56+,2024-02-12,Activo
C04151,Cliente 04151,Hogar,Barranquilla,Caribe,Atlantico,M,36-45,2021-09-13,Activo
C04152,Cliente 04152,Educacion,Cali,Occidente,Valle del Cauca,No informado,56+,2021-10-07,Activo
C04153,Cliente 04153,Pyme,Pasto,Sur,Narino,No informado,18-25,2022-08-20,Inactivo
C04154,Cliente 04154,Educacion,Villavicencio,Llanos,Meta,F,46-55,2025-11-26,Activo
C04155,Cliente 04155,Educacion,Manizales,Eje Cafetero,Caldas,No informado,36-45,2025-10-01,Inactivo
C04156,Cliente 04156,Gobierno,Barranquilla,Caribe,Atlantico,M,26-35,2025-03-11,Activo
C04157,Cliente 04157,Hogar,Cartagena,Caribe,Bolivar,No informado,46-55,2022-09-20,Activo
C04158,Cliente 04158,Educacion,Pasto,Sur,Narino,No informado,18-25,2022-11-14,Activo
C04159,Cliente 04159,Hogar,Cartagena,Caribe,Bolivar,F,18-25,2021-10-10,Activo
C04160,Cliente 04160,Gobierno,Medellin,Antioquia,Antioquia,No informado,46-55,2023-06-07,Activo
C04161,Cliente 04161,Gobierno,Ibague,Centro,Tolima,No informado,36-45,2024-11-01,Activo
C04162,Cliente 04162,Corporativo,Bucaramanga,Oriente,Santander,M,26-35,2021-10-28,Activo
C04163,Cliente 04163,Educacion,Barranquilla,Caribe,Atlantico,F,26-35,2024-10-30,Activo
C04164,Cliente 04164,Educacion,Bucaramanga,Oriente,Santander,No informado,36-45,2019-02-01,Activo
C04165,Cliente 04165,Gobierno,Bucaramanga,Oriente,Santander,M,36-45,2024-01-19,Activo
C04166,Cliente 04166,Pyme,Santa Marta,Caribe,Magdalena,No informado,46-55,2020-04-03,Activo
C04167,Cliente 04167,Educacion,Bogota,Centro,Cundinamarca,F,18-25,2024-03-09,Activo
C04168,Cliente 04168,Pyme,Cali,Occidente,Valle del Cauca,M,56+,2021-08-26,Activo
C04169,Cliente 04169,Corporativo,Pasto,Sur,Narino,F,56+,2025-10-04,Activo
C04170,Cliente 04170,Gobierno,Medellin,Antioquia,Antioquia,No informado,26-35,2021-02-01,Activo
C04171,Cliente 04171,Hogar,Cali,Occidente,Valle del Cauca,No informado,56+,2021-06-01,Activo
C04172,Cliente 04172,Corporativo,Bucaramanga,Oriente,Santander,F,36-45,2022-11-06,Activo
C04173,Cliente 04173,Gobierno,Cali,Occidente,Valle del Cauca,F,46-55,2024-03-01,Activo
C04174,Cliente 04174,Educacion,Pereira,Eje Cafetero,Risaralda,M,46-55,2025-12-27,Inactivo
C04175,Cliente 04175,Corporativo,Bucaramanga,Oriente,Santander,F,36-45,2020-04-09,Inactivo
C04176,Cliente 04176,Corporativo,Barranquilla,Caribe,Atlantico,F,36-45,2020-12-14,Activo
C04177,Cliente 04177,Educacion,Santa Marta,Caribe,Magdalena,F,56+,2024-10-09,Activo
C04178,Cliente 04178,Hogar,Bucaramanga,Oriente,Santander,No informado,56+,2023-12-02,Activo
C04179,Cliente 04179,Corporativo,Villavicencio,Llanos,Meta,No informado,18-25,2023-12-07,Activo
C04180,Cliente 04180,Hogar,Cartagena,Caribe,Bolivar,F,56+,2021-08-01,Activo
C04181,Cliente 04181,Hogar,Bogota,Centro,Cundinamarca,F,46-55,2025-08-17,Activo
C04182,Cliente 04182,Hogar,Manizales,Eje Cafetero,Caldas,F,46-55,2025-12-01,Activo
C04183,Cliente 04183,Hogar,Pasto,Sur,Narino,M,26-35,2023-02-08,Activo
C04184,Cliente 04184,Pyme,Pereira,Eje Cafetero,Risaralda,F,18-25,2021-09-20,Inactivo
C04185,Cliente 04185,Corporativo,Bogota,Centro,Cundinamarca,M,56+,2021-03-21,Activo
C04186,Cliente 04186,Pyme,Cali,Occidente,Valle del Cauca,M,26-35,2022-04-05,Activo
C04187,Cliente 04187,Educacion,Santa Marta,Caribe,Magdalena,No informado,56+,2022-06-15,Activo
C04188,Cliente 04188,Corporativo,Cali,Occidente,Valle del Cauca,No informado,18-25,2025-10-09,Activo
C04189,Cliente 04189,Corporativo,Bucaramanga,Oriente,Santander,M,18-25,2025-04-25,Activo
C04190,Cliente 04190,Gobierno,Santa Marta,Caribe,Magdalena,M,56+,2022-11-21,Activo
C04191,Cliente 04191,Pyme,Bogota,Centro,Cundinamarca,No informado,26-35,2020-05-04,Activo
C04192,Cliente 04192,Corporativo,Pasto,Sur,Narino,No informado,56+,2021-02-28,Activo
C04193,Cliente 04193,Educacion,Pasto,Sur,Narino,F,18-25,2021-12-07,Activo
C04194,Cliente 04194,Gobierno,Cartagena,Caribe,Bolivar,No informado,56+,2023-11-09,Activo
C04195,Cliente 04195,Pyme,Pereira,Eje Cafetero,Risaralda,No informado,36-45,2022-03-06,Activo
C04196,Cliente 04196,Hogar,Medellin,Antioquia,Antioquia,No informado,18-25,2025-04-01,Activo
C04197,Cliente 04197,Gobierno,Villavicencio,Llanos,Meta,F,56+,2023-06-02,Activo
C04198,Cliente 04198,Gobierno,Medellin,Antioquia,Antioquia,M,36-45,2022-07-24,Activo
C04199,Cliente 04199,Corporativo,Cali,Occidente,Valle del Cauca,M,26-35,2025-01-04,Activo
C04200,Cliente 04200,Gobierno,Cali,Occidente,Valle del Cauca,No informado,26-35,2020-04-13,Activo
C04201,Cliente 04201,Gobierno,Ibague,Centro,Tolima,No informado,36-45,2019-11-21,Activo
C04202,Cliente 04202,Hogar,Cali,Occidente,Valle del Cauca,No informado,36-45,2021-08-17,Activo
C04203,Cliente 04203,Educacion,Bogota,Centro,Cundinamarca,No informado,26-35,2025-04-26,Activo
C04204,Cliente 04204,Pyme,Medellin,Antioquia,Antioquia,No informado,18-25,2019-03-16,Activo
C04205,Cliente 04205,Pyme,Bogota,Centro,Cundinamarca,No informado,18-25,2020-12-25,Activo
C04206,Cliente 04206,Corporativo,Ibague,Centro,Tolima,F,18-25,2023-11-19,Activo
C04207,Cliente 04207,Pyme,Bucaramanga,Oriente,Santander,F,56+,2023-03-23,Activo
C04208,Cliente 04208,Gobierno,Ibague,Centro,Tolima,M,26-35,2023-07-19,Activo
C04209,Cliente 04209,Corporativo,Manizales,Eje Cafetero,Caldas,M,26-35,2022-04-28,Activo
C04210,Cliente 04210,Gobierno,Barranquilla,Caribe,Atlantico,F,18-25,2020-04-13,Activo
C04211,Cliente 04211,Corporativo,Villavicencio,Llanos,Meta,M,18-25,2025-09-10,Inactivo
C04212,Cliente 04212,Corporativo,Barranquilla,Caribe,Atlantico,F,36-45,2021-04-21,Activo
C04213,Cliente 04213,Hogar,Bogota,Centro,Cundinamarca,M,56+,2024-11-18,Activo
C04214,Cliente 04214,Hogar,Pereira,Eje Cafetero,Risaralda,No informado,46-55,2019-11-02,Activo
C04215,Cliente 04215,Educacion,Ibague,Centro,Tolima,M,26-35,2019-03-28,Activo
C04216,Cliente 04216,Corporativo,Medellin,Antioquia,Antioquia,M,18-25,2024-12-29,Activo
C04217,Cliente 04217,Hogar,Medellin,Antioquia,Antioquia,F,26-35,2023-03-14,Activo
C04218,Cliente 04218,Corporativo,Bogota,Centro,Cundinamarca,M,18-25,2019-02-27,Activo
C04219,Cliente 04219,Hogar,Bogota,Centro,Cundinamarca,F,46-55,2020-11-03,Activo
C04220,Cliente 04220,Pyme,Medellin,Antioquia,Antioquia,M,18-25,2020-05-07,Activo
C04221,Cliente 04221,Hogar,Pasto,Sur,Narino,M,56+,2022-02-16,Activo
C04222,Cliente 04222,Gobierno,Barranquilla,Caribe,Atlantico,F,56+,2019-05-18,Activo
C04223,Cliente 04223,Pyme,Bogota,Centro,Cundinamarca,No informado,18-25,2019-11-04,Inactivo
C04224,Cliente 04224,Pyme,Cali,Occidente,Valle del Cauca,M,36-45,2026-01-23,Activo
C04225,Cliente 04225,Educacion,Barranquilla,Caribe,Atlantico,F,36-45,2025-04-30,Activo
C04226,Cliente 04226,Pyme,Pasto,Sur,Narino,No informado,26-35,2022-03-29,Activo
C04227,Cliente 04227,Educacion,Villavicencio,Llanos,Meta,M,56+,2019-11-16,Activo
C04228,Cliente 04228,Hogar,Bogota,Centro,Cundinamarca,F,56+,2022-09-23,Activo
C04229,Cliente 04229,Hogar,Bucaramanga,Oriente,Santander,M,46-55,2023-05-06,Activo
C04230,Cliente 04230,Corporativo,Barranquilla,Caribe,Atlantico,No informado,36-45,2020-07-11,Activo
C04231,Cliente 04231,Gobierno,Pereira,Eje Cafetero,Risaralda,F,36-45,2020-11-19,Activo
C04232,Cliente 04232,Gobierno,Bucaramanga,Oriente,Santander,F,36-45,2019-01-05,Activo
C04233,Cliente 04233,Hogar,Villavicencio,Llanos,Meta,No informado,26-35,2023-11-26,Activo
C04234,Cliente 04234,Gobierno,Cali,Occidente,Valle del Cauca,M,56+,2023-06-24,Activo
C04235,Cliente 04235,Hogar,Ibague,Centro,Tolima,M,36-45,2021-07-09,Activo
C04236,Cliente 04236,Corporativo,Cartagena,Caribe,Bolivar,M,18-25,2020-10-01,Activo
C04237,Cliente 04237,Educacion,Barranquilla,Caribe,Atlantico,No informado,56+,2024-12-12,Activo
C04238,Cliente 04238,Corporativo,Villavicencio,Llanos,Meta,M,18-25,2023-11-23,Activo
C04239,Cliente 04239,Corporativo,Bogota,Centro,Cundinamarca,M,18-25,2025-10-06,Activo
C04240,Cliente 04240,Corporativo,Medellin,Antioquia,Antioquia,No informado,46-55,2023-07-11,Activo
C04241,Cliente 04241,Hogar,Barranquilla,Caribe,Atlantico,F,18-25,2019-12-31,Activo
C04242,Cliente 04242,Educacion,Ibague,Centro,Tolima,No informado,46-55,2019-02-22,Activo
C04243,Cliente 04243,Educacion,Cali,Occidente,Valle del Cauca,M,46-55,2019-04-03,Activo
C04244,Cliente 04244,Pyme,Santa Marta,Caribe,Magdalena,M,56+,2021-09-04,Inactivo
C04245,Cliente 04245,Pyme,Ibague,Centro,Tolima,No informado,46-55,2024-12-31,Activo
C04246,Cliente 04246,Educacion,Villavicencio,Llanos,Meta,M,26-35,2025-04-11,Activo
C04247,Cliente 04247,Hogar,Cartagena,Caribe,Bolivar,No informado,56+,2021-04-20,Activo
C04248,Cliente 04248,Pyme,Villavicencio,Llanos,Meta,M,18-25,2025-11-21,Inactivo
C04249,Cliente 04249,Corporativo,Villavicencio,Llanos,Meta,F,56+,2021-12-05,Activo
C04250,Cliente 04250,Hogar,Pereira,Eje Cafetero,Risaralda,F,56+,2020-05-27,Activo
C04251,Cliente 04251,Gobierno,Bucaramanga,Oriente,Santander,M,26-35,2026-01-30,Activo
C04252,Cliente 04252,Pyme,Barranquilla,Caribe,Atlantico,No informado,46-55,2020-08-24,Activo
C04253,Cliente 04253,Pyme,Santa Marta,Caribe,Magdalena,F,26-35,2024-01-17,Activo
C04254,Cliente 04254,Educacion,Pereira,Eje Cafetero,Risaralda,M,36-45,2019-06-16,Activo
C04255,Cliente 04255,Hogar,Barranquilla,Caribe,Atlantico,No informado,46-55,2024-05-16,Activo
C04256,Cliente 04256,Corporativo,Santa Marta,Caribe,Magdalena,F,46-55,2024-08-20,Activo
C04257,Cliente 04257,Hogar,Bogota,Centro,Cundinamarca,No informado,56+,2019-11-18,Activo
C04258,Cliente 04258,Hogar,Bucaramanga,Oriente,Santander,F,46-55,2020-01-20,Activo
C04259,Cliente 04259,Hogar,Pereira,Eje Cafetero,Risaralda,F,18-25,2020-12-31,Activo
C04260,Cliente 04260,Educacion,Pasto,Sur,Narino,F,26-35,2023-11-02,Activo
C04261,Cliente 04261,Hogar,Pasto,Sur,Narino,M,56+,2020-08-29,Activo
C04262,Cliente 04262,Hogar,Bogota,Centro,Cundinamarca,M,26-35,2020-02-01,Activo
C04263,Cliente 04263,Corporativo,Cartagena,Caribe,Bolivar,No informado,26-35,2020-12-08,Activo
C04264,Cliente 04264,Hogar,Pereira,Eje Cafetero,Risaralda,M,46-55,2025-09-20,Activo
C04265,Cliente 04265,Gobierno,Villavicencio,Llanos,Meta,M,26-35,2020-07-14,Inactivo
C04266,Cliente 04266,Educacion,Santa Marta,Caribe,Magdalena,M,36-45,2023-04-16,Activo
C04267,Cliente 04267,Educacion,Santa Marta,Caribe,Magdalena,F,56+,2020-10-26,Activo
C04268,Cliente 04268,Educacion,Villavicencio,Llanos,Meta,F,26-35,2024-06-28,Activo
C04269,Cliente 04269,Educacion,Villavicencio,Llanos,Meta,M,18-25,2019-08-22,Activo
C04270,Cliente 04270,Gobierno,Cartagena,Caribe,Bolivar,F,36-45,2020-03-14,Activo
C04271,Cliente 04271,Corporativo,Cali,Occidente,Valle del Cauca,M,46-55,2023-03-03,Activo
C04272,Cliente 04272,Pyme,Barranquilla,Caribe,Atlantico,F,26-35,2023-08-09,Activo
C04273,Cliente 04273,Hogar,Pasto,Sur,Narino,M,26-35,2023-04-23,Activo
C04274,Cliente 04274,Corporativo,Pasto,Sur,Narino,No informado,36-45,2019-10-04,Activo
C04275,Cliente 04275,Pyme,Villavicencio,Llanos,Meta,No informado,18-25,2024-10-31,Activo
C04276,Cliente 04276,Hogar,Bogota,Centro,Cundinamarca,F,56+,2019-05-04,Activo
C04277,Cliente 04277,Corporativo,Pasto,Sur,Narino,No informado,46-55,2024-03-16,Activo
C04278,Cliente 04278,Hogar,Ibague,Centro,Tolima,M,36-45,2019-12-06,Activo
C04279,Cliente 04279,Gobierno,Pereira,Eje Cafetero,Risaralda,M,36-45,2026-01-07,Activo
C04280,Cliente 04280,Gobierno,Bucaramanga,Oriente,Santander,M,18-25,2021-03-11,Activo
C04281,Cliente 04281,Pyme,Manizales,Eje Cafetero,Caldas,No informado,56+,2022-02-23,Activo
C04282,Cliente 04282,Hogar,Manizales,Eje Cafetero,Caldas,M,56+,2023-10-28,Activo
C04283,Cliente 04283,Educacion,Manizales,Eje Cafetero,Caldas,F,18-25,2024-06-21,Activo
C04284,Cliente 04284,Pyme,Barranquilla,Caribe,Atlantico,No informado,18-25,2020-04-15,Activo
C04285,Cliente 04285,Corporativo,Pereira,Eje Cafetero,Risaralda,M,18-25,2021-01-05,Activo
C04286,Cliente 04286,Hogar,Pasto,Sur,Narino,M,36-45,2019-06-10,Activo
C04287,Cliente 04287,Educacion,Cartagena,Caribe,Bolivar,M,18-25,2020-09-07,Activo
C04288,Cliente 04288,Corporativo,Santa Marta,Caribe,Magdalena,M,46-55,2020-10-14,Activo
C04289,Cliente 04289,Pyme,Bogota,Centro,Cundinamarca,M,36-45,2023-09-26,Activo
C04290,Cliente 04290,Corporativo,Pasto,Sur,Narino,No informado,18-25,2025-02-27,Activo
C04291,Cliente 04291,Educacion,Pasto,Sur,Narino,M,26-35,2020-10-31,Activo
C04292,Cliente 04292,Gobierno,Medellin,Antioquia,Antioquia,M,26-35,2019-02-05,Activo
C04293,Cliente 04293,Hogar,Barranquilla,Caribe,Atlantico,No informado,46-55,2024-01-27,Activo
C04294,Cliente 04294,Pyme,Cartagena,Caribe,Bolivar,F,56+,2023-10-03,Inactivo
C04295,Cliente 04295,Hogar,Ibague,Centro,Tolima,F,18-25,2025-07-28,Activo
C04296,Cliente 04296,Pyme,Cali,Occidente,Valle del Cauca,No informado,26-35,2023-11-04,Inactivo
C04297,Cliente 04297,Hogar,Pasto,Sur,Narino,F,26-35,2022-08-28,Activo
C04298,Cliente 04298,Gobierno,Ibague,Centro,Tolima,No informado,26-35,2023-11-13,Activo
C04299,Cliente 04299,Gobierno,Cali,Occidente,Valle del Cauca,M,56+,2020-09-07,Activo
C04300,Cliente 04300,Pyme,Pasto,Sur,Narino,M,18-25,2020-09-04,Activo
C04301,Cliente 04301,Corporativo,Pasto,Sur,Narino,M,36-45,2023-10-28,Activo
C04302,Cliente 04302,Hogar,Cali,Occidente,Valle del Cauca,F,46-55,2024-12-26,Activo
C04303,Cliente 04303,Educacion,Villavicencio,Llanos,Meta,F,56+,2020-06-22,Activo
C04304,Cliente 04304,Pyme,Manizales,Eje Cafetero,Caldas,F,36-45,2023-09-27,Activo
C04305,Cliente 04305,Pyme,Manizales,Eje Cafetero,Caldas,M,56+,2023-11-07,Activo
C04306,Cliente 04306,Pyme,Medellin,Antioquia,Antioquia,No informado,18-25,2022-08-24,Activo
C04307,Cliente 04307,Pyme,Cartagena,Caribe,Bolivar,No informado,56+,2025-08-23,Activo
C04308,Cliente 04308,Hogar,Manizales,Eje Cafetero,Caldas,F,36-45,2021-07-18,Activo
C04309,Cliente 04309,Pyme,Bogota,Centro,Cundinamarca,F,36-45,2020-02-28,Activo
C04310,Cliente 04310,Corporativo,Bucaramanga,Oriente,Santander,No informado,46-55,2022-05-02,Activo
C04311,Cliente 04311,Corporativo,Bucaramanga,Oriente,Santander,M,18-25,2022-03-26,Activo
C04312,Cliente 04312,Educacion,Barranquilla,Caribe,Atlantico,No informado,26-35,2020-08-23,Activo
C04313,Cliente 04313,Educacion,Cartagena,Caribe,Bolivar,F,18-25,2025-06-18,Activo
C04314,Cliente 04314,Gobierno,Bogota,Centro,Cundinamarca,F,46-55,2023-12-19,Activo
C04315,Cliente 04315,Gobierno,Bogota,Centro,Cundinamarca,No informado,46-55,2022-07-25,Activo
C04316,Cliente 04316,Educacion,Villavicencio,Llanos,Meta,No informado,36-45,2022-07-09,Activo
C04317,Cliente 04317,Gobierno,Cali,Occidente,Valle del Cauca,M,18-25,2024-12-30,Inactivo
C04318,Cliente 04318,Hogar,Barranquilla,Caribe,Atlantico,No informado,56+,2020-10-02,Inactivo
C04319,Cliente 04319,Hogar,Pasto,Sur,Narino,F,18-25,2025-06-02,Activo
C04320,Cliente 04320,Hogar,Ibague,Centro,Tolima,F,56+,2026-01-06,Activo
C04321,Cliente 04321,Educacion,Pasto,Sur,Narino,F,56+,2020-05-28,Activo
C04322,Cliente 04322,Corporativo,Medellin,Antioquia,Antioquia,M,18-25,2019-05-25,Activo
C04323,Cliente 04323,Educacion,Medellin,Antioquia,Antioquia,M,36-45,2024-01-02,Activo
C04324,Cliente 04324,Corporativo,Santa Marta,Caribe,Magdalena,No informado,56+,2023-02-09,Activo
C04325,Cliente 04325,Gobierno,Bogota,Centro,Cundinamarca,F,36-45,2020-06-24,Activo
C04326,Cliente 04326,Educacion,Ibague,Centro,Tolima,No informado,26-35,2022-05-22,Activo
C04327,Cliente 04327,Gobierno,Ibague,Centro,Tolima,F,26-35,2024-10-15,Activo
C04328,Cliente 04328,Hogar,Manizales,Eje Cafetero,Caldas,No informado,46-55,2022-05-12,Activo
C04329,Cliente 04329,Educacion,Bucaramanga,Oriente,Santander,F,46-55,2019-04-12,Activo
C04330,Cliente 04330,Gobierno,Cartagena,Caribe,Bolivar,M,56+,2022-11-17,Activo
C04331,Cliente 04331,Corporativo,Cali,Occidente,Valle del Cauca,F,26-35,2024-03-17,Activo
C04332,Cliente 04332,Gobierno,Cali,Occidente,Valle del Cauca,No informado,18-25,2024-12-27,Activo
C04333,Cliente 04333,Pyme,Cali,Occidente,Valle del Cauca,No informado,18-25,2021-08-27,Activo
C04334,Cliente 04334,Corporativo,Pereira,Eje Cafetero,Risaralda,No informado,46-55,2022-08-27,Activo
C04335,Cliente 04335,Pyme,Pereira,Eje Cafetero,Risaralda,F,26-35,2022-09-25,Activo
C04336,Cliente 04336,Hogar,Ibague,Centro,Tolima,No informado,46-55,2022-11-05,Activo
C04337,Cliente 04337,Gobierno,Medellin,Antioquia,Antioquia,No informado,26-35,2023-10-15,Inactivo
C04338,Cliente 04338,Educacion,Santa Marta,Caribe,Magdalena,F,26-35,2020-04-23,Activo
C04339,Cliente 04339,Educacion,Manizales,Eje Cafetero,Caldas,M,56+,2023-12-10,Activo
C04340,Cliente 04340,Pyme,Bogota,Centro,Cundinamarca,F,56+,2024-07-19,Activo
C04341,Cliente 04341,Educacion,Manizales,Eje Cafetero,Caldas,No informado,36-45,2019-04-26,Activo
C04342,Cliente 04342,Educacion,Pereira,Eje Cafetero,Risaralda,F,18-25,2021-11-18,Activo
C04343,Cliente 04343,Corporativo,Pasto,Sur,Narino,M,56+,2023-08-06,Activo
C04344,Cliente 04344,Hogar,Bucaramanga,Oriente,Santander,No informado,36-45,2022-04-23,Activo
C04345,Cliente 04345,Educacion,Barranquilla,Caribe,Atlantico,M,46-55,2021-10-20,Inactivo
C04346,Cliente 04346,Hogar,Villavicencio,Llanos,Meta,M,46-55,2020-12-31,Activo
C04347,Cliente 04347,Hogar,Santa Marta,Caribe,Magdalena,F,46-55,2024-03-13,Activo
C04348,Cliente 04348,Hogar,Cartagena,Caribe,Bolivar,No informado,18-25,2020-08-12,Activo
C04349,Cliente 04349,Educacion,Villavicencio,Llanos,Meta,M,26-35,2025-09-20,Activo
C04350,Cliente 04350,Educacion,Medellin,Antioquia,Antioquia,No informado,36-45,2021-09-16,Activo
C04351,Cliente 04351,Corporativo,Santa Marta,Caribe,Magdalena,M,36-45,2025-12-12,Activo
C04352,Cliente 04352,Gobierno,Cali,Occidente,Valle del Cauca,F,18-25,2021-09-06,Activo
C04353,Cliente 04353,Corporativo,Ibague,Centro,Tolima,No informado,56+,2022-02-01,Activo
C04354,Cliente 04354,Pyme,Santa Marta,Caribe,Magdalena,M,18-25,2022-01-29,Activo
C04355,Cliente 04355,Hogar,Barranquilla,Caribe,Atlantico,F,56+,2025-05-30,Activo
C04356,Cliente 04356,Corporativo,Pereira,Eje Cafetero,Risaralda,M,46-55,2024-04-26,Activo
C04357,Cliente 04357,Pyme,Medellin,Antioquia,Antioquia,No informado,56+,2025-02-28,Activo
C04358,Cliente 04358,Educacion,Manizales,Eje Cafetero,Caldas,F,18-25,2025-07-09,Activo
C04359,Cliente 04359,Corporativo,Pasto,Sur,Narino,M,18-25,2025-10-03,Activo
C04360,Cliente 04360,Hogar,Medellin,Antioquia,Antioquia,F,46-55,2025-11-29,Activo
C04361,Cliente 04361,Hogar,Manizales,Eje Cafetero,Caldas,No informado,56+,2019-05-21,Activo
C04362,Cliente 04362,Hogar,Barranquilla,Caribe,Atlantico,No informado,26-35,2023-12-23,Activo
C04363,Cliente 04363,Educacion,Cali,Occidente,Valle del Cauca,F,46-55,2023-06-24,Activo
C04364,Cliente 04364,Corporativo,Pasto,Sur,Narino,M,56+,2021-01-26,Activo
C04365,Cliente 04365,Hogar,Medellin,Antioquia,Antioquia,M,26-35,2019-03-05,Activo
C04366,Cliente 04366,Hogar,Bucaramanga,Oriente,Santander,M,18-25,2024-07-14,Activo
C04367,Cliente 04367,Educacion,Barranquilla,Caribe,Atlantico,M,26-35,2025-08-24,Activo
C04368,Cliente 04368,Educacion,Medellin,Antioquia,Antioquia,F,26-35,2021-11-04,Activo
C04369,Cliente 04369,Gobierno,Pereira,Eje Cafetero,Risaralda,F,26-35,2026-02-10,Activo
C04370,Cliente 04370,Hogar,Bogota,Centro,Cundinamarca,No informado,18-25,2020-10-17,Activo
C04371,Cliente 04371,Gobierno,Medellin,Antioquia,Antioquia,M,18-25,2023-11-26,Activo
C04372,Cliente 04372,Educacion,Pereira,Eje Cafetero,Risaralda,M,56+,2019-08-06,Activo
C04373,Cliente 04373,Pyme,Pereira,Eje Cafetero,Risaralda,F,26-35,2023-07-23,Activo
C04374,Cliente 04374,Educacion,Bogota,Centro,Cundinamarca,M,56+,2023-04-15,Activo
C04375,Cliente 04375,Pyme,Villavicencio,Llanos,Meta,F,36-45,2021-04-11,Activo
C04376,Cliente 04376,Pyme,Bogota,Centro,Cundinamarca,No informado,56+,2024-04-11,Activo
C04377,Cliente 04377,Hogar,Barranquilla,Caribe,Atlantico,F,18-25,2021-12-15,Activo
C04378,Cliente 04378,Educacion,Bucaramanga,Oriente,Santander,No informado,36-45,2023-06-04,Activo
C04379,Cliente 04379,Educacion,Manizales,Eje Cafetero,Caldas,No informado,56+,2021-05-29,Activo
C04380,Cliente 04380,Hogar,Pasto,Sur,Narino,M,56+,2024-02-04,Activo
C04381,Cliente 04381,Gobierno,Bogota,Centro,Cundinamarca,No informado,36-45,2025-08-14,Activo
C04382,Cliente 04382,Pyme,Pereira,Eje Cafetero,Risaralda,F,26-35,2022-01-01,Activo
C04383,Cliente 04383,Corporativo,Medellin,Antioquia,Antioquia,No informado,56+,2021-10-10,Activo
C04384,Cliente 04384,Gobierno,Cali,Occidente,Valle del Cauca,M,46-55,2021-01-13,Activo
C04385,Cliente 04385,Corporativo,Cali,Occidente,Valle del Cauca,No informado,18-25,2024-02-25,Activo
C04386,Cliente 04386,Corporativo,Pereira,Eje Cafetero,Risaralda,F,36-45,2021-04-13,Activo
C04387,Cliente 04387,Educacion,Santa Marta,Caribe,Magdalena,F,36-45,2025-03-15,Activo
C04388,Cliente 04388,Hogar,Manizales,Eje Cafetero,Caldas,No informado,56+,2021-05-27,Activo
C04389,Cliente 04389,Gobierno,Pereira,Eje Cafetero,Risaralda,F,26-35,2020-10-18,Activo
C04390,Cliente 04390,Gobierno,Santa Marta,Caribe,Magdalena,F,18-25,2020-01-17,Activo
C04391,Cliente 04391,Pyme,Medellin,Antioquia,Antioquia,F,26-35,2019-01-31,Activo
C04392,Cliente 04392,Educacion,Bucaramanga,Oriente,Santander,F,46-55,2022-03-04,Activo
C04393,Cliente 04393,Pyme,Cartagena,Caribe,Bolivar,No informado,56+,2020-03-01,Activo
C04394,Cliente 04394,Hogar,Pereira,Eje Cafetero,Risaralda,F,36-45,2019-05-07,Activo
C04395,Cliente 04395,Pyme,Bucaramanga,Oriente,Santander,F,26-35,2022-08-16,Inactivo
C04396,Cliente 04396,Hogar,Pasto,Sur,Narino,No informado,46-55,2024-05-09,Activo
C04397,Cliente 04397,Gobierno,Barranquilla,Caribe,Atlantico,No informado,26-35,2025-12-26,Activo
C04398,Cliente 04398,Corporativo,Barranquilla,Caribe,Atlantico,F,36-45,2021-10-19,Activo
C04399,Cliente 04399,Gobierno,Barranquilla,Caribe,Atlantico,F,26-35,2022-11-08,Activo
C04400,Cliente 04400,Educacion,Villavicencio,Llanos,Meta,M,36-45,2022-02-25,Activo
C04401,Cliente 04401,Pyme,Medellin,Antioquia,Antioquia,No informado,26-35,2024-09-29,Activo
C04402,Cliente 04402,Pyme,Santa Marta,Caribe,Magdalena,F,46-55,2022-02-22,Activo
C04403,Cliente 04403,Educacion,Villavicencio,Llanos,Meta,No informado,36-45,2021-08-23,Activo
C04404,Cliente 04404,Educacion,Pasto,Sur,Narino,M,56+,2026-01-06,Activo
C04405,Cliente 04405,Corporativo,Manizales,Eje Cafetero,Caldas,No informado,26-35,2025-07-29,Activo
C04406,Cliente 04406,Gobierno,Cartagena,Caribe,Bolivar,No informado,56+,2024-12-21,Activo
C04407,Cliente 04407,Educacion,Ibague,Centro,Tolima,No informado,56+,2025-02-01,Activo
C04408,Cliente 04408,Gobierno,Medellin,Antioquia,Antioquia,M,36-45,2020-10-10,Activo
C04409,Cliente 04409,Hogar,Pereira,Eje Cafetero,Risaralda,No informado,26-35,2019-10-17,Activo
C04410,Cliente 04410,Hogar,Bucaramanga,Oriente,Santander,F,36-45,2021-05-08,Activo
C04411,Cliente 04411,Pyme,Bucaramanga,Oriente,Santander,M,36-45,2023-06-26,Activo
C04412,Cliente 04412,Educacion,Pereira,Eje Cafetero,Risaralda,F,18-25,2020-12-12,Activo
C04413,Cliente 04413,Corporativo,Ibague,Centro,Tolima,F,18-25,2021-11-17,Activo
C04414,Cliente 04414,Hogar,Barranquilla,Caribe,Atlantico,M,18-25,2019-12-23,Activo
C04415,Cliente 04415,Pyme,Cartagena,Caribe,Bolivar,M,46-55,2024-02-03,Activo
C04416,Cliente 04416,Hogar,Bogota,Centro,Cundinamarca,No informado,56+,2019-04-20,Activo
C04417,Cliente 04417,Pyme,Pereira,Eje Cafetero,Risaralda,No informado,36-45,2021-12-09,Activo
C04418,Cliente 04418,Gobierno,Bogota,Centro,Cundinamarca,No informado,36-45,2023-04-10,Inactivo
C04419,Cliente 04419,Corporativo,Bucaramanga,Oriente,Santander,F,26-35,2020-01-06,Activo
C04420,Cliente 04420,Corporativo,Manizales,Eje Cafetero,Caldas,No informado,26-35,2019-08-03,Activo
C04421,Cliente 04421,Pyme,Barranquilla,Caribe,Atlantico,No informado,56+,2021-05-25,Activo
C04422,Cliente 04422,Gobierno,Cali,Occidente,Valle del Cauca,F,26-35,2024-10-27,Activo
C04423,Cliente 04423,Pyme,Santa Marta,Caribe,Magdalena,F,18-25,2021-10-22,Activo
C04424,Cliente 04424,Hogar,Ibague,Centro,Tolima,F,18-25,2025-09-09,Activo
C04425,Cliente 04425,Corporativo,Pereira,Eje Cafetero,Risaralda,M,26-35,2019-04-19,Activo
C04426,Cliente 04426,Educacion,Barranquilla,Caribe,Atlantico,No informado,46-55,2022-10-14,Activo
C04427,Cliente 04427,Educacion,Bogota,Centro,Cundinamarca,M,56+,2020-04-06,Activo
C04428,Cliente 04428,Gobierno,Pereira,Eje Cafetero,Risaralda,F,18-25,2024-07-04,Activo
C04429,Cliente 04429,Hogar,Bucaramanga,Oriente,Santander,No informado,26-35,2021-09-29,Activo
C04430,Cliente 04430,Pyme,Pereira,Eje Cafetero,Risaralda,No informado,36-45,2022-04-16,Activo
C04431,Cliente 04431,Corporativo,Santa Marta,Caribe,Magdalena,F,26-35,2020-12-17,Activo
C04432,Cliente 04432,Hogar,Pasto,Sur,Narino,M,26-35,2025-12-30,Activo
C04433,Cliente 04433,Pyme,Medellin,Antioquia,Antioquia,F,56+,2022-08-30,Activo
C04434,Cliente 04434,Corporativo,Medellin,Antioquia,Antioquia,M,36-45,2023-05-05,Inactivo
C04435,Cliente 04435,Corporativo,Cali,Occidente,Valle del Cauca,No informado,46-55,2022-12-26,Activo
C04436,Cliente 04436,Hogar,Bogota,Centro,Cundinamarca,F,26-35,2022-03-11,Activo
C04437,Cliente 04437,Gobierno,Santa Marta,Caribe,Magdalena,No informado,26-35,2024-10-11,Activo
C04438,Cliente 04438,Pyme,Ibague,Centro,Tolima,No informado,46-55,2022-01-30,Activo
C04439,Cliente 04439,Pyme,Bogota,Centro,Cundinamarca,F,46-55,2025-11-17,Inactivo
C04440,Cliente 04440,Corporativo,Barranquilla,Caribe,Atlantico,M,26-35,2022-06-30,Activo
C04441,Cliente 04441,Hogar,Medellin,Antioquia,Antioquia,F,46-55,2019-03-12,Activo
C04442,Cliente 04442,Pyme,Medellin,Antioquia,Antioquia,No informado,36-45,2019-10-21,Activo
C04443,Cliente 04443,Hogar,Ibague,Centro,Tolima,No informado,46-55,2022-05-13,Activo
C04444,Cliente 04444,Gobierno,Pasto,Sur,Narino,No informado,18-25,2019-04-13,Activo
C04445,Cliente 04445,Corporativo,Santa Marta,Caribe,Magdalena,F,46-55,2023-12-07,Activo
C04446,Cliente 04446,Corporativo,Bogota,Centro,Cundinamarca,M,26-35,2025-09-26,Activo
C04447,Cliente 04447,Educacion,Villavicencio,Llanos,Meta,M,36-45,2022-03-15,Activo
C04448,Cliente 04448,Hogar,Pasto,Sur,Narino,F,18-25,2023-01-25,Activo
C04449,Cliente 04449,Corporativo,Cali,Occidente,Valle del Cauca,M,56+,2021-10-16,Activo
C04450,Cliente 04450,Educacion,Cartagena,Caribe,Bolivar,No informado,18-25,2021-06-26,Activo
C04451,Cliente 04451,Educacion,Villavicencio,Llanos,Meta,M,46-55,2025-12-06,Activo
C04452,Cliente 04452,Gobierno,Ibague,Centro,Tolima,M,26-35,2025-11-13,Activo
C04453,Cliente 04453,Educacion,Bucaramanga,Oriente,Santander,F,46-55,2024-12-23,Activo
C04454,Cliente 04454,Educacion,Cali,Occidente,Valle del Cauca,M,26-35,2020-01-07,Activo
C04455,Cliente 04455,Gobierno,Villavicencio,Llanos,Meta,M,56+,2020-10-29,Activo
C04456,Cliente 04456,Corporativo,Santa Marta,Caribe,Magdalena,F,46-55,2022-05-01,Activo
C04457,Cliente 04457,Gobierno,Medellin,Antioquia,Antioquia,F,18-25,2019-12-24,Activo
C04458,Cliente 04458,Hogar,Cartagena,Caribe,Bolivar,F,26-35,2021-05-27,Activo
C04459,Cliente 04459,Corporativo,Cali,Occidente,Valle del Cauca,No informado,18-25,2019-12-15,Activo
C04460,Cliente 04460,Educacion,Villavicencio,Llanos,Meta,No informado,18-25,2020-06-07,Activo
C04461,Cliente 04461,Educacion,Bucaramanga,Oriente,Santander,M,26-35,2019-08-22,Activo
C04462,Cliente 04462,Corporativo,Medellin,Antioquia,Antioquia,No informado,46-55,2024-11-17,Activo
C04463,Cliente 04463,Hogar,Cali,Occidente,Valle del Cauca,No informado,26-35,2022-06-18,Activo
C04464,Cliente 04464,Hogar,Villavicencio,Llanos,Meta,M,18-25,2021-02-20,Activo
C04465,Cliente 04465,Hogar,Medellin,Antioquia,Antioquia,No informado,26-35,2023-07-17,Activo
C04466,Cliente 04466,Educacion,Pasto,Sur,Narino,No informado,56+,2024-09-13,Activo
C04467,Cliente 04467,Corporativo,Santa Marta,Caribe,Magdalena,M,26-35,2023-02-25,Activo
C04468,Cliente 04468,Pyme,Medellin,Antioquia,Antioquia,No informado,46-55,2020-05-17,Activo
C04469,Cliente 04469,Hogar,Barranquilla,Caribe,Atlantico,M,46-55,2024-03-19,Activo
C04470,Cliente 04470,Educacion,Manizales,Eje Cafetero,Caldas,No informado,46-55,2023-08-13,Activo
C04471,Cliente 04471,Educacion,Pereira,Eje Cafetero,Risaralda,F,18-25,2023-01-18,Activo
C04472,Cliente 04472,Corporativo,Villavicencio,Llanos,Meta,No informado,36-45,2022-11-15,Activo
C04473,Cliente 04473,Gobierno,Medellin,Antioquia,Antioquia,M,26-35,2019-12-03,Activo
C04474,Cliente 04474,Pyme,Manizales,Eje Cafetero,Caldas,F,18-25,2020-05-06,Activo
C04475,Cliente 04475,Corporativo,Bogota,Centro,Cundinamarca,F,46-55,2021-03-12,Activo
C04476,Cliente 04476,Educacion,Pasto,Sur,Narino,M,18-25,2019-06-16,Activo
C04477,Cliente 04477,Corporativo,Manizales,Eje Cafetero,Caldas,No informado,36-45,2023-04-24,Activo
C04478,Cliente 04478,Educacion,Villavicencio,Llanos,Meta,F,18-25,2021-03-07,Activo
C04479,Cliente 04479,Corporativo,Bucaramanga,Oriente,Santander,M,56+,2019-10-27,Activo
C04480,Cliente 04480,Educacion,Cartagena,Caribe,Bolivar,M,26-35,2021-11-15,Activo
C04481,Cliente 04481,Educacion,Pereira,Eje Cafetero,Risaralda,No informado,36-45,2023-07-29,Activo
C04482,Cliente 04482,Corporativo,Cali,Occidente,Valle del Cauca,F,18-25,2019-02-28,Activo
C04483,Cliente 04483,Hogar,Barranquilla,Caribe,Atlantico,M,18-25,2020-04-19,Activo
C04484,Cliente 04484,Corporativo,Bucaramanga,Oriente,Santander,M,26-35,2019-09-18,Inactivo
C04485,Cliente 04485,Gobierno,Barranquilla,Caribe,Atlantico,No informado,46-55,2025-07-24,Activo
C04486,Cliente 04486,Educacion,Bucaramanga,Oriente,Santander,No informado,46-55,2023-03-20,Activo
C04487,Cliente 04487,Hogar,Pasto,Sur,Narino,M,36-45,2024-04-04,Activo
C04488,Cliente 04488,Corporativo,Cartagena,Caribe,Bolivar,F,56+,2020-02-15,Activo
C04489,Cliente 04489,Gobierno,Manizales,Eje Cafetero,Caldas,No informado,18-25,2021-12-20,Activo
C04490,Cliente 04490,Educacion,Pasto,Sur,Narino,F,26-35,2021-07-27,Activo
C04491,Cliente 04491,Corporativo,Pasto,Sur,Narino,No informado,26-35,2020-09-12,Activo
C04492,Cliente 04492,Educacion,Ibague,Centro,Tolima,F,18-25,2020-07-10,Inactivo
C04493,Cliente 04493,Hogar,Pereira,Eje Cafetero,Risaralda,F,56+,2021-11-29,Activo
C04494,Cliente 04494,Gobierno,Bogota,Centro,Cundinamarca,M,56+,2021-03-31,Activo
C04495,Cliente 04495,Corporativo,Santa Marta,Caribe,Magdalena,F,46-55,2022-10-16,Activo
C04496,Cliente 04496,Gobierno,Villavicencio,Llanos,Meta,M,26-35,2024-06-12,Activo
C04497,Cliente 04497,Hogar,Villavicencio,Llanos,Meta,F,26-35,2023-05-14,Activo
C04498,Cliente 04498,Educacion,Pasto,Sur,Narino,M,56+,2022-06-08,Activo
C04499,Cliente 04499,Hogar,Pasto,Sur,Narino,F,36-45,2020-07-08,Activo
C04500,Cliente 04500,Gobierno,Ibague,Centro,Tolima,No informado,36-45,2025-03-11,Activo
C04501,Cliente 04501,Corporativo,Cali,Occidente,Valle del Cauca,M,36-45,2025-08-12,Activo
C04502,Cliente 04502,Corporativo,Cartagena,Caribe,Bolivar,F,18-25,2022-10-31,Activo
C04503,Cliente 04503,Gobierno,Manizales,Eje Cafetero,Caldas,F,46-55,2022-08-11,Activo
C04504,Cliente 04504,Educacion,Cali,Occidente,Valle del Cauca,M,56+,2023-11-12,Activo
C04505,Cliente 04505,Hogar,Villavicencio,Llanos,Meta,F,56+,2022-06-18,Activo
C04506,Cliente 04506,Educacion,Cali,Occidente,Valle del Cauca,M,36-45,2019-04-17,Inactivo
C04507,Cliente 04507,Gobierno,Villavicencio,Llanos,Meta,F,36-45,2025-08-09,Activo
C04508,Cliente 04508,Gobierno,Medellin,Antioquia,Antioquia,M,36-45,2021-08-06,Activo
C04509,Cliente 04509,Gobierno,Pereira,Eje Cafetero,Risaralda,F,46-55,2023-04-17,Activo
C04510,Cliente 04510,Hogar,Santa Marta,Caribe,Magdalena,No informado,56+,2020-06-18,Activo
C04511,Cliente 04511,Corporativo,Pereira,Eje Cafetero,Risaralda,F,56+,2023-05-22,Activo
C04512,Cliente 04512,Corporativo,Barranquilla,Caribe,Atlantico,No informado,36-45,2024-09-01,Activo
C04513,Cliente 04513,Educacion,Villavicencio,Llanos,Meta,No informado,46-55,2019-08-30,Activo
C04514,Cliente 04514,Hogar,Pasto,Sur,Narino,M,26-35,2020-10-17,Activo
C04515,Cliente 04515,Corporativo,Bogota,Centro,Cundinamarca,No informado,18-25,2023-01-15,Activo
C04516,Cliente 04516,Hogar,Cartagena,Caribe,Bolivar,F,46-55,2023-07-22,Activo
C04517,Cliente 04517,Gobierno,Manizales,Eje Cafetero,Caldas,No informado,18-25,2019-09-03,Activo
C04518,Cliente 04518,Educacion,Cali,Occidente,Valle del Cauca,F,18-25,2024-06-14,Activo
C04519,Cliente 04519,Hogar,Manizales,Eje Cafetero,Caldas,No informado,18-25,2019-08-07,Activo
C04520,Cliente 04520,Gobierno,Cali,Occidente,Valle del Cauca,No informado,26-35,2023-06-27,Activo
C04521,Cliente 04521,Pyme,Bucaramanga,Oriente,Santander,M,56+,2023-03-26,Activo
C04522,Cliente 04522,Gobierno,Bogota,Centro,Cundinamarca,M,18-25,2026-01-10,Inactivo
C04523,Cliente 04523,Hogar,Bucaramanga,Oriente,Santander,M,18-25,2022-12-26,Activo
C04524,Cliente 04524,Corporativo,Cartagena,Caribe,Bolivar,M,46-55,2024-04-22,Activo
C04525,Cliente 04525,Pyme,Medellin,Antioquia,Antioquia,F,46-55,2020-04-26,Activo
C04526,Cliente 04526,Pyme,Cartagena,Caribe,Bolivar,F,18-25,2024-08-23,Activo
C04527,Cliente 04527,Pyme,Manizales,Eje Cafetero,Caldas,F,56+,2022-06-22,Activo
C04528,Cliente 04528,Educacion,Pereira,Eje Cafetero,Risaralda,No informado,56+,2023-08-07,Activo
C04529,Cliente 04529,Gobierno,Villavicencio,Llanos,Meta,M,26-35,2022-05-13,Activo
C04530,Cliente 04530,Hogar,Barranquilla,Caribe,Atlantico,No informado,18-25,2024-12-20,Activo
C04531,Cliente 04531,Pyme,Santa Marta,Caribe,Magdalena,No informado,26-35,2022-04-24,Activo
C04532,Cliente 04532,Hogar,Medellin,Antioquia,Antioquia,F,36-45,2022-02-09,Activo
C04533,Cliente 04533,Hogar,Manizales,Eje Cafetero,Caldas,M,46-55,2026-02-01,Activo
C04534,Cliente 04534,Hogar,Santa Marta,Caribe,Magdalena,F,26-35,2020-01-01,Activo
C04535,Cliente 04535,Corporativo,Barranquilla,Caribe,Atlantico,F,26-35,2022-06-12,Activo
C04536,Cliente 04536,Pyme,Cali,Occidente,Valle del Cauca,F,18-25,2020-04-30,Activo
C04537,Cliente 04537,Gobierno,Bogota,Centro,Cundinamarca,F,36-45,2024-07-02,Activo
C04538,Cliente 04538,Corporativo,Manizales,Eje Cafetero,Caldas,No informado,36-45,2024-05-30,Inactivo
C04539,Cliente 04539,Hogar,Manizales,Eje Cafetero,Caldas,F,18-25,2021-03-08,Inactivo
C04540,Cliente 04540,Corporativo,Cali,Occidente,Valle del Cauca,M,18-25,2025-04-05,Activo
C04541,Cliente 04541,Pyme,Cali,Occidente,Valle del Cauca,F,26-35,2022-06-19,Activo
C04542,Cliente 04542,Corporativo,Pasto,Sur,Narino,No informado,26-35,2019-05-29,Activo
C04543,Cliente 04543,Gobierno,Bucaramanga,Oriente,Santander,No informado,36-45,2020-11-28,Activo
C04544,Cliente 04544,Gobierno,Bogota,Centro,Cundinamarca,No informado,26-35,2020-04-28,Activo
C04545,Cliente 04545,Gobierno,Manizales,Eje Cafetero,Caldas,M,18-25,2023-12-02,Activo
C04546,Cliente 04546,Hogar,Santa Marta,Caribe,Magdalena,No informado,26-35,2023-06-10,Activo
C04547,Cliente 04547,Pyme,Cali,Occidente,Valle del Cauca,M,18-25,2023-09-24,Activo
C04548,Cliente 04548,Educacion,Medellin,Antioquia,Antioquia,No informado,56+,2020-02-25,Activo
C04549,Cliente 04549,Hogar,Villavicencio,Llanos,Meta,F,46-55,2019-04-21,Activo
C04550,Cliente 04550,Gobierno,Barranquilla,Caribe,Atlantico,No informado,26-35,2024-11-02,Activo
C04551,Cliente 04551,Educacion,Santa Marta,Caribe,Magdalena,F,46-55,2019-08-26,Activo
C04552,Cliente 04552,Educacion,Pasto,Sur,Narino,No informado,36-45,2023-07-26,Activo
C04553,Cliente 04553,Hogar,Bucaramanga,Oriente,Santander,M,36-45,2019-06-24,Activo
C04554,Cliente 04554,Educacion,Cali,Occidente,Valle del Cauca,F,46-55,2019-07-01,Activo
C04555,Cliente 04555,Educacion,Bogota,Centro,Cundinamarca,No informado,46-55,2024-06-12,Activo
C04556,Cliente 04556,Educacion,Ibague,Centro,Tolima,No informado,18-25,2025-07-26,Activo
C04557,Cliente 04557,Gobierno,Medellin,Antioquia,Antioquia,No informado,56+,2020-04-19,Activo
C04558,Cliente 04558,Hogar,Barranquilla,Caribe,Atlantico,No informado,56+,2020-05-08,Activo
C04559,Cliente 04559,Pyme,Medellin,Antioquia,Antioquia,No informado,26-35,2019-05-31,Activo
C04560,Cliente 04560,Gobierno,Santa Marta,Caribe,Magdalena,F,18-25,2024-04-19,Activo
C04561,Cliente 04561,Hogar,Ibague,Centro,Tolima,M,18-25,2024-01-27,Activo
C04562,Cliente 04562,Pyme,Villavicencio,Llanos,Meta,No informado,36-45,2022-09-26,Activo
C04563,Cliente 04563,Gobierno,Medellin,Antioquia,Antioquia,No informado,46-55,2022-09-10,Activo
C04564,Cliente 04564,Educacion,Pereira,Eje Cafetero,Risaralda,M,46-55,2023-05-06,Activo
C04565,Cliente 04565,Educacion,Santa Marta,Caribe,Magdalena,F,26-35,2023-06-05,Activo
C04566,Cliente 04566,Educacion,Bucaramanga,Oriente,Santander,M,36-45,2025-08-14,Activo
C04567,Cliente 04567,Educacion,Bucaramanga,Oriente,Santander,No informado,36-45,2025-07-14,Activo
C04568,Cliente 04568,Educacion,Cali,Occidente,Valle del Cauca,M,18-25,2019-03-14,Activo
C04569,Cliente 04569,Pyme,Pereira,Eje Cafetero,Risaralda,F,56+,2023-03-17,Activo
C04570,Cliente 04570,Educacion,Ibague,Centro,Tolima,No informado,26-35,2023-08-03,Inactivo
C04571,Cliente 04571,Educacion,Cartagena,Caribe,Bolivar,M,26-35,2021-05-19,Activo
C04572,Cliente 04572,Gobierno,Santa Marta,Caribe,Magdalena,M,36-45,2020-12-31,Activo
C04573,Cliente 04573,Educacion,Ibague,Centro,Tolima,No informado,56+,2021-01-03,Activo
C04574,Cliente 04574,Pyme,Barranquilla,Caribe,Atlantico,F,46-55,2019-04-15,Activo
C04575,Cliente 04575,Hogar,Manizales,Eje Cafetero,Caldas,F,56+,2022-06-18,Activo
C04576,Cliente 04576,Gobierno,Pereira,Eje Cafetero,Risaralda,M,18-25,2023-04-13,Activo
C04577,Cliente 04577,Hogar,Medellin,Antioquia,Antioquia,F,36-45,2021-04-12,Activo
C04578,Cliente 04578,Pyme,Villavicencio,Llanos,Meta,M,36-45,2024-09-07,Activo
C04579,Cliente 04579,Educacion,Manizales,Eje Cafetero,Caldas,No informado,56+,2024-06-23,Activo
C04580,Cliente 04580,Corporativo,Pasto,Sur,Narino,F,18-25,2023-06-11,Inactivo
C04581,Cliente 04581,Hogar,Bogota,Centro,Cundinamarca,M,56+,2020-04-08,Activo
C04582,Cliente 04582,Educacion,Pasto,Sur,Narino,No informado,46-55,2022-11-03,Activo
C04583,Cliente 04583,Pyme,Santa Marta,Caribe,Magdalena,No informado,18-25,2023-06-02,Activo
C04584,Cliente 04584,Corporativo,Cali,Occidente,Valle del Cauca,M,18-25,2019-07-14,Activo
C04585,Cliente 04585,Hogar,Pereira,Eje Cafetero,Risaralda,F,36-45,2024-05-25,Activo
C04586,Cliente 04586,Gobierno,Medellin,Antioquia,Antioquia,No informado,36-45,2025-09-10,Activo
C04587,Cliente 04587,Pyme,Pasto,Sur,Narino,M,46-55,2021-07-13,Activo
C04588,Cliente 04588,Gobierno,Barranquilla,Caribe,Atlantico,F,46-55,2024-09-27,Activo
C04589,Cliente 04589,Corporativo,Pereira,Eje Cafetero,Risaralda,No informado,56+,2020-10-05,Activo
C04590,Cliente 04590,Pyme,Cartagena,Caribe,Bolivar,M,46-55,2022-01-25,Activo
C04591,Cliente 04591,Gobierno,Villavicencio,Llanos,Meta,F,26-35,2024-04-03,Activo
C04592,Cliente 04592,Educacion,Cartagena,Caribe,Bolivar,No informado,46-55,2019-03-10,Activo
C04593,Cliente 04593,Gobierno,Barranquilla,Caribe,Atlantico,M,46-55,2025-01-24,Inactivo
C04594,Cliente 04594,Corporativo,Pereira,Eje Cafetero,Risaralda,F,18-25,2021-03-14,Inactivo
C04595,Cliente 04595,Educacion,Villavicencio,Llanos,Meta,M,26-35,2020-12-08,Activo
C04596,Cliente 04596,Pyme,Bucaramanga,Oriente,Santander,No informado,36-45,2022-07-20,Activo
C04597,Cliente 04597,Pyme,Medellin,Antioquia,Antioquia,F,18-25,2025-05-03,Activo
C04598,Cliente 04598,Educacion,Medellin,Antioquia,Antioquia,F,18-25,2019-03-22,Activo
C04599,Cliente 04599,Hogar,Barranquilla,Caribe,Atlantico,M,56+,2020-03-18,Activo
C04600,Cliente 04600,Educacion,Pereira,Eje Cafetero,Risaralda,M,36-45,2022-06-27,Activo
C04601,Cliente 04601,Corporativo,Pasto,Sur,Narino,M,26-35,2023-03-12,Inactivo
C04602,Cliente 04602,Gobierno,Bogota,Centro,Cundinamarca,F,56+,2021-07-19,Inactivo
C04603,Cliente 04603,Pyme,Santa Marta,Caribe,Magdalena,F,18-25,2019-02-01,Activo
C04604,Cliente 04604,Hogar,Barranquilla,Caribe,Atlantico,No informado,36-45,2025-04-17,Inactivo
C04605,Cliente 04605,Corporativo,Bucaramanga,Oriente,Santander,F,46-55,2023-07-08,Inactivo
C04606,Cliente 04606,Pyme,Villavicencio,Llanos,Meta,No informado,36-45,2019-01-17,Inactivo
C04607,Cliente 04607,Gobierno,Bogota,Centro,Cundinamarca,M,18-25,2024-02-27,Activo
C04608,Cliente 04608,Corporativo,Pasto,Sur,Narino,M,56+,2020-03-26,Inactivo
C04609,Cliente 04609,Gobierno,Pereira,Eje Cafetero,Risaralda,F,36-45,2019-07-21,Activo
C04610,Cliente 04610,Pyme,Pereira,Eje Cafetero,Risaralda,F,18-25,2021-02-17,Activo
C04611,Cliente 04611,Corporativo,Pasto,Sur,Narino,F,56+,2019-03-02,Activo
C04612,Cliente 04612,Pyme,Barranquilla,Caribe,Atlantico,No informado,36-45,2020-06-01,Activo
C04613,Cliente 04613,Educacion,Cali,Occidente,Valle del Cauca,F,36-45,2019-05-09,Activo
C04614,Cliente 04614,Hogar,Cartagena,Caribe,Bolivar,No informado,56+,2024-05-30,Activo
C04615,Cliente 04615,Gobierno,Ibague,Centro,Tolima,No informado,46-55,2019-07-05,Activo
C04616,Cliente 04616,Educacion,Medellin,Antioquia,Antioquia,M,46-55,2024-10-21,Inactivo
C04617,Cliente 04617,Gobierno,Cali,Occidente,Valle del Cauca,M,46-55,2022-01-05,Activo
C04618,Cliente 04618,Corporativo,Villavicencio,Llanos,Meta,No informado,46-55,2020-04-30,Activo
C04619,Cliente 04619,Hogar,Pasto,Sur,Narino,M,36-45,2024-05-03,Activo
C04620,Cliente 04620,Pyme,Medellin,Antioquia,Antioquia,M,46-55,2022-01-27,Activo
C04621,Cliente 04621,Corporativo,Manizales,Eje Cafetero,Caldas,No informado,56+,2019-04-26,Activo
C04622,Cliente 04622,Corporativo,Bucaramanga,Oriente,Santander,M,46-55,2021-09-17,Activo
C04623,Cliente 04623,Gobierno,Santa Marta,Caribe,Magdalena,F,36-45,2021-05-21,Activo
C04624,Cliente 04624,Educacion,Bogota,Centro,Cundinamarca,M,18-25,2024-12-04,Activo
C04625,Cliente 04625,Educacion,Medellin,Antioquia,Antioquia,M,26-35,2020-12-25,Activo
C04626,Cliente 04626,Hogar,Santa Marta,Caribe,Magdalena,F,18-25,2023-03-08,Activo
C04627,Cliente 04627,Pyme,Medellin,Antioquia,Antioquia,No informado,46-55,2019-09-17,Activo
C04628,Cliente 04628,Corporativo,Cartagena,Caribe,Bolivar,F,36-45,2020-01-17,Activo
C04629,Cliente 04629,Corporativo,Cali,Occidente,Valle del Cauca,No informado,26-35,2023-12-21,Activo
C04630,Cliente 04630,Pyme,Manizales,Eje Cafetero,Caldas,F,46-55,2022-03-03,Activo
C04631,Cliente 04631,Corporativo,Medellin,Antioquia,Antioquia,F,56+,2022-08-24,Activo
C04632,Cliente 04632,Educacion,Bucaramanga,Oriente,Santander,No informado,46-55,2026-02-06,Inactivo
C04633,Cliente 04633,Corporativo,Villavicencio,Llanos,Meta,F,56+,2019-11-23,Activo
C04634,Cliente 04634,Corporativo,Cartagena,Caribe,Bolivar,No informado,56+,2019-03-30,Activo
C04635,Cliente 04635,Educacion,Cali,Occidente,Valle del Cauca,No informado,26-35,2025-07-25,Activo
C04636,Cliente 04636,Gobierno,Villavicencio,Llanos,Meta,No informado,36-45,2025-09-01,Activo
C04637,Cliente 04637,Corporativo,Pereira,Eje Cafetero,Risaralda,M,36-45,2025-03-30,Activo
C04638,Cliente 04638,Corporativo,Bucaramanga,Oriente,Santander,No informado,26-35,2025-08-01,Activo
C04639,Cliente 04639,Hogar,Pasto,Sur,Narino,No informado,18-25,2023-08-04,Activo
C04640,Cliente 04640,Educacion,Pereira,Eje Cafetero,Risaralda,No informado,36-45,2021-06-19,Activo
C04641,Cliente 04641,Educacion,Barranquilla,Caribe,Atlantico,No informado,26-35,2021-06-08,Activo
C04642,Cliente 04642,Gobierno,Villavicencio,Llanos,Meta,F,36-45,2022-01-03,Activo
C04643,Cliente 04643,Corporativo,Bogota,Centro,Cundinamarca,M,56+,2021-12-10,Activo
C04644,Cliente 04644,Pyme,Santa Marta,Caribe,Magdalena,F,36-45,2024-01-27,Activo
C04645,Cliente 04645,Hogar,Bogota,Centro,Cundinamarca,F,56+,2020-04-19,Activo
C04646,Cliente 04646,Gobierno,Cartagena,Caribe,Bolivar,No informado,46-55,2019-11-20,Inactivo
C04647,Cliente 04647,Gobierno,Bucaramanga,Oriente,Santander,No informado,56+,2022-03-24,Activo
C04648,Cliente 04648,Educacion,Villavicencio,Llanos,Meta,No informado,18-25,2020-01-30,Activo
C04649,Cliente 04649,Educacion,Santa Marta,Caribe,Magdalena,M,36-45,2022-03-11,Activo
C04650,Cliente 04650,Corporativo,Medellin,Antioquia,Antioquia,F,56+,2024-05-31,Inactivo
C04651,Cliente 04651,Corporativo,Santa Marta,Caribe,Magdalena,F,46-55,2020-05-15,Activo
C04652,Cliente 04652,Educacion,Manizales,Eje Cafetero,Caldas,F,46-55,2023-11-26,Activo
C04653,Cliente 04653,Hogar,Villavicencio,Llanos,Meta,No informado,56+,2024-04-06,Activo
C04654,Cliente 04654,Gobierno,Santa Marta,Caribe,Magdalena,No informado,46-55,2021-10-28,Activo
C04655,Cliente 04655,Educacion,Bogota,Centro,Cundinamarca,No informado,18-25,2024-12-01,Activo
C04656,Cliente 04656,Hogar,Pasto,Sur,Narino,M,18-25,2024-08-08,Activo
C04657,Cliente 04657,Gobierno,Bucaramanga,Oriente,Santander,M,46-55,2021-07-16,Activo
C04658,Cliente 04658,Pyme,Villavicencio,Llanos,Meta,No informado,26-35,2022-11-19,Activo
C04659,Cliente 04659,Corporativo,Bucaramanga,Oriente,Santander,No informado,56+,2023-08-28,Activo
C04660,Cliente 04660,Educacion,Bucaramanga,Oriente,Santander,M,46-55,2023-11-16,Activo
C04661,Cliente 04661,Hogar,Medellin,Antioquia,Antioquia,No informado,56+,2019-12-25,Inactivo
C04662,Cliente 04662,Educacion,Ibague,Centro,Tolima,F,18-25,2024-02-04,Activo
C04663,Cliente 04663,Gobierno,Bogota,Centro,Cundinamarca,No informado,18-25,2021-05-07,Activo
C04664,Cliente 04664,Educacion,Pereira,Eje Cafetero,Risaralda,F,46-55,2020-01-01,Activo
C04665,Cliente 04665,Educacion,Manizales,Eje Cafetero,Caldas,No informado,26-35,2022-07-20,Activo
C04666,Cliente 04666,Educacion,Cartagena,Caribe,Bolivar,F,56+,2025-12-28,Inactivo
C04667,Cliente 04667,Gobierno,Bucaramanga,Oriente,Santander,M,46-55,2021-10-24,Activo
C04668,Cliente 04668,Corporativo,Cartagena,Caribe,Bolivar,M,46-55,2023-06-03,Activo
C04669,Cliente 04669,Educacion,Cali,Occidente,Valle del Cauca,M,26-35,2025-07-23,Activo
C04670,Cliente 04670,Corporativo,Cartagena,Caribe,Bolivar,M,26-35,2021-11-20,Activo
C04671,Cliente 04671,Gobierno,Bogota,Centro,Cundinamarca,M,56+,2025-06-25,Activo
C04672,Cliente 04672,Pyme,Villavicencio,Llanos,Meta,F,18-25,2022-09-28,Inactivo
C04673,Cliente 04673,Corporativo,Villavicencio,Llanos,Meta,M,46-55,2025-05-16,Activo
C04674,Cliente 04674,Educacion,Pereira,Eje Cafetero,Risaralda,No informado,56+,2020-09-27,Activo
C04675,Cliente 04675,Gobierno,Pereira,Eje Cafetero,Risaralda,M,56+,2023-11-17,Activo
C04676,Cliente 04676,Educacion,Cali,Occidente,Valle del Cauca,No informado,56+,2022-03-28,Activo
C04677,Cliente 04677,Pyme,Bucaramanga,Oriente,Santander,No informado,26-35,2023-09-07,Inactivo
C04678,Cliente 04678,Hogar,Manizales,Eje Cafetero,Caldas,No informado,46-55,2022-11-23,Activo
C04679,Cliente 04679,Corporativo,Santa Marta,Caribe,Magdalena,M,18-25,2021-08-26,Activo
C04680,Cliente 04680,Pyme,Villavicencio,Llanos,Meta,F,36-45,2022-01-18,Activo
C04681,Cliente 04681,Gobierno,Pasto,Sur,Narino,M,26-35,2026-01-27,Activo
C04682,Cliente 04682,Educacion,Ibague,Centro,Tolima,No informado,18-25,2020-06-25,Activo
C04683,Cliente 04683,Hogar,Bogota,Centro,Cundinamarca,No informado,36-45,2022-12-10,Activo
C04684,Cliente 04684,Hogar,Cartagena,Caribe,Bolivar,No informado,36-45,2023-08-25,Activo
C04685,Cliente 04685,Educacion,Bogota,Centro,Cundinamarca,M,36-45,2021-08-11,Activo
C04686,Cliente 04686,Corporativo,Villavicencio,Llanos,Meta,M,36-45,2022-10-23,Activo
C04687,Cliente 04687,Hogar,Ibague,Centro,Tolima,No informado,56+,2022-08-02,Activo
C04688,Cliente 04688,Pyme,Cali,Occidente,Valle del Cauca,F,46-55,2025-02-17,Inactivo
C04689,Cliente 04689,Corporativo,Manizales,Eje Cafetero,Caldas,No informado,26-35,2024-02-01,Activo
C04690,Cliente 04690,Educacion,Manizales,Eje Cafetero,Caldas,M,56+,2021-12-05,Activo
C04691,Cliente 04691,Educacion,Pereira,Eje Cafetero,Risaralda,M,26-35,2021-02-19,Activo
C04692,Cliente 04692,Gobierno,Medellin,Antioquia,Antioquia,No informado,36-45,2020-02-28,Activo
C04693,Cliente 04693,Pyme,Villavicencio,Llanos,Meta,F,18-25,2025-09-13,Activo
C04694,Cliente 04694,Gobierno,Manizales,Eje Cafetero,Caldas,No informado,56+,2021-10-27,Activo
C04695,Cliente 04695,Educacion,Cartagena,Caribe,Bolivar,M,26-35,2022-09-12,Activo
C04696,Cliente 04696,Hogar,Ibague,Centro,Tolima,M,56+,2019-03-10,Activo
C04697,Cliente 04697,Corporativo,Pereira,Eje Cafetero,Risaralda,M,46-55,2024-09-28,Activo
C04698,Cliente 04698,Pyme,Villavicencio,Llanos,Meta,M,46-55,2023-03-22,Activo
C04699,Cliente 04699,Educacion,Barranquilla,Caribe,Atlantico,M,36-45,2021-02-24,Activo
C04700,Cliente 04700,Educacion,Medellin,Antioquia,Antioquia,M,18-25,2024-09-07,Activo
C04701,Cliente 04701,Corporativo,Cali,Occidente,Valle del Cauca,No informado,56+,2021-08-04,Activo
C04702,Cliente 04702,Corporativo,Pereira,Eje Cafetero,Risaralda,No informado,18-25,2019-02-08,Activo
C04703,Cliente 04703,Gobierno,Barranquilla,Caribe,Atlantico,No informado,26-35,2023-07-25,Activo
C04704,Cliente 04704,Pyme,Barranquilla,Caribe,Atlantico,No informado,46-55,2020-12-25,Activo
C04705,Cliente 04705,Educacion,Medellin,Antioquia,Antioquia,M,18-25,2022-06-06,Activo
C04706,Cliente 04706,Educacion,Manizales,Eje Cafetero,Caldas,No informado,46-55,2023-05-24,Inactivo
C04707,Cliente 04707,Educacion,Villavicencio,Llanos,Meta,F,46-55,2025-04-29,Activo
C04708,Cliente 04708,Gobierno,Pasto,Sur,Narino,F,18-25,2022-03-27,Activo
C04709,Cliente 04709,Corporativo,Pasto,Sur,Narino,F,56+,2021-12-24,Activo
C04710,Cliente 04710,Gobierno,Villavicencio,Llanos,Meta,M,26-35,2022-09-12,Activo
C04711,Cliente 04711,Educacion,Pereira,Eje Cafetero,Risaralda,F,46-55,2021-09-13,Activo
C04712,Cliente 04712,Hogar,Ibague,Centro,Tolima,F,18-25,2023-06-18,Activo
C04713,Cliente 04713,Corporativo,Villavicencio,Llanos,Meta,M,46-55,2020-06-10,Activo
C04714,Cliente 04714,Corporativo,Villavicencio,Llanos,Meta,No informado,56+,2021-05-12,Activo
C04715,Cliente 04715,Pyme,Medellin,Antioquia,Antioquia,F,18-25,2021-02-26,Activo
C04716,Cliente 04716,Pyme,Medellin,Antioquia,Antioquia,M,46-55,2021-05-22,Activo
C04717,Cliente 04717,Gobierno,Cartagena,Caribe,Bolivar,F,36-45,2020-08-22,Activo
C04718,Cliente 04718,Corporativo,Ibague,Centro,Tolima,M,18-25,2019-09-12,Activo
C04719,Cliente 04719,Educacion,Bucaramanga,Oriente,Santander,No informado,18-25,2022-03-02,Activo
C04720,Cliente 04720,Gobierno,Ibague,Centro,Tolima,No informado,56+,2023-07-04,Activo
C04721,Cliente 04721,Educacion,Barranquilla,Caribe,Atlantico,No informado,46-55,2024-09-03,Activo
C04722,Cliente 04722,Educacion,Manizales,Eje Cafetero,Caldas,F,36-45,2020-10-18,Activo
C04723,Cliente 04723,Hogar,Pasto,Sur,Narino,M,46-55,2025-01-13,Activo
C04724,Cliente 04724,Educacion,Bogota,Centro,Cundinamarca,No informado,36-45,2023-11-15,Activo
C04725,Cliente 04725,Corporativo,Medellin,Antioquia,Antioquia,M,56+,2024-03-18,Activo
C04726,Cliente 04726,Hogar,Santa Marta,Caribe,Magdalena,No informado,18-25,2024-07-30,Activo
C04727,Cliente 04727,Pyme,Pereira,Eje Cafetero,Risaralda,No informado,56+,2026-02-09,Activo
C04728,Cliente 04728,Gobierno,Bogota,Centro,Cundinamarca,M,26-35,2023-04-14,Activo
C04729,Cliente 04729,Pyme,Cartagena,Caribe,Bolivar,M,46-55,2024-07-30,Activo
C04730,Cliente 04730,Pyme,Cali,Occidente,Valle del Cauca,M,46-55,2023-01-23,Activo
C04731,Cliente 04731,Corporativo,Cartagena,Caribe,Bolivar,M,46-55,2023-06-09,Activo
C04732,Cliente 04732,Gobierno,Medellin,Antioquia,Antioquia,No informado,18-25,2020-09-11,Activo
C04733,Cliente 04733,Hogar,Manizales,Eje Cafetero,Caldas,M,46-55,2021-05-11,Inactivo
C04734,Cliente 04734,Hogar,Medellin,Antioquia,Antioquia,F,26-35,2022-03-02,Activo
C04735,Cliente 04735,Gobierno,Santa Marta,Caribe,Magdalena,M,18-25,2021-05-08,Activo
C04736,Cliente 04736,Pyme,Cali,Occidente,Valle del Cauca,No informado,18-25,2024-03-21,Activo
C04737,Cliente 04737,Hogar,Ibague,Centro,Tolima,F,26-35,2020-07-21,Activo
C04738,Cliente 04738,Corporativo,Bogota,Centro,Cundinamarca,M,18-25,2020-02-20,Activo
C04739,Cliente 04739,Educacion,Cali,Occidente,Valle del Cauca,M,46-55,2023-09-28,Inactivo
C04740,Cliente 04740,Gobierno,Cartagena,Caribe,Bolivar,F,36-45,2020-11-30,Activo
C04741,Cliente 04741,Hogar,Manizales,Eje Cafetero,Caldas,F,26-35,2022-07-29,Activo
C04742,Cliente 04742,Gobierno,Bucaramanga,Oriente,Santander,M,36-45,2020-10-14,Activo
C04743,Cliente 04743,Gobierno,Barranquilla,Caribe,Atlantico,M,56+,2025-04-11,Activo
C04744,Cliente 04744,Gobierno,Barranquilla,Caribe,Atlantico,M,26-35,2022-11-23,Activo
C04745,Cliente 04745,Pyme,Bogota,Centro,Cundinamarca,No informado,46-55,2022-02-19,Activo
C04746,Cliente 04746,Gobierno,Santa Marta,Caribe,Magdalena,F,56+,2024-04-23,Activo
C04747,Cliente 04747,Corporativo,Villavicencio,Llanos,Meta,M,46-55,2019-10-15,Activo
C04748,Cliente 04748,Gobierno,Medellin,Antioquia,Antioquia,F,36-45,2024-02-29,Activo
C04749,Cliente 04749,Gobierno,Cartagena,Caribe,Bolivar,No informado,26-35,2021-07-01,Activo
C04750,Cliente 04750,Pyme,Barranquilla,Caribe,Atlantico,No informado,36-45,2023-07-27,Activo
C04751,Cliente 04751,Educacion,Cali,Occidente,Valle del Cauca,F,36-45,2025-09-25,Activo
C04752,Cliente 04752,Hogar,Barranquilla,Caribe,Atlantico,No informado,56+,2020-06-23,Activo
C04753,Cliente 04753,Educacion,Cali,Occidente,Valle del Cauca,M,26-35,2023-04-06,Activo
C04754,Cliente 04754,Hogar,Cali,Occidente,Valle del Cauca,No informado,18-25,2025-08-10,Activo
C04755,Cliente 04755,Pyme,Ibague,Centro,Tolima,No informado,36-45,2024-04-28,Activo
C04756,Cliente 04756,Educacion,Barranquilla,Caribe,Atlantico,No informado,36-45,2022-08-13,Activo
C04757,Cliente 04757,Educacion,Bucaramanga,Oriente,Santander,No informado,18-25,2025-07-08,Activo
C04758,Cliente 04758,Educacion,Cartagena,Caribe,Bolivar,F,18-25,2025-08-10,Activo
C04759,Cliente 04759,Corporativo,Manizales,Eje Cafetero,Caldas,F,36-45,2024-12-01,Activo
C04760,Cliente 04760,Educacion,Bogota,Centro,Cundinamarca,F,46-55,2024-11-27,Activo
C04761,Cliente 04761,Pyme,Santa Marta,Caribe,Magdalena,No informado,18-25,2024-11-20,Activo
C04762,Cliente 04762,Pyme,Manizales,Eje Cafetero,Caldas,F,56+,2021-01-16,Activo
C04763,Cliente 04763,Educacion,Pereira,Eje Cafetero,Risaralda,F,18-25,2022-07-08,Activo
C04764,Cliente 04764,Gobierno,Bucaramanga,Oriente,Santander,M,36-45,2022-12-14,Activo
C04765,Cliente 04765,Hogar,Villavicencio,Llanos,Meta,M,26-35,2021-02-03,Activo
C04766,Cliente 04766,Gobierno,Bogota,Centro,Cundinamarca,M,46-55,2023-02-08,Activo
C04767,Cliente 04767,Pyme,Cartagena,Caribe,Bolivar,M,56+,2022-07-05,Activo
C04768,Cliente 04768,Corporativo,Bucaramanga,Oriente,Santander,M,46-55,2019-10-29,Activo
C04769,Cliente 04769,Gobierno,Barranquilla,Caribe,Atlantico,M,36-45,2021-05-10,Activo
C04770,Cliente 04770,Corporativo,Barranquilla,Caribe,Atlantico,M,26-35,2022-04-21,Activo
C04771,Cliente 04771,Hogar,Pasto,Sur,Narino,F,26-35,2023-11-29,Activo
C04772,Cliente 04772,Corporativo,Bogota,Centro,Cundinamarca,F,18-25,2025-07-19,Activo
C04773,Cliente 04773,Gobierno,Bogota,Centro,Cundinamarca,F,26-35,2025-12-31,Activo
C04774,Cliente 04774,Corporativo,Bucaramanga,Oriente,Santander,M,18-25,2020-11-15,Activo
C04775,Cliente 04775,Educacion,Villavicencio,Llanos,Meta,F,36-45,2023-08-03,Activo
C04776,Cliente 04776,Hogar,Manizales,Eje Cafetero,Caldas,M,36-45,2021-08-04,Activo
C04777,Cliente 04777,Corporativo,Manizales,Eje Cafetero,Caldas,No informado,26-35,2019-03-05,Activo
C04778,Cliente 04778,Pyme,Bucaramanga,Oriente,Santander,No informado,46-55,2024-04-08,Activo
C04779,Cliente 04779,Corporativo,Medellin,Antioquia,Antioquia,F,46-55,2019-01-25,Activo
C04780,Cliente 04780,Gobierno,Medellin,Antioquia,Antioquia,F,36-45,2020-11-19,Activo
C04781,Cliente 04781,Corporativo,Ibague,Centro,Tolima,F,56+,2020-10-19,Activo
C04782,Cliente 04782,Hogar,Pasto,Sur,Narino,No informado,56+,2025-04-07,Activo
C04783,Cliente 04783,Educacion,Cartagena,Caribe,Bolivar,M,36-45,2019-01-25,Activo
C04784,Cliente 04784,Gobierno,Cali,Occidente,Valle del Cauca,No informado,36-45,2022-12-20,Inactivo
C04785,Cliente 04785,Pyme,Cali,Occidente,Valle del Cauca,M,26-35,2020-02-24,Activo
C04786,Cliente 04786,Gobierno,Pereira,Eje Cafetero,Risaralda,F,46-55,2024-12-15,Inactivo
C04787,Cliente 04787,Hogar,Cartagena,Caribe,Bolivar,F,26-35,2020-03-13,Activo
C04788,Cliente 04788,Educacion,Medellin,Antioquia,Antioquia,No informado,56+,2022-01-13,Activo
C04789,Cliente 04789,Corporativo,Ibague,Centro,Tolima,M,18-25,2022-03-07,Activo
C04790,Cliente 04790,Hogar,Bucaramanga,Oriente,Santander,No informado,56+,2023-03-28,Activo
C04791,Cliente 04791,Corporativo,Cartagena,Caribe,Bolivar,F,18-25,2020-06-09,Activo
C04792,Cliente 04792,Hogar,Villavicencio,Llanos,Meta,F,18-25,2023-01-17,Activo
C04793,Cliente 04793,Corporativo,Pasto,Sur,Narino,M,26-35,2026-01-15,Activo
C04794,Cliente 04794,Educacion,Cali,Occidente,Valle del Cauca,F,18-25,2023-01-25,Activo
C04795,Cliente 04795,Hogar,Villavicencio,Llanos,Meta,M,36-45,2025-08-30,Activo
C04796,Cliente 04796,Pyme,Pereira,Eje Cafetero,Risaralda,No informado,46-55,2025-06-25,Activo
C04797,Cliente 04797,Corporativo,Cartagena,Caribe,Bolivar,M,18-25,2023-09-03,Activo
C04798,Cliente 04798,Corporativo,Cali,Occidente,Valle del Cauca,M,46-55,2021-01-12,Activo
C04799,Cliente 04799,Corporativo,Barranquilla,Caribe,Atlantico,F,56+,2020-04-08,Activo
C04800,Cliente 04800,Corporativo,Bogota,Centro,Cundinamarca,F,18-25,2022-11-05,Activo
C04801,Cliente 04801,Gobierno,Bogota,Centro,Cundinamarca,No informado,26-35,2023-05-09,Activo
C04802,Cliente 04802,Pyme,Bogota,Centro,Cundinamarca,M,18-25,2022-06-02,Activo
C04803,Cliente 04803,Educacion,Cartagena,Caribe,Bolivar,M,18-25,2024-11-22,Activo
C04804,Cliente 04804,Pyme,Bucaramanga,Oriente,Santander,F,18-25,2025-04-24,Activo
C04805,Cliente 04805,Corporativo,Manizales,Eje Cafetero,Caldas,No informado,36-45,2023-08-06,Activo
C04806,Cliente 04806,Corporativo,Manizales,Eje Cafetero,Caldas,M,36-45,2019-12-29,Activo
C04807,Cliente 04807,Hogar,Cali,Occidente,Valle del Cauca,No informado,26-35,2025-10-16,Activo
C04808,Cliente 04808,Corporativo,Manizales,Eje Cafetero,Caldas,M,56+,2019-05-29,Inactivo
C04809,Cliente 04809,Hogar,Villavicencio,Llanos,Meta,F,18-25,2021-07-24,Activo
C04810,Cliente 04810,Gobierno,Bucaramanga,Oriente,Santander,F,36-45,2024-09-06,Activo
C04811,Cliente 04811,Educacion,Cali,Occidente,Valle del Cauca,No informado,18-25,2025-09-17,Activo
C04812,Cliente 04812,Pyme,Ibague,Centro,Tolima,M,18-25,2019-03-20,Activo
C04813,Cliente 04813,Educacion,Bogota,Centro,Cundinamarca,F,56+,2021-02-04,Activo
C04814,Cliente 04814,Educacion,Bucaramanga,Oriente,Santander,M,36-45,2023-11-20,Activo
C04815,Cliente 04815,Hogar,Bucaramanga,Oriente,Santander,F,56+,2020-02-03,Activo
C04816,Cliente 04816,Corporativo,Pereira,Eje Cafetero,Risaralda,No informado,26-35,2022-03-12,Activo
C04817,Cliente 04817,Hogar,Pereira,Eje Cafetero,Risaralda,No informado,26-35,2022-05-12,Activo
C04818,Cliente 04818,Corporativo,Medellin,Antioquia,Antioquia,No informado,46-55,2019-04-19,Activo
C04819,Cliente 04819,Hogar,Cartagena,Caribe,Bolivar,M,26-35,2020-08-27,Activo
C04820,Cliente 04820,Hogar,Ibague,Centro,Tolima,M,18-25,2023-09-04,Activo
C04821,Cliente 04821,Pyme,Villavicencio,Llanos,Meta,F,18-25,2023-09-27,Activo
C04822,Cliente 04822,Pyme,Pereira,Eje Cafetero,Risaralda,M,46-55,2023-01-11,Inactivo
C04823,Cliente 04823,Hogar,Bogota,Centro,Cundinamarca,No informado,46-55,2020-06-19,Activo
C04824,Cliente 04824,Hogar,Ibague,Centro,Tolima,F,36-45,2022-04-13,Activo
C04825,Cliente 04825,Pyme,Pereira,Eje Cafetero,Risaralda,No informado,46-55,2020-07-25,Activo
C04826,Cliente 04826,Educacion,Ibague,Centro,Tolima,F,36-45,2025-04-22,Inactivo
C04827,Cliente 04827,Hogar,Villavicencio,Llanos,Meta,M,18-25,2023-10-28,Activo
C04828,Cliente 04828,Pyme,Barranquilla,Caribe,Atlantico,F,56+,2022-11-16,Activo
C04829,Cliente 04829,Corporativo,Bucaramanga,Oriente,Santander,F,36-45,2019-03-19,Activo
C04830,Cliente 04830,Corporativo,Cali,Occidente,Valle del Cauca,F,26-35,2021-07-10,Inactivo
C04831,Cliente 04831,Pyme,Cali,Occidente,Valle del Cauca,F,26-35,2021-02-10,Activo
C04832,Cliente 04832,Corporativo,Bogota,Centro,Cundinamarca,F,46-55,2023-08-25,Activo
C04833,Cliente 04833,Corporativo,Bogota,Centro,Cundinamarca,No informado,56+,2019-04-09,Activo
C04834,Cliente 04834,Gobierno,Pasto,Sur,Narino,M,26-35,2023-04-22,Activo
C04835,Cliente 04835,Corporativo,Cartagena,Caribe,Bolivar,F,56+,2019-03-09,Activo
C04836,Cliente 04836,Corporativo,Medellin,Antioquia,Antioquia,No informado,46-55,2022-09-10,Activo
C04837,Cliente 04837,Pyme,Manizales,Eje Cafetero,Caldas,M,18-25,2024-06-20,Activo
C04838,Cliente 04838,Educacion,Villavicencio,Llanos,Meta,F,46-55,2022-11-14,Activo
C04839,Cliente 04839,Hogar,Santa Marta,Caribe,Magdalena,No informado,36-45,2023-10-10,Activo
C04840,Cliente 04840,Educacion,Ibague,Centro,Tolima,No informado,26-35,2019-03-30,Activo
C04841,Cliente 04841,Pyme,Pereira,Eje Cafetero,Risaralda,M,36-45,2023-05-20,Activo
C04842,Cliente 04842,Pyme,Cartagena,Caribe,Bolivar,No informado,46-55,2023-07-16,Activo
C04843,Cliente 04843,Hogar,Bucaramanga,Oriente,Santander,M,18-25,2025-09-03,Activo
C04844,Cliente 04844,Corporativo,Manizales,Eje Cafetero,Caldas,No informado,18-25,2024-03-10,Activo
C04845,Cliente 04845,Corporativo,Cali,Occidente,Valle del Cauca,F,46-55,2023-11-20,Activo
C04846,Cliente 04846,Corporativo,Pereira,Eje Cafetero,Risaralda,No informado,56+,2021-12-28,Inactivo
C04847,Cliente 04847,Hogar,Ibague,Centro,Tolima,F,18-25,2022-11-06,Activo
C04848,Cliente 04848,Educacion,Bogota,Centro,Cundinamarca,No informado,36-45,2025-08-13,Inactivo
C04849,Cliente 04849,Hogar,Manizales,Eje Cafetero,Caldas,F,46-55,2019-07-18,Activo
C04850,Cliente 04850,Gobierno,Bogota,Centro,Cundinamarca,F,36-45,2022-04-14,Activo
C04851,Cliente 04851,Educacion,Ibague,Centro,Tolima,No informado,26-35,2021-09-27,Activo
C04852,Cliente 04852,Educacion,Cali,Occidente,Valle del Cauca,No informado,46-55,2019-08-01,Inactivo
C04853,Cliente 04853,Corporativo,Pereira,Eje Cafetero,Risaralda,No informado,36-45,2020-10-27,Activo
C04854,Cliente 04854,Gobierno,Bogota,Centro,Cundinamarca,F,46-55,2025-02-20,Activo
C04855,Cliente 04855,Pyme,Ibague,Centro,Tolima,F,18-25,2022-11-23,Activo
C04856,Cliente 04856,Educacion,Villavicencio,Llanos,Meta,M,18-25,2020-03-08,Activo
C04857,Cliente 04857,Hogar,Barranquilla,Caribe,Atlantico,F,18-25,2023-12-08,Activo
C04858,Cliente 04858,Hogar,Ibague,Centro,Tolima,M,46-55,2025-01-29,Activo
C04859,Cliente 04859,Gobierno,Medellin,Antioquia,Antioquia,No informado,56+,2024-02-06,Activo
C04860,Cliente 04860,Educacion,Medellin,Antioquia,Antioquia,M,46-55,2023-10-31,Activo
C04861,Cliente 04861,Gobierno,Ibague,Centro,Tolima,M,18-25,2021-09-30,Inactivo
C04862,Cliente 04862,Hogar,Ibague,Centro,Tolima,M,46-55,2020-07-25,Activo
C04863,Cliente 04863,Pyme,Ibague,Centro,Tolima,F,26-35,2023-01-14,Activo
C04864,Cliente 04864,Educacion,Cali,Occidente,Valle del Cauca,No informado,36-45,2023-10-12,Activo
C04865,Cliente 04865,Educacion,Villavicencio,Llanos,Meta,No informado,46-55,2026-01-15,Activo
C04866,Cliente 04866,Pyme,Ibague,Centro,Tolima,M,26-35,2022-06-06,Activo
C04867,Cliente 04867,Pyme,Cali,Occidente,Valle del Cauca,F,56+,2023-01-30,Activo
C04868,Cliente 04868,Pyme,Bogota,Centro,Cundinamarca,M,36-45,2019-09-29,Activo
C04869,Cliente 04869,Pyme,Manizales,Eje Cafetero,Caldas,No informado,46-55,2025-04-13,Inactivo
C04870,Cliente 04870,Educacion,Santa Marta,Caribe,Magdalena,F,56+,2025-07-14,Activo
C04871,Cliente 04871,Pyme,Ibague,Centro,Tolima,F,18-25,2020-10-19,Activo
C04872,Cliente 04872,Hogar,Villavicencio,Llanos,Meta,M,26-35,2024-02-29,Activo
C04873,Cliente 04873,Corporativo,Pereira,Eje Cafetero,Risaralda,F,56+,2022-08-22,Activo
C04874,Cliente 04874,Corporativo,Cartagena,Caribe,Bolivar,M,46-55,2022-03-07,Activo
C04875,Cliente 04875,Gobierno,Medellin,Antioquia,Antioquia,F,46-55,2022-10-06,Activo
C04876,Cliente 04876,Educacion,Pereira,Eje Cafetero,Risaralda,M,46-55,2025-06-22,Activo
C04877,Cliente 04877,Hogar,Cali,Occidente,Valle del Cauca,F,36-45,2023-03-28,Activo
C04878,Cliente 04878,Pyme,Manizales,Eje Cafetero,Caldas,M,46-55,2022-12-22,Activo
C04879,Cliente 04879,Hogar,Barranquilla,Caribe,Atlantico,No informado,36-45,2024-12-27,Activo
C04880,Cliente 04880,Hogar,Ibague,Centro,Tolima,M,36-45,2024-05-16,Activo
C04881,Cliente 04881,Hogar,Manizales,Eje Cafetero,Caldas,No informado,26-35,2022-09-27,Activo
C04882,Cliente 04882,Gobierno,Pereira,Eje Cafetero,Risaralda,F,26-35,2022-05-02,Activo
C04883,Cliente 04883,Educacion,Villavicencio,Llanos,Meta,No informado,18-25,2025-08-12,Activo
C04884,Cliente 04884,Gobierno,Cartagena,Caribe,Bolivar,M,26-35,2025-03-18,Activo
C04885,Cliente 04885,Gobierno,Ibague,Centro,Tolima,M,26-35,2019-03-02,Activo
C04886,Cliente 04886,Corporativo,Pasto,Sur,Narino,No informado,46-55,2025-12-31,Activo
C04887,Cliente 04887,Hogar,Villavicencio,Llanos,Meta,F,36-45,2023-03-31,Activo
C04888,Cliente 04888,Corporativo,Santa Marta,Caribe,Magdalena,M,26-35,2025-03-07,Activo
C04889,Cliente 04889,Gobierno,Manizales,Eje Cafetero,Caldas,F,46-55,2022-02-11,Activo
C04890,Cliente 04890,Hogar,Ibague,Centro,Tolima,F,18-25,2024-10-23,Activo
C04891,Cliente 04891,Corporativo,Barranquilla,Caribe,Atlantico,No informado,18-25,2023-08-11,Activo
C04892,Cliente 04892,Pyme,Medellin,Antioquia,Antioquia,M,46-55,2021-08-10,Activo
C04893,Cliente 04893,Gobierno,Manizales,Eje Cafetero,Caldas,No informado,46-55,2020-03-12,Activo
C04894,Cliente 04894,Gobierno,Barranquilla,Caribe,Atlantico,F,26-35,2025-06-04,Activo
C04895,Cliente 04895,Corporativo,Bucaramanga,Oriente,Santander,M,36-45,2020-09-06,Activo
C04896,Cliente 04896,Gobierno,Manizales,Eje Cafetero,Caldas,No informado,56+,2024-06-23,Activo
C04897,Cliente 04897,Pyme,Cali,Occidente,Valle del Cauca,No informado,46-55,2024-08-05,Activo
C04898,Cliente 04898,Hogar,Ibague,Centro,Tolima,M,36-45,2019-03-11,Activo
C04899,Cliente 04899,Gobierno,Medellin,Antioquia,Antioquia,M,36-45,2019-06-05,Activo
C04900,Cliente 04900,Pyme,Medellin,Antioquia,Antioquia,No informado,18-25,2021-02-05,Activo
C04901,Cliente 04901,Pyme,Pasto,Sur,Narino,F,36-45,2022-11-19,Activo
C04902,Cliente 04902,Hogar,Pereira,Eje Cafetero,Risaralda,M,26-35,2019-08-03,Activo
C04903,Cliente 04903,Pyme,Ibague,Centro,Tolima,No informado,36-45,2019-03-29,Activo
C04904,Cliente 04904,Educacion,Pereira,Eje Cafetero,Risaralda,No informado,18-25,2022-02-05,Activo
C04905,Cliente 04905,Hogar,Bucaramanga,Oriente,Santander,M,18-25,2024-05-23,Activo
C04906,Cliente 04906,Pyme,Pereira,Eje Cafetero,Risaralda,No informado,56+,2021-05-12,Activo
C04907,Cliente 04907,Hogar,Ibague,Centro,Tolima,M,26-35,2021-08-01,Activo
C04908,Cliente 04908,Gobierno,Bogota,Centro,Cundinamarca,M,26-35,2019-06-17,Activo
C04909,Cliente 04909,Hogar,Medellin,Antioquia,Antioquia,F,18-25,2024-12-07,Activo
C04910,Cliente 04910,Hogar,Cartagena,Caribe,Bolivar,F,46-55,2025-01-20,Activo
C04911,Cliente 04911,Hogar,Pasto,Sur,Narino,No informado,18-25,2024-02-09,Activo
C04912,Cliente 04912,Pyme,Bucaramanga,Oriente,Santander,No informado,56+,2024-09-14,Activo
C04913,Cliente 04913,Educacion,Medellin,Antioquia,Antioquia,F,36-45,2019-02-28,Activo
C04914,Cliente 04914,Pyme,Medellin,Antioquia,Antioquia,M,46-55,2019-04-19,Activo
C04915,Cliente 04915,Pyme,Bucaramanga,Oriente,Santander,No informado,26-35,2021-12-12,Activo
C04916,Cliente 04916,Gobierno,Cartagena,Caribe,Bolivar,M,36-45,2023-09-06,Activo
C04917,Cliente 04917,Gobierno,Pasto,Sur,Narino,M,56+,2021-12-11,Activo
C04918,Cliente 04918,Pyme,Cartagena,Caribe,Bolivar,F,26-35,2021-03-11,Activo
C04919,Cliente 04919,Educacion,Cali,Occidente,Valle del Cauca,M,18-25,2024-10-28,Activo
C04920,Cliente 04920,Pyme,Bogota,Centro,Cundinamarca,No informado,36-45,2019-03-17,Activo
C04921,Cliente 04921,Corporativo,Santa Marta,Caribe,Magdalena,No informado,36-45,2023-10-14,Activo
C04922,Cliente 04922,Corporativo,Pereira,Eje Cafetero,Risaralda,No informado,56+,2021-12-17,Activo
C04923,Cliente 04923,Gobierno,Pereira,Eje Cafetero,Risaralda,F,36-45,2025-07-19,Inactivo
C04924,Cliente 04924,Gobierno,Pasto,Sur,Narino,F,36-45,2024-08-02,Activo
C04925,Cliente 04925,Pyme,Manizales,Eje Cafetero,Caldas,F,18-25,2019-02-10,Activo
C04926,Cliente 04926,Gobierno,Pasto,Sur,Narino,F,46-55,2021-01-21,Activo
C04927,Cliente 04927,Pyme,Barranquilla,Caribe,Atlantico,No informado,26-35,2020-09-07,Activo
C04928,Cliente 04928,Hogar,Barranquilla,Caribe,Atlantico,No informado,36-45,2024-10-27,Activo
C04929,Cliente 04929,Gobierno,Bogota,Centro,Cundinamarca,M,18-25,2021-03-09,Activo
C04930,Cliente 04930,Gobierno,Cartagena,Caribe,Bolivar,M,46-55,2019-12-18,Activo
C04931,Cliente 04931,Corporativo,Cali,Occidente,Valle del Cauca,M,46-55,2020-10-24,Activo
C04932,Cliente 04932,Pyme,Bucaramanga,Oriente,Santander,M,18-25,2024-01-08,Activo
C04933,Cliente 04933,Educacion,Bucaramanga,Oriente,Santander,M,36-45,2023-05-23,Activo
C04934,Cliente 04934,Educacion,Bucaramanga,Oriente,Santander,M,26-35,2019-02-09,Activo
C04935,Cliente 04935,Hogar,Bucaramanga,Oriente,Santander,F,46-55,2022-04-28,Activo
C04936,Cliente 04936,Gobierno,Villavicencio,Llanos,Meta,M,46-55,2025-09-28,Activo
C04937,Cliente 04937,Pyme,Pasto,Sur,Narino,M,56+,2023-06-03,Activo
C04938,Cliente 04938,Pyme,Cali,Occidente,Valle del Cauca,No informado,18-25,2020-06-30,Activo
C04939,Cliente 04939,Educacion,Ibague,Centro,Tolima,No informado,18-25,2024-06-05,Activo
C04940,Cliente 04940,Pyme,Ibague,Centro,Tolima,F,56+,2021-04-04,Inactivo
C04941,Cliente 04941,Pyme,Medellin,Antioquia,Antioquia,M,18-25,2022-01-27,Activo
C04942,Cliente 04942,Gobierno,Santa Marta,Caribe,Magdalena,M,18-25,2019-06-02,Activo
C04943,Cliente 04943,Hogar,Pasto,Sur,Narino,No informado,36-45,2019-09-04,Activo
C04944,Cliente 04944,Educacion,Pasto,Sur,Narino,No informado,26-35,2025-09-05,Activo
C04945,Cliente 04945,Pyme,Barranquilla,Caribe,Atlantico,M,36-45,2020-08-11,Inactivo
C04946,Cliente 04946,Corporativo,Ibague,Centro,Tolima,F,18-25,2022-09-01,Activo
C04947,Cliente 04947,Pyme,Bucaramanga,Oriente,Santander,No informado,36-45,2024-01-03,Activo
C04948,Cliente 04948,Pyme,Santa Marta,Caribe,Magdalena,No informado,56+,2019-12-15,Activo
C04949,Cliente 04949,Pyme,Pereira,Eje Cafetero,Risaralda,F,36-45,2025-09-22,Activo
C04950,Cliente 04950,Pyme,Pereira,Eje Cafetero,Risaralda,F,18-25,2024-09-28,Inactivo
C04951,Cliente 04951,Educacion,Ibague,Centro,Tolima,M,26-35,2024-01-18,Activo
C04952,Cliente 04952,Pyme,Medellin,Antioquia,Antioquia,F,18-25,2024-12-10,Activo
C04953,Cliente 04953,Corporativo,Cartagena,Caribe,Bolivar,F,26-35,2020-11-26,Inactivo
C04954,Cliente 04954,Gobierno,Barranquilla,Caribe,Atlantico,F,46-55,2019-12-09,Activo
C04955,Cliente 04955,Hogar,Medellin,Antioquia,Antioquia,F,56+,2021-03-09,Activo
C04956,Cliente 04956,Pyme,Cartagena,Caribe,Bolivar,No informado,36-45,2025-12-20,Activo
C04957,Cliente 04957,Hogar,Pasto,Sur,Narino,No informado,26-35,2026-01-10,Activo
C04958,Cliente 04958,Educacion,Villavicencio,Llanos,Meta,No informado,18-25,2024-05-30,Activo
C04959,Cliente 04959,Corporativo,Ibague,Centro,Tolima,M,36-45,2024-03-19,Activo
C04960,Cliente 04960,Pyme,Manizales,Eje Cafetero,Caldas,M,18-25,2021-08-10,Activo
C04961,Cliente 04961,Pyme,Bucaramanga,Oriente,Santander,M,46-55,2023-02-04,Activo
C04962,Cliente 04962,Corporativo,Pereira,Eje Cafetero,Risaralda,F,36-45,2023-02-02,Inactivo
C04963,Cliente 04963,Educacion,Pereira,Eje Cafetero,Risaralda,No informado,56+,2025-07-01,Activo
C04964,Cliente 04964,Gobierno,Cali,Occidente,Valle del Cauca,M,26-35,2020-09-30,Inactivo
C04965,Cliente 04965,Corporativo,Barranquilla,Caribe,Atlantico,No informado,36-45,2021-01-18,Activo
C04966,Cliente 04966,Gobierno,Ibague,Centro,Tolima,M,26-35,2025-01-08,Activo
C04967,Cliente 04967,Gobierno,Manizales,Eje Cafetero,Caldas,F,26-35,2024-05-13,Activo
C04968,Cliente 04968,Hogar,Bucaramanga,Oriente,Santander,F,56+,2026-02-11,Activo
C04969,Cliente 04969,Gobierno,Manizales,Eje Cafetero,Caldas,No informado,36-45,2025-10-02,Inactivo
C04970,Cliente 04970,Hogar,Bogota,Centro,Cundinamarca,M,46-55,2025-07-14,Activo
C04971,Cliente 04971,Corporativo,Santa Marta,Caribe,Magdalena,M,18-25,2026-01-04,Activo
C04972,Cliente 04972,Gobierno,Ibague,Centro,Tolima,F,18-25,2024-12-09,Activo
C04973,Cliente 04973,Educacion,Pasto,Sur,Narino,No informado,56+,2020-09-18,Activo
C04974,Cliente 04974,Corporativo,Cali,Occidente,Valle del Cauca,F,46-55,2020-05-29,Activo
C04975,Cliente 04975,Corporativo,Ibague,Centro,Tolima,M,56+,2022-05-10,Activo
C04976,Cliente 04976,Pyme,Bucaramanga,Oriente,Santander,F,26-35,2020-09-16,Activo
C04977,Cliente 04977,Educacion,Bogota,Centro,Cundinamarca,M,26-35,2024-04-18,Activo
C04978,Cliente 04978,Educacion,Cartagena,Caribe,Bolivar,F,18-25,2020-02-10,Activo
C04979,Cliente 04979,Educacion,Barranquilla,Caribe,Atlantico,F,18-25,2021-01-22,Activo
C04980,Cliente 04980,Educacion,Villavicencio,Llanos,Meta,M,46-55,2022-03-10,Activo
C04981,Cliente 04981,Gobierno,Pereira,Eje Cafetero,Risaralda,M,26-35,2022-05-26,Activo
C04982,Cliente 04982,Gobierno,Medellin,Antioquia,Antioquia,M,46-55,2024-04-25,Activo
C04983,Cliente 04983,Corporativo,Villavicencio,Llanos,Meta,F,46-55,2024-11-22,Activo
C04984,Cliente 04984,Pyme,Pasto,Sur,Narino,No informado,18-25,2023-01-24,Activo
C04985,Cliente 04985,Corporativo,Medellin,Antioquia,Antioquia,M,46-55,2022-06-07,Activo
C04986,Cliente 04986,Gobierno,Santa Marta,Caribe,Magdalena,M,56+,2020-11-27,Activo
C04987,Cliente 04987,Gobierno,Santa Marta,Caribe,Magdalena,F,26-35,2020-05-08,Inactivo
C04988,Cliente 04988,Hogar,Villavicencio,Llanos,Meta,M,36-45,2025-04-20,Activo
C04989,Cliente 04989,Hogar,Bucaramanga,Oriente,Santander,No informado,18-25,2023-03-01,Inactivo
C04990,Cliente 04990,Corporativo,Barranquilla,Caribe,Atlantico,F,26-35,2019-12-08,Activo
C04991,Cliente 04991,Educacion,Bogota,Centro,Cundinamarca,No informado,36-45,2020-02-11,Activo
C04992,Cliente 04992,Gobierno,Cartagena,Caribe,Bolivar,F,18-25,2021-12-28,Activo
C04993,Cliente 04993,Educacion,Santa Marta,Caribe,Magdalena,No informado,36-45,2024-08-20,Activo
C04994,Cliente 04994,Corporativo,Santa Marta,Caribe,Magdalena,M,36-45,2020-12-26,Activo
C04995,Cliente 04995,Hogar,Pereira,Eje Cafetero,Risaralda,M,36-45,2023-02-21,Activo
C04996,Cliente 04996,Pyme,Cartagena,Caribe,Bolivar,F,18-25,2021-02-19,Activo
C04997,Cliente 04997,Hogar,Santa Marta,Caribe,Magdalena,No informado,56+,2021-01-04,Activo
C04998,Cliente 04998,Corporativo,Pasto,Sur,Narino,F,18-25,2020-11-09,Activo
C04999,Cliente 04999,Hogar,Medellin,Antioquia,Antioquia,M,46-55,2022-04-16,Activo
C05000,Cliente 05000,Corporativo,Bucaramanga,Oriente,Santander,M,18-25,2023-03-06,Activo
