anio_mes,id_tienda,categoria,presupuesto_venta,presupuesto_unidades,escenario
2024-01,T001,Alimentos,379410519,958,Base
2024-01,T001,Belleza,239286054,129,Base
2024-01,T001,Deportes,370878730,714,Base
2024-01,T001,Electrohogar,119938091,869,Base
2024-01,T001,Jugueteria,295542694,986,Base
2024-01,T001,Moda,283672363,384,Base
2024-01,T001,Muebles,59739616,956,Base
2024-01,T001,Tecnologia,171308850,887,Base
2024-01,T002,Alimentos,141147088,920,Base
2024-01,T002,Belleza,79514592,1123,Base
2024-01,T002,Deportes,150721247,347,Base
2024-01,T002,Electrohogar,69073200,153,Base
2024-01,T002,Jugueteria,350848970,971,Base
2024-01,T002,Moda,303001502,270,Base
2024-01,T002,Muebles,238158433,452,Base
2024-01,T002,Tecnologia,417308982,286,Base
2024-01,T003,Alimentos,93019410,563,Base
2024-01,T003,Belleza,360548286,1070,Base
2024-01,T003,Deportes,134989535,631,Base
2024-01,T003,Electrohogar,298259649,807,Base
2024-01,T003,Jugueteria,168198579,788,Base
2024-01,T003,Moda,217972456,836,Base
2024-01,T003,Muebles,116511292,1210,Base
2024-01,T003,Tecnologia,238815356,1109,Base
2024-01,T004,Alimentos,295372801,410,Base
2024-01,T004,Belleza,47573451,515,Base
2024-01,T004,Deportes,335886669,801,Base
2024-01,T004,Electrohogar,100123588,348,Base
2024-01,T004,Jugueteria,214857935,1240,Base
2024-01,T004,Moda,331314763,502,Base
2024-01,T004,Muebles,377788525,1050,Base
2024-01,T004,Tecnologia,242277043,292,Base
2024-01,T005,Alimentos,306160763,1290,Base
2024-01,T005,Belleza,156105634,246,Base
2024-01,T005,Deportes,354530923,128,Base
2024-01,T005,Electrohogar,58706487,1027,Base
2024-01,T005,Jugueteria,231725173,1064,Base
2024-01,T005,Moda,234923886,137,Base
2024-01,T005,Muebles,160998976,344,Base
2024-01,T005,Tecnologia,216698124,895,Base
2024-01,T006,Alimentos,415327677,144,Base
2024-01,T006,Belleza,155607933,239,Base
2024-01,T006,Deportes,151782021,638,Base
2024-01,T006,Electrohogar,92943396,573,Base
2024-01,T006,Jugueteria,142292597,256,Base
2024-01,T006,Moda,197547887,194,Base
2024-01,T006,Muebles,109948015,132,Base
2024-01,T006,Tecnologia,66523295,1079,Base
2024-01,T007,Alimentos,157734521,464,Base
2024-01,T007,Belleza,204737677,470,Base
2024-01,T007,Deportes,252245149,215,Base
2024-01,T007,Electrohogar,119950833,800,Base
2024-01,T007,Jugueteria,164330670,192,Base
2024-01,T007,Moda,411289821,1035,Base
2024-01,T007,Muebles,378922871,341,Base
2024-01,T007,Tecnologia,289617742,625,Base
2024-01,T008,Alimentos,201606563,1144,Base
2024-01,T008,Belleza,273966211,1103,Base
2024-01,T008,Deportes,223417882,721,Base
2024-01,T008,Electrohogar,85951686,797,Base
2024-01,T008,Jugueteria,284917429,259,Base
2024-01,T008,Moda,296716216,369,Base
2024-01,T008,Muebles,149435337,361,Base
2024-01,T008,Tecnologia,398682318,434,Base
2024-01,T009,Alimentos,419061190,982,Base
2024-01,T009,Belleza,368711953,796,Base
2024-01,T009,Deportes,159269076,909,Base
2024-01,T009,Electrohogar,176337127,1196,Base
2024-01,T009,Jugueteria,68456365,825,Base
2024-01,T009,Moda,353833396,651,Base
2024-01,T009,Muebles,335702391,651,Base
2024-01,T009,Tecnologia,354345488,405,Base
2024-01,T010,Alimentos,413615915,766,Base
2024-01,T010,Belleza,99295086,1228,Base
2024-01,T010,Deportes,191967181,197,Base
2024-01,T010,Electrohogar,261003672,1020,Base
2024-01,T010,Jugueteria,402232122,692,Base
2024-01,T010,Moda,252969449,666,Base
2024-01,T010,Muebles,65543028,528,Base
2024-01,T010,Tecnologia,156826964,605,Base
2024-01,T011,Alimentos,112612794,1034,Base
2024-01,T011,Belleza,408329535,428,Base
2024-01,T011,Deportes,412274877,1097,Base
2024-01,T011,Electrohogar,410494487,549,Base
2024-01,T011,Jugueteria,221198294,615,Base
2024-01,T011,Moda,134632524,1062,Base
2024-01,T011,Muebles,404590952,655,Base
2024-01,T011,Tecnologia,309520153,641,Base
2024-01,T012,Alimentos,116838934,542,Base
2024-01,T012,Belleza,229189763,1346,Base
2024-01,T012,Deportes,258370614,263,Base
2024-01,T012,Electrohogar,172117921,1370,Base
2024-01,T012,Jugueteria,209742659,977,Base
2024-01,T012,Moda,263578421,987,Base
2024-01,T012,Muebles,110012924,1367,Base
2024-01,T012,Tecnologia,407342135,993,Base
2024-01,T013,Alimentos,343951411,1061,Base
2024-01,T013,Belleza,184682678,1150,Base
2024-01,T013,Deportes,168298497,981,Base
2024-01,T013,Electrohogar,176027275,276,Base
2024-01,T013,Jugueteria,382790294,1383,Base
2024-01,T013,Moda,229957149,406,Base
2024-01,T013,Muebles,408505119,1056,Base
2024-01,T013,Tecnologia,190232906,407,Base
2024-01,T014,Alimentos,222467064,341,Base
2024-01,T014,Belleza,87567498,270,Base
2024-01,T014,Deportes,137339378,1209,Base
2024-01,T014,Electrohogar,322067007,771,Base
2024-01,T014,Jugueteria,235941841,594,Base
2024-01,T014,Moda,339774915,1207,Base
2024-01,T014,Muebles,231404088,273,Base
2024-01,T014,Tecnologia,49097274,1027,Base
2024-01,T015,Alimentos,396706974,1132,Base
2024-01,T015,Belleza,419889554,825,Base
2024-01,T015,Deportes,349301454,393,Base
2024-01,T015,Electrohogar,267151397,1165,Base
2024-01,T015,Jugueteria,366998270,1367,Base
2024-01,T015,Moda,192106268,434,Base
2024-01,T015,Muebles,220566274,594,Base
2024-01,T015,Tecnologia,110907618,578,Base
2024-01,T016,Alimentos,61619961,906,Base
2024-01,T016,Belleza,259803722,591,Base
2024-01,T016,Deportes,77319253,164,Base
2024-01,T016,Electrohogar,56855987,999,Base
2024-01,T016,Jugueteria,294746563,1364,Base
2024-01,T016,Moda,64829509,355,Base
2024-01,T016,Muebles,78881831,687,Base
2024-01,T016,Tecnologia,248055050,1011,Base
2024-01,T017,Alimentos,52021349,981,Base
2024-01,T017,Belleza,98238241,1302,Base
2024-01,T017,Deportes,90933965,652,Base
2024-01,T017,Electrohogar,280530257,914,Base
2024-01,T017,Jugueteria,86855157,402,Base
2024-01,T017,Moda,330547710,1208,Base
2024-01,T017,Muebles,331606495,1238,Base
2024-01,T017,Tecnologia,323353805,804,Base
2024-01,T018,Alimentos,261021847,778,Base
2024-01,T018,Belleza,214927035,278,Base
2024-01,T018,Deportes,352679730,885,Base
2024-01,T018,Electrohogar,343650213,761,Base
2024-01,T018,Jugueteria,418536487,1278,Base
2024-01,T018,Moda,374954922,1086,Base
2024-01,T018,Muebles,354582806,287,Base
2024-01,T018,Tecnologia,296937974,763,Base
2024-01,T019,Alimentos,250744906,304,Base
2024-01,T019,Belleza,406210588,230,Base
2024-01,T019,Deportes,140836426,322,Base
2024-01,T019,Electrohogar,290313465,1004,Base
2024-01,T019,Jugueteria,358093977,979,Base
2024-01,T019,Moda,275448684,407,Base
2024-01,T019,Muebles,314900253,201,Base
2024-01,T019,Tecnologia,249030985,1225,Base
2024-01,T020,Alimentos,116260111,143,Base
2024-01,T020,Belleza,286294066,961,Base
2024-01,T020,Deportes,47594801,766,Base
2024-01,T020,Electrohogar,350252529,536,Base
2024-01,T020,Jugueteria,102372493,1380,Base
2024-01,T020,Moda,99821861,991,Base
2024-01,T020,Muebles,55358036,370,Base
2024-01,T020,Tecnologia,76038245,1160,Base
2024-01,T021,Alimentos,320195686,652,Base
2024-01,T021,Belleza,102255136,322,Base
2024-01,T021,Deportes,159101878,948,Base
2024-01,T021,Electrohogar,52731007,176,Base
2024-01,T021,Jugueteria,410610566,1291,Base
2024-01,T021,Moda,198723433,1368,Base
2024-01,T021,Muebles,205968198,434,Base
2024-01,T021,Tecnologia,98576152,1174,Base
2024-01,T022,Alimentos,210852040,212,Base
2024-01,T022,Belleza,288410049,146,Base
2024-01,T022,Deportes,387009577,951,Base
2024-01,T022,Electrohogar,82409647,258,Base
2024-01,T022,Jugueteria,55292439,1365,Base
2024-01,T022,Moda,277370298,439,Base
2024-01,T022,Muebles,281686815,1140,Base
2024-01,T022,Tecnologia,88900511,903,Base
2024-01,T023,Alimentos,314342285,278,Base
2024-01,T023,Belleza,375331554,357,Base
2024-01,T023,Deportes,212339984,1236,Base
2024-01,T023,Electrohogar,242885221,1096,Base
2024-01,T023,Jugueteria,217017503,576,Base
2024-01,T023,Moda,157168685,323,Base
2024-01,T023,Muebles,70976324,857,Base
2024-01,T023,Tecnologia,115726050,753,Base
2024-01,T024,Alimentos,56314403,773,Base
2024-01,T024,Belleza,122807574,1398,Base
2024-01,T024,Deportes,248002826,1138,Base
2024-01,T024,Electrohogar,339815779,611,Base
2024-01,T024,Jugueteria,145551417,1308,Base
2024-01,T024,Moda,401014024,334,Base
2024-01,T024,Muebles,211671473,191,Base
2024-01,T024,Tecnologia,86215027,689,Base
2024-01,T025,Alimentos,68955692,127,Base
2024-01,T025,Belleza,364851038,585,Base
2024-01,T025,Deportes,353626325,978,Base
2024-01,T025,Electrohogar,156609022,669,Base
2024-01,T025,Jugueteria,205712417,1380,Base
2024-01,T025,Moda,46915998,1309,Base
2024-01,T025,Muebles,199032857,980,Base
2024-01,T025,Tecnologia,79236313,410,Base
2024-01,T026,Alimentos,263175893,332,Base
2024-01,T026,Belleza,362265155,1162,Base
2024-01,T026,Deportes,268506548,209,Base
2024-01,T026,Electrohogar,333503827,1013,Base
2024-01,T026,Jugueteria,99515969,582,Base
2024-01,T026,Moda,189592988,799,Base
2024-01,T026,Muebles,385802858,518,Base
2024-01,T026,Tecnologia,74158376,808,Base
2024-01,T027,Alimentos,249561952,854,Base
2024-01,T027,Belleza,360114063,319,Base
2024-01,T027,Deportes,289753818,749,Base
2024-01,T027,Electrohogar,296146580,403,Base
2024-01,T027,Jugueteria,417822949,832,Base
2024-01,T027,Moda,179062992,384,Base
2024-01,T027,Muebles,327727064,351,Base
2024-01,T027,Tecnologia,51602140,158,Base
2024-01,T028,Alimentos,58024875,189,Base
2024-01,T028,Belleza,99397727,899,Base
2024-01,T028,Deportes,224592526,723,Base
2024-01,T028,Electrohogar,89401135,1169,Base
2024-01,T028,Jugueteria,81950469,317,Base
2024-01,T028,Moda,314466882,853,Base
2024-01,T028,Muebles,83549844,986,Base
2024-01,T028,Tecnologia,405711242,251,Base
2024-01,T029,Alimentos,304253076,1159,Base
2024-01,T029,Belleza,147923334,425,Base
2024-01,T029,Deportes,293506019,411,Base
2024-01,T029,Electrohogar,191731311,635,Base
2024-01,T029,Jugueteria,177503283,868,Base
2024-01,T029,Moda,289081169,1120,Base
2024-01,T029,Muebles,369846216,409,Base
2024-01,T029,Tecnologia,248644527,774,Base
2024-01,T030,Alimentos,209431099,1266,Base
2024-01,T030,Belleza,240350590,390,Base
2024-01,T030,Deportes,55154605,704,Base
2024-01,T030,Electrohogar,290985825,1130,Base
2024-01,T030,Jugueteria,238420393,734,Base
2024-01,T030,Moda,101010413,1302,Base
2024-01,T030,Muebles,170958142,1371,Base
2024-01,T030,Tecnologia,150153116,157,Base
2024-01,T031,Alimentos,412416069,468,Base
2024-01,T031,Belleza,155174251,1127,Base
2024-01,T031,Deportes,172171347,1037,Base
2024-01,T031,Electrohogar,161950403,504,Base
2024-01,T031,Jugueteria,190465495,1242,Base
2024-01,T031,Moda,146703123,349,Base
2024-01,T031,Muebles,77106736,753,Base
2024-01,T031,Tecnologia,374316980,142,Base
2024-01,T032,Alimentos,347070980,510,Base
2024-01,T032,Belleza,393024052,341,Base
2024-01,T032,Deportes,271978051,577,Base
2024-01,T032,Electrohogar,87174466,316,Base
2024-01,T032,Jugueteria,320509049,1274,Base
2024-01,T032,Moda,295869504,132,Base
2024-01,T032,Muebles,326951815,198,Base
2024-01,T032,Tecnologia,216254612,1292,Base
2024-01,T033,Alimentos,351057277,1140,Base
2024-01,T033,Belleza,324504566,1006,Base
2024-01,T033,Deportes,122483391,884,Base
2024-01,T033,Electrohogar,215330216,331,Base
2024-01,T033,Jugueteria,191534308,578,Base
2024-01,T033,Moda,359577249,905,Base
2024-01,T033,Muebles,73560488,1093,Base
2024-01,T033,Tecnologia,81282665,688,Base
2024-01,T034,Alimentos,57387723,404,Base
2024-01,T034,Belleza,168521398,729,Base
2024-01,T034,Deportes,242269125,311,Base
2024-01,T034,Electrohogar,152576387,358,Base
2024-01,T034,Jugueteria,266078518,901,Base
2024-01,T034,Moda,356806367,223,Base
2024-01,T034,Muebles,185066157,390,Base
2024-01,T034,Tecnologia,248008055,1010,Base
2024-01,T035,Alimentos,378764826,288,Base
2024-01,T035,Belleza,362612416,316,Base
2024-01,T035,Deportes,412596297,938,Base
2024-01,T035,Electrohogar,383428062,658,Base
2024-01,T035,Jugueteria,402747981,890,Base
2024-01,T035,Moda,58049457,1330,Base
2024-01,T035,Muebles,253707136,368,Base
2024-01,T035,Tecnologia,121827924,1076,Base
2024-01,T036,Alimentos,309877171,308,Base
2024-01,T036,Belleza,271606859,848,Base
2024-01,T036,Deportes,361524461,962,Base
2024-01,T036,Electrohogar,70693752,440,Base
2024-01,T036,Jugueteria,347094730,1101,Base
2024-01,T036,Moda,325122709,376,Base
2024-01,T036,Muebles,399068411,777,Base
2024-01,T036,Tecnologia,322957774,462,Base
2024-01,T037,Alimentos,225146273,1078,Base
2024-01,T037,Belleza,419406210,1323,Base
2024-01,T037,Deportes,315401642,1187,Base
2024-01,T037,Electrohogar,295301265,717,Base
2024-01,T037,Jugueteria,265139623,1077,Base
2024-01,T037,Moda,69348161,348,Base
2024-01,T037,Muebles,137042891,457,Base
2024-01,T037,Tecnologia,60304286,261,Base
2024-01,T038,Alimentos,297217944,578,Base
2024-01,T038,Belleza,357935248,1167,Base
2024-01,T038,Deportes,414177499,671,Base
2024-01,T038,Electrohogar,370758097,197,Base
2024-01,T038,Jugueteria,46661528,632,Base
2024-01,T038,Moda,253265287,583,Base
2024-01,T038,Muebles,188367058,1239,Base
2024-01,T038,Tecnologia,155255976,1146,Base
2024-01,T039,Alimentos,253799940,1266,Base
2024-01,T039,Belleza,109152318,1140,Base
2024-01,T039,Deportes,418824255,473,Base
2024-01,T039,Electrohogar,382299819,1220,Base
2024-01,T039,Jugueteria,268856299,524,Base
2024-01,T039,Moda,194614677,298,Base
2024-01,T039,Muebles,73338820,840,Base
2024-01,T039,Tecnologia,169630956,882,Base
2024-01,T040,Alimentos,172192796,958,Base
2024-01,T040,Belleza,228332752,458,Base
2024-01,T040,Deportes,153983588,138,Base
2024-01,T040,Electrohogar,66657046,754,Base
2024-01,T040,Jugueteria,305737577,983,Base
2024-01,T040,Moda,274667420,290,Base
2024-01,T040,Muebles,245210002,470,Base
2024-01,T040,Tecnologia,332993218,490,Base
2024-01,T041,Alimentos,167733655,567,Base
2024-01,T041,Belleza,95500657,804,Base
2024-01,T041,Deportes,289314626,1301,Base
2024-01,T041,Electrohogar,69267492,725,Base
2024-01,T041,Jugueteria,305979434,878,Base
2024-01,T041,Moda,260639558,1127,Base
2024-01,T041,Muebles,305037120,1331,Base
2024-01,T041,Tecnologia,386786384,257,Base
2024-01,T042,Alimentos,264702175,1196,Base
2024-01,T042,Belleza,241206321,1104,Base
2024-01,T042,Deportes,60558483,886,Base
2024-01,T042,Electrohogar,119845757,331,Base
2024-01,T042,Jugueteria,362449408,808,Base
2024-01,T042,Moda,278730156,907,Base
2024-01,T042,Muebles,73313683,686,Base
2024-01,T042,Tecnologia,348715768,124,Base
2024-01,T043,Alimentos,178656247,138,Base
2024-01,T043,Belleza,365274059,791,Base
2024-01,T043,Deportes,141729074,366,Base
2024-01,T043,Electrohogar,316459563,860,Base
2024-01,T043,Jugueteria,352869298,1150,Base
2024-01,T043,Moda,326175042,1191,Base
2024-01,T043,Muebles,392801903,1030,Base
2024-01,T043,Tecnologia,161830171,541,Base
2024-01,T044,Alimentos,391606923,129,Base
2024-01,T044,Belleza,176490819,1317,Base
2024-01,T044,Deportes,205215475,354,Base
2024-01,T044,Electrohogar,54632360,504,Base
2024-01,T044,Jugueteria,67821033,1189,Base
2024-01,T044,Moda,63334775,1095,Base
2024-01,T044,Muebles,205939907,866,Base
2024-01,T044,Tecnologia,320796174,1108,Base
2024-01,T045,Alimentos,144667876,821,Base
2024-01,T045,Belleza,60720083,738,Base
2024-01,T045,Deportes,166896957,1211,Base
2024-01,T045,Electrohogar,144929855,315,Base
2024-01,T045,Jugueteria,97928836,136,Base
2024-01,T045,Moda,308129923,741,Base
2024-01,T045,Muebles,263133369,287,Base
2024-01,T045,Tecnologia,127715850,648,Base
2024-01,T046,Alimentos,355995096,590,Base
2024-01,T046,Belleza,236725150,994,Base
2024-01,T046,Deportes,79742885,913,Base
2024-01,T046,Electrohogar,133735516,499,Base
2024-01,T046,Jugueteria,339093789,678,Base
2024-01,T046,Moda,223545165,334,Base
2024-01,T046,Muebles,412683252,1160,Base
2024-01,T046,Tecnologia,183375951,537,Base
2024-01,T047,Alimentos,158420949,364,Base
2024-01,T047,Belleza,350097022,917,Base
2024-01,T047,Deportes,232560502,719,Base
2024-01,T047,Electrohogar,410453498,1161,Base
2024-01,T047,Jugueteria,387348224,310,Base
2024-01,T047,Moda,403399757,426,Base
2024-01,T047,Muebles,231917642,651,Base
2024-01,T047,Tecnologia,286141211,1179,Base
2024-01,T048,Alimentos,272823300,1291,Base
2024-01,T048,Belleza,106296396,442,Base
2024-01,T048,Deportes,107150535,1277,Base
2024-01,T048,Electrohogar,281918882,1081,Base
2024-01,T048,Jugueteria,92859190,1310,Base
2024-01,T048,Moda,260697656,353,Base
2024-01,T048,Muebles,385142874,602,Base
2024-01,T048,Tecnologia,279843864,216,Base
2024-01,T049,Alimentos,230019048,858,Base
2024-01,T049,Belleza,278102629,288,Base
2024-01,T049,Deportes,73011118,513,Base
2024-01,T049,Electrohogar,381548065,1046,Base
2024-01,T049,Jugueteria,401923428,1286,Base
2024-01,T049,Moda,400051105,1293,Base
2024-01,T049,Muebles,256525233,243,Base
2024-01,T049,Tecnologia,135778322,857,Base
2024-01,T050,Alimentos,107888739,1200,Base
2024-01,T050,Belleza,378631777,380,Base
2024-01,T050,Deportes,122106376,663,Base
2024-01,T050,Electrohogar,387317092,276,Base
2024-01,T050,Jugueteria,355132737,541,Base
2024-01,T050,Moda,161086540,141,Base
2024-01,T050,Muebles,171190996,347,Base
2024-01,T050,Tecnologia,118708431,971,Base
2024-01,T051,Alimentos,105554276,1027,Base
2024-01,T051,Belleza,146194716,122,Base
2024-01,T051,Deportes,76035162,673,Base
2024-01,T051,Electrohogar,290581386,710,Base
2024-01,T051,Jugueteria,107472505,1019,Base
2024-01,T051,Moda,193471698,593,Base
2024-01,T051,Muebles,145692498,157,Base
2024-01,T051,Tecnologia,219524343,487,Base
2024-01,T052,Alimentos,143801060,745,Base
2024-01,T052,Belleza,393439717,769,Base
2024-01,T052,Deportes,234549590,393,Base
2024-01,T052,Electrohogar,378829587,1135,Base
2024-01,T052,Jugueteria,139603020,128,Base
2024-01,T052,Moda,258630386,579,Base
2024-01,T052,Muebles,218695143,818,Base
2024-01,T052,Tecnologia,69440085,414,Base
2024-01,T053,Alimentos,189759452,266,Base
2024-01,T053,Belleza,241657119,587,Base
2024-01,T053,Deportes,411005635,661,Base
2024-01,T053,Electrohogar,97631466,1217,Base
2024-01,T053,Jugueteria,292424314,996,Base
2024-01,T053,Moda,306327758,671,Base
2024-01,T053,Muebles,267153319,1057,Base
2024-01,T053,Tecnologia,220536556,1380,Base
2024-01,T054,Alimentos,261675193,415,Base
2024-01,T054,Belleza,102602043,362,Base
2024-01,T054,Deportes,336237672,1248,Base
2024-01,T054,Electrohogar,109714976,418,Base
2024-01,T054,Jugueteria,303422754,1140,Base
2024-01,T054,Moda,84927035,1315,Base
2024-01,T054,Muebles,399020720,1301,Base
2024-01,T054,Tecnologia,257540952,580,Base
2024-01,T055,Alimentos,248811418,312,Base
2024-01,T055,Belleza,277066286,1051,Base
2024-01,T055,Deportes,231560686,1252,Base
2024-01,T055,Electrohogar,240262789,1328,Base
2024-01,T055,Jugueteria,369936936,167,Base
2024-01,T055,Moda,67398991,176,Base
2024-01,T055,Muebles,258089282,394,Base
2024-01,T055,Tecnologia,142750913,391,Base
2024-01,T056,Alimentos,245034634,877,Base
2024-01,T056,Belleza,235696275,1178,Base
2024-01,T056,Deportes,317855544,1168,Base
2024-01,T056,Electrohogar,72651298,1349,Base
2024-01,T056,Jugueteria,186975939,214,Base
2024-01,T056,Moda,335994509,735,Base
2024-01,T056,Muebles,180853756,862,Base
2024-01,T056,Tecnologia,180931856,1096,Base
2024-01,T057,Alimentos,404299272,1346,Base
2024-01,T057,Belleza,396343863,616,Base
2024-01,T057,Deportes,104447930,423,Base
2024-01,T057,Electrohogar,362798324,806,Base
2024-01,T057,Jugueteria,216123639,690,Base
2024-01,T057,Moda,148442067,324,Base
2024-01,T057,Muebles,108082853,1051,Base
2024-01,T057,Tecnologia,322288853,566,Base
2024-01,T058,Alimentos,65186953,158,Base
2024-01,T058,Belleza,64914350,1091,Base
2024-01,T058,Deportes,419252074,762,Base
2024-01,T058,Electrohogar,303951505,511,Base
2024-01,T058,Jugueteria,169743075,820,Base
2024-01,T058,Moda,127567736,1024,Base
2024-01,T058,Muebles,213277604,1094,Base
2024-01,T058,Tecnologia,73749445,1161,Base
2024-01,T059,Alimentos,340590468,276,Base
2024-01,T059,Belleza,69628958,153,Base
2024-01,T059,Deportes,142372745,638,Base
2024-01,T059,Electrohogar,206553627,544,Base
2024-01,T059,Jugueteria,333858678,604,Base
2024-01,T059,Moda,399060436,255,Base
2024-01,T059,Muebles,254680568,1052,Base
2024-01,T059,Tecnologia,220746362,209,Base
2024-01,T060,Alimentos,72773328,616,Base
2024-01,T060,Belleza,403664099,155,Base
2024-01,T060,Deportes,90226741,323,Base
2024-01,T060,Electrohogar,84179591,621,Base
2024-01,T060,Jugueteria,182670947,479,Base
2024-01,T060,Moda,50658767,1254,Base
2024-01,T060,Muebles,300744405,1167,Base
2024-01,T060,Tecnologia,380346183,241,Base
2024-02,T001,Alimentos,273112190,1200,Base
2024-02,T001,Belleza,172836320,488,Base
2024-02,T001,Deportes,61524295,1091,Base
2024-02,T001,Electrohogar,388699299,907,Base
2024-02,T001,Jugueteria,354488951,902,Base
2024-02,T001,Moda,146702850,318,Base
2024-02,T001,Muebles,215334473,1349,Base
2024-02,T001,Tecnologia,86980775,1194,Base
2024-02,T002,Alimentos,209924032,150,Base
2024-02,T002,Belleza,96130985,570,Base
2024-02,T002,Deportes,72451848,1253,Base
2024-02,T002,Electrohogar,88289827,1394,Base
2024-02,T002,Jugueteria,293092398,1284,Base
2024-02,T002,Moda,246202544,162,Base
2024-02,T002,Muebles,366374872,686,Base
2024-02,T002,Tecnologia,65016424,286,Base
2024-02,T003,Alimentos,92075846,595,Base
2024-02,T003,Belleza,169631722,174,Base
2024-02,T003,Deportes,346831091,738,Base
2024-02,T003,Electrohogar,310811305,820,Base
2024-02,T003,Jugueteria,270150943,888,Base
2024-02,T003,Moda,361564415,332,Base
2024-02,T003,Muebles,340542903,449,Base
2024-02,T003,Tecnologia,253783490,822,Base
2024-02,T004,Alimentos,123035294,757,Base
2024-02,T004,Belleza,300586670,602,Base
2024-02,T004,Deportes,181676237,665,Base
2024-02,T004,Electrohogar,247025482,717,Base
2024-02,T004,Jugueteria,190505973,841,Base
2024-02,T004,Moda,90633268,1251,Base
2024-02,T004,Muebles,213187072,1284,Base
2024-02,T004,Tecnologia,276840943,1373,Base
2024-02,T005,Alimentos,82716834,891,Base
2024-02,T005,Belleza,120155645,1129,Base
2024-02,T005,Deportes,104262567,365,Base
2024-02,T005,Electrohogar,92412454,202,Base
2024-02,T005,Jugueteria,298629923,1142,Base
2024-02,T005,Moda,119362336,1291,Base
2024-02,T005,Muebles,48760222,233,Base
2024-02,T005,Tecnologia,401567719,244,Base
2024-02,T006,Alimentos,235761839,792,Base
2024-02,T006,Belleza,161305710,1189,Base
2024-02,T006,Deportes,351381882,901,Base
2024-02,T006,Electrohogar,200897877,822,Base
2024-02,T006,Jugueteria,126534836,1316,Base
2024-02,T006,Moda,384647574,1292,Base
2024-02,T006,Muebles,350106972,880,Base
2024-02,T006,Tecnologia,288125610,567,Base
2024-02,T007,Alimentos,46312522,1129,Base
2024-02,T007,Belleza,419171754,1264,Base
2024-02,T007,Deportes,334299225,1113,Base
2024-02,T007,Electrohogar,353141948,996,Base
2024-02,T007,Jugueteria,107270227,702,Base
2024-02,T007,Moda,284097230,301,Base
2024-02,T007,Muebles,285285048,604,Base
2024-02,T007,Tecnologia,278668321,1247,Base
2024-02,T008,Alimentos,335243979,724,Base
2024-02,T008,Belleza,298516177,1230,Base
2024-02,T008,Deportes,363108028,447,Base
2024-02,T008,Electrohogar,179323695,1152,Base
2024-02,T008,Jugueteria,408391631,1118,Base
2024-02,T008,Moda,120281813,939,Base
2024-02,T008,Muebles,177146706,149,Base
2024-02,T008,Tecnologia,272393169,688,Base
2024-02,T009,Alimentos,219007345,1155,Base
2024-02,T009,Belleza,235142623,1282,Base
2024-02,T009,Deportes,115444094,1333,Base
2024-02,T009,Electrohogar,259711483,1124,Base
2024-02,T009,Jugueteria,199854765,555,Base
2024-02,T009,Moda,193089992,570,Base
2024-02,T009,Muebles,198314394,1220,Base
2024-02,T009,Tecnologia,310014070,1159,Base
2024-02,T010,Alimentos,286184006,457,Base
2024-02,T010,Belleza,418179075,388,Base
2024-02,T010,Deportes,380458317,951,Base
2024-02,T010,Electrohogar,417420649,857,Base
2024-02,T010,Jugueteria,106241840,325,Base
2024-02,T010,Moda,91865609,891,Base
2024-02,T010,Muebles,382255105,425,Base
2024-02,T010,Tecnologia,342822186,370,Base
2024-02,T011,Alimentos,413478986,968,Base
2024-02,T011,Belleza,379192755,449,Base
2024-02,T011,Deportes,65652931,353,Base
2024-02,T011,Electrohogar,300792852,1100,Base
2024-02,T011,Jugueteria,312420575,796,Base
2024-02,T011,Moda,411890952,702,Base
2024-02,T011,Muebles,288369958,260,Base
2024-02,T011,Tecnologia,60318753,1364,Base
2024-02,T012,Alimentos,181250951,1065,Base
2024-02,T012,Belleza,111712754,678,Base
2024-02,T012,Deportes,202044532,999,Base
2024-02,T012,Electrohogar,92082193,765,Base
2024-02,T012,Jugueteria,361097778,191,Base
2024-02,T012,Moda,207564844,361,Base
2024-02,T012,Muebles,397797053,951,Base
2024-02,T012,Tecnologia,133132581,535,Base
2024-02,T013,Alimentos,48466359,583,Base
2024-02,T013,Belleza,91055511,1081,Base
2024-02,T013,Deportes,373301723,904,Base
2024-02,T013,Electrohogar,381417869,914,Base
2024-02,T013,Jugueteria,373191501,357,Base
2024-02,T013,Moda,163167699,433,Base
2024-02,T013,Muebles,212764660,311,Base
2024-02,T013,Tecnologia,328790622,865,Base
2024-02,T014,Alimentos,248503605,1338,Base
2024-02,T014,Belleza,346520027,725,Base
2024-02,T014,Deportes,176744703,1225,Base
2024-02,T014,Electrohogar,245790446,488,Base
2024-02,T014,Jugueteria,70496147,777,Base
2024-02,T014,Moda,176805398,406,Base
2024-02,T014,Muebles,255719008,139,Base
2024-02,T014,Tecnologia,366055771,283,Base
2024-02,T015,Alimentos,227497650,123,Base
2024-02,T015,Belleza,257684146,1020,Base
2024-02,T015,Deportes,179573251,294,Base
2024-02,T015,Electrohogar,144810160,470,Base
2024-02,T015,Jugueteria,258530039,905,Base
2024-02,T015,Moda,386627422,959,Base
2024-02,T015,Muebles,264634540,1342,Base
2024-02,T015,Tecnologia,284261269,796,Base
2024-02,T016,Alimentos,59039759,713,Base
2024-02,T016,Belleza,99338306,1159,Base
2024-02,T016,Deportes,391407910,1246,Base
2024-02,T016,Electrohogar,72440848,1136,Base
2024-02,T016,Jugueteria,325223063,1317,Base
2024-02,T016,Moda,372359908,264,Base
2024-02,T016,Muebles,157356052,731,Base
2024-02,T016,Tecnologia,334841473,594,Base
2024-02,T017,Alimentos,151988618,487,Base
2024-02,T017,Belleza,211437830,127,Base
2024-02,T017,Deportes,323702992,206,Base
2024-02,T017,Electrohogar,399126823,1110,Base
2024-02,T017,Jugueteria,344705682,253,Base
2024-02,T017,Moda,152774571,370,Base
2024-02,T017,Muebles,252218928,1317,Base
2024-02,T017,Tecnologia,266240646,609,Base
2024-02,T018,Alimentos,367688555,670,Base
2024-02,T018,Belleza,86284265,299,Base
2024-02,T018,Deportes,255306438,1244,Base
2024-02,T018,Electrohogar,287342922,931,Base
2024-02,T018,Jugueteria,133382370,1400,Base
2024-02,T018,Moda,382489497,1115,Base
2024-02,T018,Muebles,260308602,508,Base
2024-02,T018,Tecnologia,134167484,971,Base
2024-02,T019,Alimentos,248173905,288,Base
2024-02,T019,Belleza,396225196,314,Base
2024-02,T019,Deportes,122245041,693,Base
2024-02,T019,Electrohogar,264744694,1033,Base
2024-02,T019,Jugueteria,115373436,463,Base
2024-02,T019,Moda,50587675,215,Base
2024-02,T019,Muebles,112475843,1212,Base
2024-02,T019,Tecnologia,288315451,826,Base
2024-02,T020,Alimentos,109223878,993,Base
2024-02,T020,Belleza,347202638,1381,Base
2024-02,T020,Deportes,187125357,731,Base
2024-02,T020,Electrohogar,360504688,997,Base
2024-02,T020,Jugueteria,53399754,277,Base
2024-02,T020,Moda,177370758,613,Base
2024-02,T020,Muebles,168150695,1009,Base
2024-02,T020,Tecnologia,113723467,763,Base
2024-02,T021,Alimentos,104667816,1206,Base
2024-02,T021,Belleza,125553342,277,Base
2024-02,T021,Deportes,343064273,436,Base
2024-02,T021,Electrohogar,63163090,678,Base
2024-02,T021,Jugueteria,184460609,1332,Base
2024-02,T021,Moda,328297841,1369,Base
2024-02,T021,Muebles,253082293,903,Base
2024-02,T021,Tecnologia,156190493,160,Base
2024-02,T022,Alimentos,331688434,799,Base
2024-02,T022,Belleza,354591470,653,Base
2024-02,T022,Deportes,128091549,1036,Base
2024-02,T022,Electrohogar,202326508,1070,Base
2024-02,T022,Jugueteria,411922145,1203,Base
2024-02,T022,Moda,126863183,257,Base
2024-02,T022,Muebles,342816840,835,Base
2024-02,T022,Tecnologia,250013925,337,Base
2024-02,T023,Alimentos,141819919,1008,Base
2024-02,T023,Belleza,395351789,1010,Base
2024-02,T023,Deportes,195021428,381,Base
2024-02,T023,Electrohogar,339212567,1224,Base
2024-02,T023,Jugueteria,118897016,1126,Base
2024-02,T023,Moda,301142483,1367,Base
2024-02,T023,Muebles,134383741,1356,Base
2024-02,T023,Tecnologia,171876876,402,Base
2024-02,T024,Alimentos,90862493,868,Base
2024-02,T024,Belleza,207982421,1244,Base
2024-02,T024,Deportes,406625534,753,Base
2024-02,T024,Electrohogar,137407129,631,Base
2024-02,T024,Jugueteria,279131048,1342,Base
2024-02,T024,Moda,331883702,1042,Base
2024-02,T024,Muebles,143563377,218,Base
2024-02,T024,Tecnologia,204049096,1087,Base
2024-02,T025,Alimentos,195331089,380,Base
2024-02,T025,Belleza,212414762,153,Base
2024-02,T025,Deportes,238729538,471,Base
2024-02,T025,Electrohogar,214090662,471,Base
2024-02,T025,Jugueteria,192635424,684,Base
2024-02,T025,Moda,80841285,577,Base
2024-02,T025,Muebles,149259715,451,Base
2024-02,T025,Tecnologia,419131559,598,Base
2024-02,T026,Alimentos,192113466,444,Base
2024-02,T026,Belleza,331597234,353,Base
2024-02,T026,Deportes,153269696,468,Base
2024-02,T026,Electrohogar,368439029,876,Base
2024-02,T026,Jugueteria,49287984,1255,Base
2024-02,T026,Moda,277508169,331,Base
2024-02,T026,Muebles,370528347,899,Base
2024-02,T026,Tecnologia,194360722,790,Base
2024-02,T027,Alimentos,279534479,184,Base
2024-02,T027,Belleza,159726420,1380,Base
2024-02,T027,Deportes,71718015,1070,Base
2024-02,T027,Electrohogar,331664343,958,Base
2024-02,T027,Jugueteria,133477772,789,Base
2024-02,T027,Moda,296859219,704,Base
2024-02,T027,Muebles,124310313,183,Base
2024-02,T027,Tecnologia,184204124,1165,Base
2024-02,T028,Alimentos,177187336,1075,Base
2024-02,T028,Belleza,158871235,423,Base
2024-02,T028,Deportes,232013505,177,Base
2024-02,T028,Electrohogar,114789160,542,Base
2024-02,T028,Jugueteria,320775794,449,Base
2024-02,T028,Moda,68430603,167,Base
2024-02,T028,Muebles,317846874,145,Base
2024-02,T028,Tecnologia,121552449,1317,Base
2024-02,T029,Alimentos,407487051,227,Base
2024-02,T029,Belleza,123030255,1044,Base
2024-02,T029,Deportes,408491189,666,Base
2024-02,T029,Electrohogar,393907521,919,Base
2024-02,T029,Jugueteria,164742261,1236,Base
2024-02,T029,Moda,227581819,222,Base
2024-02,T029,Muebles,145569736,1044,Base
2024-02,T029,Tecnologia,171180379,201,Base
2024-02,T030,Alimentos,362664301,1134,Base
2024-02,T030,Belleza,202916233,489,Base
2024-02,T030,Deportes,252838271,741,Base
2024-02,T030,Electrohogar,145793799,662,Base
2024-02,T030,Jugueteria,271237598,344,Base
2024-02,T030,Moda,411252822,779,Base
2024-02,T030,Muebles,194797591,1096,Base
2024-02,T030,Tecnologia,151365282,254,Base
2024-02,T031,Alimentos,150852596,534,Base
2024-02,T031,Belleza,48977543,1085,Base
2024-02,T031,Deportes,51647304,170,Base
2024-02,T031,Electrohogar,144739096,141,Base
2024-02,T031,Jugueteria,59016934,419,Base
2024-02,T031,Moda,369518058,815,Base
2024-02,T031,Muebles,390315847,503,Base
2024-02,T031,Tecnologia,340742395,932,Base
2024-02,T032,Alimentos,417260803,1009,Base
2024-02,T032,Belleza,299723155,193,Base
2024-02,T032,Deportes,86460575,568,Base
2024-02,T032,Electrohogar,404529997,132,Base
2024-02,T032,Jugueteria,383768108,635,Base
2024-02,T032,Moda,391419655,937,Base
2024-02,T032,Muebles,177303300,123,Base
2024-02,T032,Tecnologia,289089491,728,Base
2024-02,T033,Alimentos,165260534,1194,Base
2024-02,T033,Belleza,392884946,934,Base
2024-02,T033,Deportes,83639794,355,Base
2024-02,T033,Electrohogar,95423440,752,Base
2024-02,T033,Jugueteria,327506087,1240,Base
2024-02,T033,Moda,403832270,1354,Base
2024-02,T033,Muebles,311627996,1191,Base
2024-02,T033,Tecnologia,219077914,421,Base
2024-02,T034,Alimentos,191812574,597,Base
2024-02,T034,Belleza,205614450,800,Base
2024-02,T034,Deportes,200420204,584,Base
2024-02,T034,Electrohogar,65814433,524,Base
2024-02,T034,Jugueteria,414145890,1210,Base
2024-02,T034,Moda,295214540,1014,Base
2024-02,T034,Muebles,218058688,1076,Base
2024-02,T034,Tecnologia,409840511,976,Base
2024-02,T035,Alimentos,150512070,377,Base
2024-02,T035,Belleza,329425960,185,Base
2024-02,T035,Deportes,290839078,1207,Base
2024-02,T035,Electrohogar,265284808,537,Base
2024-02,T035,Jugueteria,407543270,284,Base
2024-02,T035,Moda,399827644,169,Base
2024-02,T035,Muebles,218453990,1236,Base
2024-02,T035,Tecnologia,252861784,599,Base
2024-02,T036,Alimentos,372081266,450,Base
2024-02,T036,Belleza,241930744,627,Base
2024-02,T036,Deportes,164745317,883,Base
2024-02,T036,Electrohogar,265058096,612,Base
2024-02,T036,Jugueteria,360650885,664,Base
2024-02,T036,Moda,230596063,1345,Base
2024-02,T036,Muebles,304588356,1113,Base
2024-02,T036,Tecnologia,407480897,167,Base
2024-02,T037,Alimentos,384452736,1199,Base
2024-02,T037,Belleza,277625340,660,Base
2024-02,T037,Deportes,153094372,767,Base
2024-02,T037,Electrohogar,103724021,779,Base
2024-02,T037,Jugueteria,186053083,175,Base
2024-02,T037,Moda,181640866,1319,Base
2024-02,T037,Muebles,343965750,413,Base
2024-02,T037,Tecnologia,390252982,1381,Base
2024-02,T038,Alimentos,342291214,283,Base
2024-02,T038,Belleza,174228141,1010,Base
2024-02,T038,Deportes,141412253,994,Base
2024-02,T038,Electrohogar,65786637,952,Base
2024-02,T038,Jugueteria,213344091,541,Base
2024-02,T038,Moda,334411671,1088,Base
2024-02,T038,Muebles,193392297,1297,Base
2024-02,T038,Tecnologia,339445264,1035,Base
2024-02,T039,Alimentos,234544087,788,Base
2024-02,T039,Belleza,64035156,217,Base
2024-02,T039,Deportes,121880782,721,Base
2024-02,T039,Electrohogar,116623625,122,Base
2024-02,T039,Jugueteria,54042145,687,Base
2024-02,T039,Moda,257654436,998,Base
2024-02,T039,Muebles,187729997,669,Base
2024-02,T039,Tecnologia,414295112,883,Base
2024-02,T040,Alimentos,267456758,1385,Base
2024-02,T040,Belleza,257316082,609,Base
2024-02,T040,Deportes,232653938,1274,Base
2024-02,T040,Electrohogar,412460550,605,Base
2024-02,T040,Jugueteria,285178552,513,Base
2024-02,T040,Moda,90489588,553,Base
2024-02,T040,Muebles,307865760,1200,Base
2024-02,T040,Tecnologia,332474826,1083,Base
2024-02,T041,Alimentos,250217404,623,Base
2024-02,T041,Belleza,327573903,926,Base
2024-02,T041,Deportes,136042637,181,Base
2024-02,T041,Electrohogar,251001730,1260,Base
2024-02,T041,Jugueteria,48305000,1184,Base
2024-02,T041,Moda,284471551,693,Base
2024-02,T041,Muebles,238734549,523,Base
2024-02,T041,Tecnologia,386777995,872,Base
2024-02,T042,Alimentos,326093573,346,Base
2024-02,T042,Belleza,319188884,494,Base
2024-02,T042,Deportes,47802905,811,Base
2024-02,T042,Electrohogar,234380476,1305,Base
2024-02,T042,Jugueteria,156629331,820,Base
2024-02,T042,Moda,87432418,815,Base
2024-02,T042,Muebles,45557405,1070,Base
2024-02,T042,Tecnologia,267495491,684,Base
2024-02,T043,Alimentos,193524798,165,Base
2024-02,T043,Belleza,85353921,615,Base
2024-02,T043,Deportes,152927965,252,Base
2024-02,T043,Electrohogar,58039212,343,Base
2024-02,T043,Jugueteria,385173342,176,Base
2024-02,T043,Moda,237713763,518,Base
2024-02,T043,Muebles,118713298,382,Base
2024-02,T043,Tecnologia,206927585,670,Base
2024-02,T044,Alimentos,274881285,404,Base
2024-02,T044,Belleza,169213015,828,Base
2024-02,T044,Deportes,206671172,749,Base
2024-02,T044,Electrohogar,119161655,1320,Base
2024-02,T044,Jugueteria,294601764,796,Base
2024-02,T044,Moda,380039520,947,Base
2024-02,T044,Muebles,187393477,1379,Base
2024-02,T044,Tecnologia,55541638,177,Base
2024-02,T045,Alimentos,383825472,275,Base
2024-02,T045,Belleza,221351861,234,Base
2024-02,T045,Deportes,54208590,381,Base
2024-02,T045,Electrohogar,138410114,204,Base
2024-02,T045,Jugueteria,157944566,1375,Base
2024-02,T045,Moda,286725245,270,Base
2024-02,T045,Muebles,101811940,822,Base
2024-02,T045,Tecnologia,182871706,564,Base
2024-02,T046,Alimentos,399405277,929,Base
2024-02,T046,Belleza,131026908,939,Base
2024-02,T046,Deportes,343630425,1018,Base
2024-02,T046,Electrohogar,207388937,521,Base
2024-02,T046,Jugueteria,211788467,1218,Base
2024-02,T046,Moda,370328883,134,Base
2024-02,T046,Muebles,132091522,527,Base
2024-02,T046,Tecnologia,239577359,463,Base
2024-02,T047,Alimentos,370868968,483,Base
2024-02,T047,Belleza,238133018,367,Base
2024-02,T047,Deportes,390389695,1143,Base
2024-02,T047,Electrohogar,223208369,430,Base
2024-02,T047,Jugueteria,314670124,199,Base
2024-02,T047,Moda,197661489,414,Base
2024-02,T047,Muebles,402591371,537,Base
2024-02,T047,Tecnologia,132147526,996,Base
2024-02,T048,Alimentos,408743548,753,Base
2024-02,T048,Belleza,346984958,954,Base
2024-02,T048,Deportes,285492970,532,Base
2024-02,T048,Electrohogar,48145293,731,Base
2024-02,T048,Jugueteria,91906381,826,Base
2024-02,T048,Moda,185682541,1174,Base
2024-02,T048,Muebles,189824176,1307,Base
2024-02,T048,Tecnologia,303915125,913,Base
2024-02,T049,Alimentos,346353360,1360,Base
2024-02,T049,Belleza,292570372,505,Base
2024-02,T049,Deportes,359480555,393,Base
2024-02,T049,Electrohogar,177144062,242,Base
2024-02,T049,Jugueteria,323192437,736,Base
2024-02,T049,Moda,189209376,1262,Base
2024-02,T049,Muebles,213489801,258,Base
2024-02,T049,Tecnologia,286354240,1271,Base
2024-02,T050,Alimentos,374262927,644,Base
2024-02,T050,Belleza,335984752,1245,Base
2024-02,T050,Deportes,143743476,120,Base
2024-02,T050,Electrohogar,332785441,1165,Base
2024-02,T050,Jugueteria,302532231,804,Base
2024-02,T050,Moda,111887240,459,Base
2024-02,T050,Muebles,292322585,1366,Base
2024-02,T050,Tecnologia,218290231,1332,Base
2024-02,T051,Alimentos,155727438,821,Base
2024-02,T051,Belleza,412622255,1144,Base
2024-02,T051,Deportes,75050671,519,Base
2024-02,T051,Electrohogar,282160840,361,Base
2024-02,T051,Jugueteria,271383306,303,Base
2024-02,T051,Moda,408359937,523,Base
2024-02,T051,Muebles,337738421,453,Base
2024-02,T051,Tecnologia,170174770,989,Base
2024-02,T052,Alimentos,56733626,431,Base
2024-02,T052,Belleza,258358697,171,Base
2024-02,T052,Deportes,359960993,701,Base
2024-02,T052,Electrohogar,159381814,570,Base
2024-02,T052,Jugueteria,180309539,1080,Base
2024-02,T052,Moda,92320107,1220,Base
2024-02,T052,Muebles,398677756,374,Base
2024-02,T052,Tecnologia,226610592,657,Base
2024-02,T053,Alimentos,395024718,1298,Base
2024-02,T053,Belleza,293525124,451,Base
2024-02,T053,Deportes,71942475,590,Base
2024-02,T053,Electrohogar,407336501,582,Base
2024-02,T053,Jugueteria,71398476,143,Base
2024-02,T053,Moda,289298579,273,Base
2024-02,T053,Muebles,68101058,977,Base
2024-02,T053,Tecnologia,143187857,1247,Base
2024-02,T054,Alimentos,151826077,280,Base
2024-02,T054,Belleza,156812910,1321,Base
2024-02,T054,Deportes,176634675,1057,Base
2024-02,T054,Electrohogar,401765230,1123,Base
2024-02,T054,Jugueteria,88384347,703,Base
2024-02,T054,Moda,241463566,861,Base
2024-02,T054,Muebles,386085725,320,Base
2024-02,T054,Tecnologia,64621848,576,Base
2024-02,T055,Alimentos,369131272,816,Base
2024-02,T055,Belleza,114356340,791,Base
2024-02,T055,Deportes,179672663,827,Base
2024-02,T055,Electrohogar,56179957,1374,Base
2024-02,T055,Jugueteria,157464363,1135,Base
2024-02,T055,Moda,149068074,354,Base
2024-02,T055,Muebles,381782452,1155,Base
2024-02,T055,Tecnologia,65267081,680,Base
2024-02,T056,Alimentos,292334748,948,Base
2024-02,T056,Belleza,344813636,577,Base
2024-02,T056,Deportes,59539624,1237,Base
2024-02,T056,Electrohogar,217619150,326,Base
2024-02,T056,Jugueteria,174135962,733,Base
2024-02,T056,Moda,162768236,299,Base
2024-02,T056,Muebles,326223670,1112,Base
2024-02,T056,Tecnologia,126421800,971,Base
2024-02,T057,Alimentos,116129123,1251,Base
2024-02,T057,Belleza,318625250,1253,Base
2024-02,T057,Deportes,168645838,565,Base
2024-02,T057,Electrohogar,150452429,169,Base
2024-02,T057,Jugueteria,132373875,490,Base
2024-02,T057,Moda,274316809,1081,Base
2024-02,T057,Muebles,415750014,854,Base
2024-02,T057,Tecnologia,368366430,1341,Base
2024-02,T058,Alimentos,63143720,438,Base
2024-02,T058,Belleza,214876349,151,Base
2024-02,T058,Deportes,202486198,215,Base
2024-02,T058,Electrohogar,114219995,877,Base
2024-02,T058,Jugueteria,318161734,1160,Base
2024-02,T058,Moda,385375315,915,Base
2024-02,T058,Muebles,307907861,310,Base
2024-02,T058,Tecnologia,311733207,718,Base
2024-02,T059,Alimentos,395077734,621,Base
2024-02,T059,Belleza,71812086,470,Base
2024-02,T059,Deportes,108630053,1316,Base
2024-02,T059,Electrohogar,273590349,793,Base
2024-02,T059,Jugueteria,201474884,209,Base
2024-02,T059,Moda,55194165,1179,Base
2024-02,T059,Muebles,379691326,1165,Base
2024-02,T059,Tecnologia,96374485,342,Base
2024-02,T060,Alimentos,146965572,549,Base
2024-02,T060,Belleza,274741076,950,Base
2024-02,T060,Deportes,388680809,989,Base
2024-02,T060,Electrohogar,78254709,507,Base
2024-02,T060,Jugueteria,190751325,376,Base
2024-02,T060,Moda,292064014,959,Base
2024-02,T060,Muebles,69778693,595,Base
2024-02,T060,Tecnologia,236010441,924,Base
2024-03,T001,Alimentos,348398764,496,Base
2024-03,T001,Belleza,189265387,428,Base
2024-03,T001,Deportes,305267448,422,Base
2024-03,T001,Electrohogar,185687333,350,Base
2024-03,T001,Jugueteria,108818434,955,Base
2024-03,T001,Moda,270170895,693,Base
2024-03,T001,Muebles,363823996,803,Base
2024-03,T001,Tecnologia,174714234,340,Base
2024-03,T002,Alimentos,218949694,402,Base
2024-03,T002,Belleza,137148220,1046,Base
2024-03,T002,Deportes,104044336,454,Base
2024-03,T002,Electrohogar,343242325,542,Base
2024-03,T002,Jugueteria,263888134,332,Base
2024-03,T002,Moda,198198932,476,Base
2024-03,T002,Muebles,383119787,1381,Base
2024-03,T002,Tecnologia,156417599,212,Base
2024-03,T003,Alimentos,325589088,420,Base
2024-03,T003,Belleza,345282726,160,Base
2024-03,T003,Deportes,402406749,319,Base
2024-03,T003,Electrohogar,244117354,1189,Base
2024-03,T003,Jugueteria,256219206,1243,Base
2024-03,T003,Moda,239159663,398,Base
2024-03,T003,Muebles,334761060,554,Base
2024-03,T003,Tecnologia,231397519,1319,Base
2024-03,T004,Alimentos,334700177,1164,Base
2024-03,T004,Belleza,98943703,738,Base
2024-03,T004,Deportes,397334502,346,Base
2024-03,T004,Electrohogar,383873144,1277,Base
2024-03,T004,Jugueteria,70907455,765,Base
2024-03,T004,Moda,289802191,1219,Base
2024-03,T004,Muebles,295074801,1269,Base
2024-03,T004,Tecnologia,408813852,1391,Base
2024-03,T005,Alimentos,246824288,1394,Base
2024-03,T005,Belleza,271426452,438,Base
2024-03,T005,Deportes,172299273,866,Base
2024-03,T005,Electrohogar,81120732,448,Base
2024-03,T005,Jugueteria,409778957,1029,Base
2024-03,T005,Moda,344630852,990,Base
2024-03,T005,Muebles,151993583,500,Base
2024-03,T005,Tecnologia,189115014,1333,Base
2024-03,T006,Alimentos,264015762,551,Base
2024-03,T006,Belleza,298867752,1361,Base
2024-03,T006,Deportes,311267348,1144,Base
2024-03,T006,Electrohogar,126485329,1320,Base
2024-03,T006,Jugueteria,76574780,322,Base
2024-03,T006,Moda,111135317,475,Base
2024-03,T006,Muebles,74759353,567,Base
2024-03,T006,Tecnologia,386429626,1159,Base
2024-03,T007,Alimentos,356551444,715,Base
2024-03,T007,Belleza,234097481,1157,Base
2024-03,T007,Deportes,123853976,135,Base
2024-03,T007,Electrohogar,333235337,165,Base
2024-03,T007,Jugueteria,204544992,894,Base
2024-03,T007,Moda,112384480,672,Base
2024-03,T007,Muebles,244554254,444,Base
2024-03,T007,Tecnologia,105554055,417,Base
2024-03,T008,Alimentos,226085517,1340,Base
2024-03,T008,Belleza,116256630,1050,Base
2024-03,T008,Deportes,321704113,461,Base
2024-03,T008,Electrohogar,345787949,122,Base
2024-03,T008,Jugueteria,326785811,544,Base
2024-03,T008,Moda,380221070,1280,Base
2024-03,T008,Muebles,93912310,1306,Base
2024-03,T008,Tecnologia,281702015,678,Base
2024-03,T009,Alimentos,243860521,1238,Base
2024-03,T009,Belleza,342990898,862,Base
2024-03,T009,Deportes,210508314,942,Base
2024-03,T009,Electrohogar,134274253,1205,Base
2024-03,T009,Jugueteria,65588602,1133,Base
2024-03,T009,Moda,408941197,1063,Base
2024-03,T009,Muebles,362067021,189,Base
2024-03,T009,Tecnologia,204218137,1284,Base
2024-03,T010,Alimentos,134264750,460,Base
2024-03,T010,Belleza,145866593,1157,Base
2024-03,T010,Deportes,239985311,1180,Base
2024-03,T010,Electrohogar,306667058,506,Base
2024-03,T010,Jugueteria,316445188,123,Base
2024-03,T010,Moda,403171409,369,Base
2024-03,T010,Muebles,162960342,469,Base
2024-03,T010,Tecnologia,361592845,821,Base
2024-03,T011,Alimentos,356919924,219,Base
2024-03,T011,Belleza,319060733,428,Base
2024-03,T011,Deportes,291966457,1037,Base
2024-03,T011,Electrohogar,410220074,482,Base
2024-03,T011,Jugueteria,182699360,624,Base
2024-03,T011,Moda,209102855,715,Base
2024-03,T011,Muebles,87014172,665,Base
2024-03,T011,Tecnologia,242467529,633,Base
2024-03,T012,Alimentos,403368100,666,Base
2024-03,T012,Belleza,132465696,887,Base
2024-03,T012,Deportes,150264711,485,Base
2024-03,T012,Electrohogar,218206056,414,Base
2024-03,T012,Jugueteria,209841139,996,Base
2024-03,T012,Moda,225966820,398,Base
2024-03,T012,Muebles,209521983,432,Base
2024-03,T012,Tecnologia,317403743,1379,Base
2024-03,T013,Alimentos,321622616,510,Base
2024-03,T013,Belleza,416968042,642,Base
2024-03,T013,Deportes,46820764,1367,Base
2024-03,T013,Electrohogar,246832844,1398,Base
2024-03,T013,Jugueteria,211928718,937,Base
2024-03,T013,Moda,396898370,1101,Base
2024-03,T013,Muebles,214320076,1178,Base
2024-03,T013,Tecnologia,242415625,983,Base
2024-03,T014,Alimentos,259958311,878,Base
2024-03,T014,Belleza,168569860,1100,Base
2024-03,T014,Deportes,361689200,180,Base
2024-03,T014,Electrohogar,209954429,1042,Base
2024-03,T014,Jugueteria,392037403,406,Base
2024-03,T014,Moda,342085166,672,Base
2024-03,T014,Muebles,52136555,1163,Base
2024-03,T014,Tecnologia,73320773,335,Base
2024-03,T015,Alimentos,274519421,1099,Base
2024-03,T015,Belleza,237836730,1179,Base
2024-03,T015,Deportes,313080618,1059,Base
2024-03,T015,Electrohogar,113289959,935,Base
2024-03,T015,Jugueteria,106309633,1225,Base
2024-03,T015,Moda,104897251,1333,Base
2024-03,T015,Muebles,417327439,1054,Base
2024-03,T015,Tecnologia,213610105,1197,Base
2024-03,T016,Alimentos,281482851,1219,Base
2024-03,T016,Belleza,395506947,1023,Base
2024-03,T016,Deportes,219072157,449,Base
2024-03,T016,Electrohogar,209540367,129,Base
2024-03,T016,Jugueteria,183945914,861,Base
2024-03,T016,Moda,191848962,1075,Base
2024-03,T016,Muebles,77377443,606,Base
2024-03,T016,Tecnologia,153493866,409,Base
2024-03,T017,Alimentos,284906572,964,Base
2024-03,T017,Belleza,412065142,791,Base
2024-03,T017,Deportes,47146569,1336,Base
2024-03,T017,Electrohogar,138618944,809,Base
2024-03,T017,Jugueteria,164142342,1143,Base
2024-03,T017,Moda,284829988,1363,Base
2024-03,T017,Muebles,405019842,1250,Base
2024-03,T017,Tecnologia,399782002,209,Base
2024-03,T018,Alimentos,69242981,716,Base
2024-03,T018,Belleza,233745735,1252,Base
2024-03,T018,Deportes,243012780,345,Base
2024-03,T018,Electrohogar,123141619,523,Base
2024-03,T018,Jugueteria,181684622,1076,Base
2024-03,T018,Moda,137888677,1399,Base
2024-03,T018,Muebles,166139337,829,Base
2024-03,T018,Tecnologia,182479293,772,Base
2024-03,T019,Alimentos,333914340,640,Base
2024-03,T019,Belleza,168607654,655,Base
2024-03,T019,Deportes,376766493,650,Base
2024-03,T019,Electrohogar,45196254,178,Base
2024-03,T019,Jugueteria,414414661,326,Base
2024-03,T019,Moda,307994781,216,Base
2024-03,T019,Muebles,252838916,762,Base
2024-03,T019,Tecnologia,305608819,195,Base
2024-03,T020,Alimentos,391654494,283,Base
2024-03,T020,Belleza,290350168,300,Base
2024-03,T020,Deportes,114303135,417,Base
2024-03,T020,Electrohogar,135331824,543,Base
2024-03,T020,Jugueteria,351195049,779,Base
2024-03,T020,Moda,155815800,522,Base
2024-03,T020,Muebles,255277346,373,Base
2024-03,T020,Tecnologia,209581558,412,Base
2024-03,T021,Alimentos,105784412,607,Base
2024-03,T021,Belleza,264584528,746,Base
2024-03,T021,Deportes,314445013,145,Base
2024-03,T021,Electrohogar,418411059,1304,Base
2024-03,T021,Jugueteria,210562444,1141,Base
2024-03,T021,Moda,47542647,1289,Base
2024-03,T021,Muebles,45318285,1347,Base
2024-03,T021,Tecnologia,274414570,674,Base
2024-03,T022,Alimentos,252061420,599,Base
2024-03,T022,Belleza,91410829,835,Base
2024-03,T022,Deportes,305824855,340,Base
2024-03,T022,Electrohogar,316940424,293,Base
2024-03,T022,Jugueteria,156013299,1089,Base
2024-03,T022,Moda,237880655,770,Base
2024-03,T022,Muebles,351775611,731,Base
2024-03,T022,Tecnologia,135636398,1318,Base
2024-03,T023,Alimentos,379926815,302,Base
2024-03,T023,Belleza,267013491,1120,Base
2024-03,T023,Deportes,146039550,166,Base
2024-03,T023,Electrohogar,227419720,743,Base
2024-03,T023,Jugueteria,152980573,1248,Base
2024-03,T023,Moda,67136532,1114,Base
2024-03,T023,Muebles,282284698,472,Base
2024-03,T023,Tecnologia,335119031,421,Base
2024-03,T024,Alimentos,100974294,697,Base
2024-03,T024,Belleza,153322725,308,Base
2024-03,T024,Deportes,306922438,1050,Base
2024-03,T024,Electrohogar,97645940,387,Base
2024-03,T024,Jugueteria,331878460,1321,Base
2024-03,T024,Moda,257697437,1058,Base
2024-03,T024,Muebles,324342167,1157,Base
2024-03,T024,Tecnologia,299123501,1016,Base
2024-03,T025,Alimentos,170582961,345,Base
2024-03,T025,Belleza,306622628,275,Base
2024-03,T025,Deportes,363332435,639,Base
2024-03,T025,Electrohogar,302122716,859,Base
2024-03,T025,Jugueteria,91971904,1126,Base
2024-03,T025,Moda,223606708,957,Base
2024-03,T025,Muebles,299691953,273,Base
2024-03,T025,Tecnologia,96944651,1082,Base
2024-03,T026,Alimentos,411861339,1321,Base
2024-03,T026,Belleza,149696867,307,Base
2024-03,T026,Deportes,92291002,368,Base
2024-03,T026,Electrohogar,298551373,1361,Base
2024-03,T026,Jugueteria,413679663,1352,Base
2024-03,T026,Moda,110958463,203,Base
2024-03,T026,Muebles,358650988,646,Base
2024-03,T026,Tecnologia,125100997,159,Base
2024-03,T027,Alimentos,187522321,893,Base
2024-03,T027,Belleza,190595424,819,Base
2024-03,T027,Deportes,374789274,976,Base
2024-03,T027,Electrohogar,84274561,922,Base
2024-03,T027,Jugueteria,333407232,785,Base
2024-03,T027,Moda,105985486,1075,Base
2024-03,T027,Muebles,49933232,431,Base
2024-03,T027,Tecnologia,343149491,148,Base
2024-03,T028,Alimentos,139677399,1119,Base
2024-03,T028,Belleza,245765351,435,Base
2024-03,T028,Deportes,104749148,1217,Base
2024-03,T028,Electrohogar,55600256,900,Base
2024-03,T028,Jugueteria,358207056,1161,Base
2024-03,T028,Moda,413113964,302,Base
2024-03,T028,Muebles,369982805,1229,Base
2024-03,T028,Tecnologia,153109770,925,Base
2024-03,T029,Alimentos,45192950,1379,Base
2024-03,T029,Belleza,57103167,612,Base
2024-03,T029,Deportes,137710433,1103,Base
2024-03,T029,Electrohogar,55395038,305,Base
2024-03,T029,Jugueteria,233193451,734,Base
2024-03,T029,Moda,175347831,515,Base
2024-03,T029,Muebles,298209865,1018,Base
2024-03,T029,Tecnologia,158216449,452,Base
2024-03,T030,Alimentos,199906402,905,Base
2024-03,T030,Belleza,247216978,792,Base
2024-03,T030,Deportes,209545881,687,Base
2024-03,T030,Electrohogar,88779037,1148,Base
2024-03,T030,Jugueteria,349108374,708,Base
2024-03,T030,Moda,216935995,200,Base
2024-03,T030,Muebles,257211008,1172,Base
2024-03,T030,Tecnologia,386001014,1180,Base
2024-03,T031,Alimentos,170416310,673,Base
2024-03,T031,Belleza,387638255,190,Base
2024-03,T031,Deportes,412476124,819,Base
2024-03,T031,Electrohogar,180103092,946,Base
2024-03,T031,Jugueteria,391463058,219,Base
2024-03,T031,Moda,202593336,222,Base
2024-03,T031,Muebles,182813453,1293,Base
2024-03,T031,Tecnologia,246655074,1198,Base
2024-03,T032,Alimentos,384985132,1216,Base
2024-03,T032,Belleza,137099809,973,Base
2024-03,T032,Deportes,213577662,559,Base
2024-03,T032,Electrohogar,188796873,940,Base
2024-03,T032,Jugueteria,79379007,1124,Base
2024-03,T032,Moda,124286455,1145,Base
2024-03,T032,Muebles,226750313,455,Base
2024-03,T032,Tecnologia,399271911,933,Base
2024-03,T033,Alimentos,293511003,853,Base
2024-03,T033,Belleza,319287571,182,Base
2024-03,T033,Deportes,178160706,513,Base
2024-03,T033,Electrohogar,333928989,1142,Base
2024-03,T033,Jugueteria,266247825,1186,Base
2024-03,T033,Moda,294314160,691,Base
2024-03,T033,Muebles,231208690,230,Base
2024-03,T033,Tecnologia,284020606,855,Base
2024-03,T034,Alimentos,110074792,933,Base
2024-03,T034,Belleza,298814075,228,Base
2024-03,T034,Deportes,373379975,981,Base
2024-03,T034,Electrohogar,115013215,123,Base
2024-03,T034,Jugueteria,362586249,519,Base
2024-03,T034,Moda,149138664,295,Base
2024-03,T034,Muebles,86800895,988,Base
2024-03,T034,Tecnologia,397830148,941,Base
2024-03,T035,Alimentos,116561293,402,Base
2024-03,T035,Belleza,184464572,1297,Base
2024-03,T035,Deportes,135548873,1343,Base
2024-03,T035,Electrohogar,368467268,340,Base
2024-03,T035,Jugueteria,106934823,1191,Base
2024-03,T035,Moda,337280588,664,Base
2024-03,T035,Muebles,57384821,1240,Base
2024-03,T035,Tecnologia,118814326,448,Base
2024-03,T036,Alimentos,398090535,1296,Base
2024-03,T036,Belleza,247845689,715,Base
2024-03,T036,Deportes,136476232,184,Base
2024-03,T036,Electrohogar,348707838,366,Base
2024-03,T036,Jugueteria,264117146,1191,Base
2024-03,T036,Moda,335632355,753,Base
2024-03,T036,Muebles,74698000,333,Base
2024-03,T036,Tecnologia,83878260,536,Base
2024-03,T037,Alimentos,123353631,950,Base
2024-03,T037,Belleza,317877367,1276,Base
2024-03,T037,Deportes,338349685,336,Base
2024-03,T037,Electrohogar,249183550,163,Base
2024-03,T037,Jugueteria,70470568,320,Base
2024-03,T037,Moda,115017124,246,Base
2024-03,T037,Muebles,362591013,1061,Base
2024-03,T037,Tecnologia,219218870,828,Base
2024-03,T038,Alimentos,256784347,1099,Base
2024-03,T038,Belleza,373072528,946,Base
2024-03,T038,Deportes,375263933,285,Base
2024-03,T038,Electrohogar,337274892,1149,Base
2024-03,T038,Jugueteria,158449445,330,Base
2024-03,T038,Moda,419362134,282,Base
2024-03,T038,Muebles,392828139,619,Base
2024-03,T038,Tecnologia,221485885,913,Base
2024-03,T039,Alimentos,145734425,1019,Base
2024-03,T039,Belleza,226392499,541,Base
2024-03,T039,Deportes,190161958,918,Base
2024-03,T039,Electrohogar,364150354,769,Base
2024-03,T039,Jugueteria,192179069,1306,Base
2024-03,T039,Moda,250701217,558,Base
2024-03,T039,Muebles,131861496,966,Base
2024-03,T039,Tecnologia,84186816,1361,Base
2024-03,T040,Alimentos,103770648,669,Base
2024-03,T040,Belleza,412114509,1155,Base
2024-03,T040,Deportes,90226601,375,Base
2024-03,T040,Electrohogar,203977665,222,Base
2024-03,T040,Jugueteria,347378027,489,Base
2024-03,T040,Moda,388439164,659,Base
2024-03,T040,Muebles,415510265,400,Base
2024-03,T040,Tecnologia,124671272,688,Base
2024-03,T041,Alimentos,103331106,285,Base
2024-03,T041,Belleza,214557073,1143,Base
2024-03,T041,Deportes,341701477,202,Base
2024-03,T041,Electrohogar,295984300,1067,Base
2024-03,T041,Jugueteria,153982640,892,Base
2024-03,T041,Moda,88976980,652,Base
2024-03,T041,Muebles,194607221,343,Base
2024-03,T041,Tecnologia,206239915,597,Base
2024-03,T042,Alimentos,338616544,995,Base
2024-03,T042,Belleza,68264265,229,Base
2024-03,T042,Deportes,80515103,1103,Base
2024-03,T042,Electrohogar,180042282,1053,Base
2024-03,T042,Jugueteria,268830936,994,Base
2024-03,T042,Moda,71749346,1022,Base
2024-03,T042,Muebles,102374724,252,Base
2024-03,T042,Tecnologia,114825342,1161,Base
2024-03,T043,Alimentos,304341766,308,Base
2024-03,T043,Belleza,405401573,561,Base
2024-03,T043,Deportes,168365488,599,Base
2024-03,T043,Electrohogar,195931438,873,Base
2024-03,T043,Jugueteria,167951174,316,Base
2024-03,T043,Moda,153092032,1228,Base
2024-03,T043,Muebles,291825186,483,Base
2024-03,T043,Tecnologia,86106694,1366,Base
2024-03,T044,Alimentos,83972789,533,Base
2024-03,T044,Belleza,352192133,713,Base
2024-03,T044,Deportes,101051656,1143,Base
2024-03,T044,Electrohogar,413369222,912,Base
2024-03,T044,Jugueteria,246020405,1238,Base
2024-03,T044,Moda,357970801,518,Base
2024-03,T044,Muebles,226621742,735,Base
2024-03,T044,Tecnologia,341301136,774,Base
2024-03,T045,Alimentos,233310369,1062,Base
2024-03,T045,Belleza,135250128,1395,Base
2024-03,T045,Deportes,347282481,1265,Base
2024-03,T045,Electrohogar,389409880,491,Base
2024-03,T045,Jugueteria,355718256,1083,Base
2024-03,T045,Moda,153184108,796,Base
2024-03,T045,Muebles,118220755,1225,Base
2024-03,T045,Tecnologia,88680252,1377,Base
2024-03,T046,Alimentos,357955460,434,Base
2024-03,T046,Belleza,76817137,708,Base
2024-03,T046,Deportes,269533444,811,Base
2024-03,T046,Electrohogar,169398773,143,Base
2024-03,T046,Jugueteria,368541251,973,Base
2024-03,T046,Moda,349663016,198,Base
2024-03,T046,Muebles,123914579,208,Base
2024-03,T046,Tecnologia,356061678,377,Base
2024-03,T047,Alimentos,385395659,286,Base
2024-03,T047,Belleza,293976173,1160,Base
2024-03,T047,Deportes,144762040,1199,Base
2024-03,T047,Electrohogar,132218201,779,Base
2024-03,T047,Jugueteria,216022140,982,Base
2024-03,T047,Moda,366966737,677,Base
2024-03,T047,Muebles,307326243,428,Base
2024-03,T047,Tecnologia,91330376,978,Base
2024-03,T048,Alimentos,72680080,331,Base
2024-03,T048,Belleza,212328874,942,Base
2024-03,T048,Deportes,347613234,1322,Base
2024-03,T048,Electrohogar,264093915,1283,Base
2024-03,T048,Jugueteria,398727030,432,Base
2024-03,T048,Moda,134905972,993,Base
2024-03,T048,Muebles,418584179,137,Base
2024-03,T048,Tecnologia,216785315,615,Base
2024-03,T049,Alimentos,404472177,650,Base
2024-03,T049,Belleza,45216895,671,Base
2024-03,T049,Deportes,309650424,1206,Base
2024-03,T049,Electrohogar,71031238,394,Base
2024-03,T049,Jugueteria,307772438,326,Base
2024-03,T049,Moda,220023008,883,Base
2024-03,T049,Muebles,272310132,776,Base
2024-03,T049,Tecnologia,190882558,349,Base
2024-03,T050,Alimentos,215647611,1067,Base
2024-03,T050,Belleza,113168619,764,Base
2024-03,T050,Deportes,337096303,901,Base
2024-03,T050,Electrohogar,201758527,302,Base
2024-03,T050,Jugueteria,156425396,679,Base
2024-03,T050,Moda,273546805,286,Base
2024-03,T050,Muebles,336161654,1096,Base
2024-03,T050,Tecnologia,283946388,479,Base
2024-03,T051,Alimentos,203966819,779,Base
2024-03,T051,Belleza,315586978,1079,Base
2024-03,T051,Deportes,382794020,1206,Base
2024-03,T051,Electrohogar,145742144,532,Base
2024-03,T051,Jugueteria,308656756,1334,Base
2024-03,T051,Moda,156091485,1217,Base
2024-03,T051,Muebles,336978737,1394,Base
2024-03,T051,Tecnologia,336792484,1209,Base
2024-03,T052,Alimentos,381538247,883,Base
2024-03,T052,Belleza,208228581,274,Base
2024-03,T052,Deportes,112864614,1393,Base
2024-03,T052,Electrohogar,75495935,937,Base
2024-03,T052,Jugueteria,168352106,761,Base
2024-03,T052,Moda,362497861,1179,Base
2024-03,T052,Muebles,156164149,998,Base
2024-03,T052,Tecnologia,197117590,959,Base
2024-03,T053,Alimentos,202542855,372,Base
2024-03,T053,Belleza,222478346,265,Base
2024-03,T053,Deportes,203029264,585,Base
2024-03,T053,Electrohogar,272613311,696,Base
2024-03,T053,Jugueteria,264364977,748,Base
2024-03,T053,Moda,256744848,569,Base
2024-03,T053,Muebles,276661029,929,Base
2024-03,T053,Tecnologia,130752369,676,Base
2024-03,T054,Alimentos,354180589,617,Base
2024-03,T054,Belleza,212177506,1251,Base
2024-03,T054,Deportes,210523937,1046,Base
2024-03,T054,Electrohogar,378482125,228,Base
2024-03,T054,Jugueteria,78395576,1034,Base
2024-03,T054,Moda,235159566,585,Base
2024-03,T054,Muebles,403887796,1161,Base
2024-03,T054,Tecnologia,209558661,235,Base
2024-03,T055,Alimentos,96904786,1070,Base
2024-03,T055,Belleza,404653553,560,Base
2024-03,T055,Deportes,145193459,1066,Base
2024-03,T055,Electrohogar,310255234,980,Base
2024-03,T055,Jugueteria,122787888,418,Base
2024-03,T055,Moda,364101645,184,Base
2024-03,T055,Muebles,151520770,684,Base
2024-03,T055,Tecnologia,265417368,782,Base
2024-03,T056,Alimentos,352244636,1206,Base
2024-03,T056,Belleza,100552348,322,Base
2024-03,T056,Deportes,268499521,860,Base
2024-03,T056,Electrohogar,245444406,1052,Base
2024-03,T056,Jugueteria,415199563,502,Base
2024-03,T056,Moda,274472802,769,Base
2024-03,T056,Muebles,363000256,790,Base
2024-03,T056,Tecnologia,338100162,863,Base
2024-03,T057,Alimentos,353029205,866,Base
2024-03,T057,Belleza,166672401,755,Base
2024-03,T057,Deportes,136733781,565,Base
2024-03,T057,Electrohogar,363633490,788,Base
2024-03,T057,Jugueteria,145916617,826,Base
2024-03,T057,Moda,293803231,642,Base
2024-03,T057,Muebles,120111271,787,Base
2024-03,T057,Tecnologia,362899060,508,Base
2024-03,T058,Alimentos,180755740,268,Base
2024-03,T058,Belleza,331936208,584,Base
2024-03,T058,Deportes,366901469,672,Base
2024-03,T058,Electrohogar,274315190,585,Base
2024-03,T058,Jugueteria,253705128,394,Base
2024-03,T058,Moda,364444275,166,Base
2024-03,T058,Muebles,398106577,194,Base
2024-03,T058,Tecnologia,407910915,1271,Base
2024-03,T059,Alimentos,394636671,351,Base
2024-03,T059,Belleza,52385381,1257,Base
2024-03,T059,Deportes,131265428,595,Base
2024-03,T059,Electrohogar,219455812,964,Base
2024-03,T059,Jugueteria,152593924,708,Base
2024-03,T059,Moda,120930654,1311,Base
2024-03,T059,Muebles,73172585,1354,Base
2024-03,T059,Tecnologia,123390556,1033,Base
2024-03,T060,Alimentos,239544067,776,Base
2024-03,T060,Belleza,277622296,187,Base
2024-03,T060,Deportes,123646239,929,Base
2024-03,T060,Electrohogar,276736751,703,Base
2024-03,T060,Jugueteria,411249636,236,Base
2024-03,T060,Moda,96942018,981,Base
2024-03,T060,Muebles,238049794,1212,Base
2024-03,T060,Tecnologia,220492161,339,Base
2024-04,T001,Alimentos,310852746,762,Base
2024-04,T001,Belleza,224937474,1086,Base
2024-04,T001,Deportes,147110658,1349,Base
2024-04,T001,Electrohogar,291097071,845,Base
2024-04,T001,Jugueteria,288504233,1162,Base
2024-04,T001,Moda,185641102,507,Base
2024-04,T001,Muebles,193042209,404,Base
2024-04,T001,Tecnologia,342201080,376,Base
2024-04,T002,Alimentos,269648944,1147,Base
2024-04,T002,Belleza,308041360,627,Base
2024-04,T002,Deportes,134058037,852,Base
2024-04,T002,Electrohogar,110107475,1147,Base
2024-04,T002,Jugueteria,89373156,604,Base
2024-04,T002,Moda,99607894,639,Base
2024-04,T002,Muebles,384605300,339,Base
2024-04,T002,Tecnologia,162274076,775,Base
2024-04,T003,Alimentos,324682468,738,Base
2024-04,T003,Belleza,405018264,398,Base
2024-04,T003,Deportes,358598278,1266,Base
2024-04,T003,Electrohogar,154957714,861,Base
2024-04,T003,Jugueteria,109914191,824,Base
2024-04,T003,Moda,193326714,410,Base
2024-04,T003,Muebles,193531064,1324,Base
2024-04,T003,Tecnologia,53534669,550,Base
2024-04,T004,Alimentos,286487748,459,Base
2024-04,T004,Belleza,289488210,443,Base
2024-04,T004,Deportes,324915539,1160,Base
2024-04,T004,Electrohogar,331073183,430,Base
2024-04,T004,Jugueteria,355032285,134,Base
2024-04,T004,Moda,336431883,321,Base
2024-04,T004,Muebles,283085263,1284,Base
2024-04,T004,Tecnologia,70170095,1149,Base
2024-04,T005,Alimentos,288119839,853,Base
2024-04,T005,Belleza,260544769,620,Base
2024-04,T005,Deportes,322088343,144,Base
2024-04,T005,Electrohogar,90629891,723,Base
2024-04,T005,Jugueteria,59774114,1052,Base
2024-04,T005,Moda,403972653,372,Base
2024-04,T005,Muebles,409860338,1006,Base
2024-04,T005,Tecnologia,231648119,144,Base
2024-04,T006,Alimentos,104142633,216,Base
2024-04,T006,Belleza,238714686,1192,Base
2024-04,T006,Deportes,126343196,760,Base
2024-04,T006,Electrohogar,104063598,1208,Base
2024-04,T006,Jugueteria,69693889,202,Base
2024-04,T006,Moda,265519074,149,Base
2024-04,T006,Muebles,105053036,828,Base
2024-04,T006,Tecnologia,90599535,703,Base
2024-04,T007,Alimentos,356762943,457,Base
2024-04,T007,Belleza,319127389,1163,Base
2024-04,T007,Deportes,74851914,1320,Base
2024-04,T007,Electrohogar,98898568,1221,Base
2024-04,T007,Jugueteria,191951516,1294,Base
2024-04,T007,Moda,399801345,463,Base
2024-04,T007,Muebles,246564782,398,Base
2024-04,T007,Tecnologia,245279537,271,Base
2024-04,T008,Alimentos,351182388,1315,Base
2024-04,T008,Belleza,227472207,1049,Base
2024-04,T008,Deportes,66589449,1300,Base
2024-04,T008,Electrohogar,246215844,875,Base
2024-04,T008,Jugueteria,57939876,299,Base
2024-04,T008,Moda,215373191,1294,Base
2024-04,T008,Muebles,334579468,961,Base
2024-04,T008,Tecnologia,356651998,442,Base
2024-04,T009,Alimentos,147547897,646,Base
2024-04,T009,Belleza,151329962,1299,Base
2024-04,T009,Deportes,325297551,489,Base
2024-04,T009,Electrohogar,129882663,1220,Base
2024-04,T009,Jugueteria,213772285,707,Base
2024-04,T009,Moda,129604704,881,Base
2024-04,T009,Muebles,282141734,1271,Base
2024-04,T009,Tecnologia,241568896,1188,Base
2024-04,T010,Alimentos,94173438,250,Base
2024-04,T010,Belleza,55698197,1333,Base
2024-04,T010,Deportes,333665939,283,Base
2024-04,T010,Electrohogar,210994530,963,Base
2024-04,T010,Jugueteria,136059631,1161,Base
2024-04,T010,Moda,339636319,281,Base
2024-04,T010,Muebles,275930670,184,Base
2024-04,T010,Tecnologia,366338541,885,Base
2024-04,T011,Alimentos,320504153,1046,Base
2024-04,T011,Belleza,153495110,562,Base
2024-04,T011,Deportes,268859193,1301,Base
2024-04,T011,Electrohogar,189176620,849,Base
2024-04,T011,Jugueteria,350448383,1105,Base
2024-04,T011,Moda,411877523,1197,Base
2024-04,T011,Muebles,315449086,972,Base
2024-04,T011,Tecnologia,299959150,560,Base
2024-04,T012,Alimentos,413187695,139,Base
2024-04,T012,Belleza,93020789,949,Base
2024-04,T012,Deportes,363615816,170,Base
2024-04,T012,Electrohogar,387645976,212,Base
2024-04,T012,Jugueteria,142828606,650,Base
2024-04,T012,Moda,111208830,1150,Base
2024-04,T012,Muebles,327099273,1306,Base
2024-04,T012,Tecnologia,251634467,1037,Base
2024-04,T013,Alimentos,228019481,777,Base
2024-04,T013,Belleza,291271618,997,Base
2024-04,T013,Deportes,377984898,135,Base
2024-04,T013,Electrohogar,291032712,261,Base
2024-04,T013,Jugueteria,341508931,282,Base
2024-04,T013,Moda,347144387,1301,Base
2024-04,T013,Muebles,51778149,1328,Base
2024-04,T013,Tecnologia,406807370,284,Base
2024-04,T014,Alimentos,338301547,475,Base
2024-04,T014,Belleza,404787688,902,Base
2024-04,T014,Deportes,354960726,1136,Base
2024-04,T014,Electrohogar,405650196,498,Base
2024-04,T014,Jugueteria,82332322,574,Base
2024-04,T014,Moda,136503530,1221,Base
2024-04,T014,Muebles,192881616,744,Base
2024-04,T014,Tecnologia,268432464,961,Base
2024-04,T015,Alimentos,335029889,599,Base
2024-04,T015,Belleza,286475917,630,Base
2024-04,T015,Deportes,120428343,1023,Base
2024-04,T015,Electrohogar,302226443,886,Base
2024-04,T015,Jugueteria,140917598,611,Base
2024-04,T015,Moda,275009947,1021,Base
2024-04,T015,Muebles,326500344,1348,Base
2024-04,T015,Tecnologia,221531327,149,Base
2024-04,T016,Alimentos,161021204,535,Base
2024-04,T016,Belleza,195614969,1377,Base
2024-04,T016,Deportes,115858112,1225,Base
2024-04,T016,Electrohogar,107809375,581,Base
2024-04,T016,Jugueteria,83724663,866,Base
2024-04,T016,Moda,356057675,1097,Base
2024-04,T016,Muebles,317911674,1364,Base
2024-04,T016,Tecnologia,91395417,1243,Base
2024-04,T017,Alimentos,405403696,1187,Base
2024-04,T017,Belleza,329212396,460,Base
2024-04,T017,Deportes,70449641,996,Base
2024-04,T017,Electrohogar,134710211,1237,Base
2024-04,T017,Jugueteria,243352247,1010,Base
2024-04,T017,Moda,62686132,180,Base
2024-04,T017,Muebles,47697076,772,Base
2024-04,T017,Tecnologia,313183606,1281,Base
2024-04,T018,Alimentos,45938116,872,Base
2024-04,T018,Belleza,224431504,1005,Base
2024-04,T018,Deportes,225776597,1146,Base
2024-04,T018,Electrohogar,142084956,756,Base
2024-04,T018,Jugueteria,222507956,1189,Base
2024-04,T018,Moda,46019981,269,Base
2024-04,T018,Muebles,395591159,1295,Base
2024-04,T018,Tecnologia,47641651,873,Base
2024-04,T019,Alimentos,185796793,406,Base
2024-04,T019,Belleza,357816761,268,Base
2024-04,T019,Deportes,274544032,1005,Base
2024-04,T019,Electrohogar,243719149,1343,Base
2024-04,T019,Jugueteria,126994229,1226,Base
2024-04,T019,Moda,134663292,992,Base
2024-04,T019,Muebles,77569552,852,Base
2024-04,T019,Tecnologia,244629938,812,Base
2024-04,T020,Alimentos,57800661,202,Base
2024-04,T020,Belleza,417848095,1009,Base
2024-04,T020,Deportes,365954327,366,Base
2024-04,T020,Electrohogar,398762503,296,Base
2024-04,T020,Jugueteria,192624140,736,Base
2024-04,T020,Moda,414931391,652,Base
2024-04,T020,Muebles,211536054,588,Base
2024-04,T020,Tecnologia,321058570,577,Base
2024-04,T021,Alimentos,176519010,1326,Base
2024-04,T021,Belleza,410276629,337,Base
2024-04,T021,Deportes,208706509,1037,Base
2024-04,T021,Electrohogar,345767115,1362,Base
2024-04,T021,Jugueteria,107469902,1178,Base
2024-04,T021,Moda,111172577,784,Base
2024-04,T021,Muebles,302172800,993,Base
2024-04,T021,Tecnologia,85494638,1105,Base
2024-04,T022,Alimentos,345355626,966,Base
2024-04,T022,Belleza,54182052,570,Base
2024-04,T022,Deportes,386436203,1130,Base
2024-04,T022,Electrohogar,55703507,1022,Base
2024-04,T022,Jugueteria,191976493,1234,Base
2024-04,T022,Moda,114319842,1251,Base
2024-04,T022,Muebles,159995292,541,Base
2024-04,T022,Tecnologia,226627017,543,Base
2024-04,T023,Alimentos,217252271,1253,Base
2024-04,T023,Belleza,168022341,1080,Base
2024-04,T023,Deportes,411875759,1385,Base
2024-04,T023,Electrohogar,211687767,1389,Base
2024-04,T023,Jugueteria,346522183,762,Base
2024-04,T023,Moda,345452504,1378,Base
2024-04,T023,Muebles,395213540,902,Base
2024-04,T023,Tecnologia,403439258,884,Base
2024-04,T024,Alimentos,340164290,406,Base
2024-04,T024,Belleza,398692983,559,Base
2024-04,T024,Deportes,263546772,423,Base
2024-04,T024,Electrohogar,219623848,561,Base
2024-04,T024,Jugueteria,236933931,551,Base
2024-04,T024,Moda,50283902,150,Base
2024-04,T024,Muebles,251811127,1369,Base
2024-04,T024,Tecnologia,270968499,1299,Base
2024-04,T025,Alimentos,212595949,167,Base
2024-04,T025,Belleza,345255001,583,Base
2024-04,T025,Deportes,418145564,920,Base
2024-04,T025,Electrohogar,170754930,591,Base
2024-04,T025,Jugueteria,271178551,1099,Base
2024-04,T025,Moda,88591340,569,Base
2024-04,T025,Muebles,69573722,535,Base
2024-04,T025,Tecnologia,203120211,1045,Base
2024-04,T026,Alimentos,210145934,1077,Base
2024-04,T026,Belleza,380509410,879,Base
2024-04,T026,Deportes,46719271,637,Base
2024-04,T026,Electrohogar,213920414,556,Base
2024-04,T026,Jugueteria,271813433,622,Base
2024-04,T026,Moda,370220175,998,Base
2024-04,T026,Muebles,156893270,1250,Base
2024-04,T026,Tecnologia,214463178,547,Base
2024-04,T027,Alimentos,410065574,1312,Base
2024-04,T027,Belleza,81983087,471,Base
2024-04,T027,Deportes,415199731,130,Base
2024-04,T027,Electrohogar,372204568,321,Base
2024-04,T027,Jugueteria,297360927,162,Base
2024-04,T027,Moda,385774264,817,Base
2024-04,T027,Muebles,192386872,595,Base
2024-04,T027,Tecnologia,222897316,1177,Base
2024-04,T028,Alimentos,98768121,987,Base
2024-04,T028,Belleza,333338399,353,Base
2024-04,T028,Deportes,343791960,1363,Base
2024-04,T028,Electrohogar,137384090,645,Base
2024-04,T028,Jugueteria,168170152,142,Base
2024-04,T028,Moda,394587284,982,Base
2024-04,T028,Muebles,97878223,1353,Base
2024-04,T028,Tecnologia,294519933,820,Base
2024-04,T029,Alimentos,239254659,976,Base
2024-04,T029,Belleza,386755940,784,Base
2024-04,T029,Deportes,149677642,561,Base
2024-04,T029,Electrohogar,299794318,1114,Base
2024-04,T029,Jugueteria,356742417,606,Base
2024-04,T029,Moda,74282873,278,Base
2024-04,T029,Muebles,83540722,1126,Base
2024-04,T029,Tecnologia,94846429,984,Base
2024-04,T030,Alimentos,229719685,166,Base
2024-04,T030,Belleza,362218965,262,Base
2024-04,T030,Deportes,333778103,326,Base
2024-04,T030,Electrohogar,219101008,520,Base
2024-04,T030,Jugueteria,221709244,204,Base
2024-04,T030,Moda,98262754,1357,Base
2024-04,T030,Muebles,266360966,585,Base
2024-04,T030,Tecnologia,293502002,431,Base
2024-04,T031,Alimentos,195262496,336,Base
2024-04,T031,Belleza,355405794,1137,Base
2024-04,T031,Deportes,47037307,1151,Base
2024-04,T031,Electrohogar,209418270,577,Base
2024-04,T031,Jugueteria,352093581,673,Base
2024-04,T031,Moda,183266507,404,Base
2024-04,T031,Muebles,356215602,276,Base
2024-04,T031,Tecnologia,372671079,509,Base
2024-04,T032,Alimentos,280378707,1003,Base
2024-04,T032,Belleza,48051549,346,Base
2024-04,T032,Deportes,269686820,287,Base
2024-04,T032,Electrohogar,320685477,414,Base
2024-04,T032,Jugueteria,278162247,1329,Base
2024-04,T032,Moda,380376065,749,Base
2024-04,T032,Muebles,180901002,546,Base
2024-04,T032,Tecnologia,328944674,1027,Base
2024-04,T033,Alimentos,155708527,969,Base
2024-04,T033,Belleza,313236858,568,Base
2024-04,T033,Deportes,142732724,1189,Base
2024-04,T033,Electrohogar,286553500,553,Base
2024-04,T033,Jugueteria,84307745,725,Base
2024-04,T033,Moda,128225740,1320,Base
2024-04,T033,Muebles,59664430,730,Base
2024-04,T033,Tecnologia,227982257,1001,Base
2024-04,T034,Alimentos,249452219,780,Base
2024-04,T034,Belleza,76091727,472,Base
2024-04,T034,Deportes,80721914,993,Base
2024-04,T034,Electrohogar,123591550,347,Base
2024-04,T034,Jugueteria,53007436,773,Base
2024-04,T034,Moda,356831305,518,Base
2024-04,T034,Muebles,182250900,221,Base
2024-04,T034,Tecnologia,237745364,180,Base
2024-04,T035,Alimentos,142344598,240,Base
2024-04,T035,Belleza,238697807,703,Base
2024-04,T035,Deportes,209911669,190,Base
2024-04,T035,Electrohogar,288646555,669,Base
2024-04,T035,Jugueteria,381293066,394,Base
2024-04,T035,Moda,413148878,1172,Base
2024-04,T035,Muebles,142899190,956,Base
2024-04,T035,Tecnologia,392477642,1294,Base
2024-04,T036,Alimentos,103038434,1028,Base
2024-04,T036,Belleza,378369363,923,Base
2024-04,T036,Deportes,109716843,1346,Base
2024-04,T036,Electrohogar,393104859,926,Base
2024-04,T036,Jugueteria,375918581,936,Base
2024-04,T036,Moda,129112310,168,Base
2024-04,T036,Muebles,81204888,649,Base
2024-04,T036,Tecnologia,269778009,775,Base
2024-04,T037,Alimentos,239442197,787,Base
2024-04,T037,Belleza,59899932,152,Base
2024-04,T037,Deportes,268259879,1274,Base
2024-04,T037,Electrohogar,278779948,374,Base
2024-04,T037,Jugueteria,198234471,1339,Base
2024-04,T037,Moda,169282801,1317,Base
2024-04,T037,Muebles,351046522,789,Base
2024-04,T037,Tecnologia,341964331,1305,Base
2024-04,T038,Alimentos,211727271,1070,Base
2024-04,T038,Belleza,395838709,1378,Base
2024-04,T038,Deportes,127902966,1340,Base
2024-04,T038,Electrohogar,310234379,631,Base
2024-04,T038,Jugueteria,128597312,608,Base
2024-04,T038,Moda,110340492,949,Base
2024-04,T038,Muebles,344572801,1369,Base
2024-04,T038,Tecnologia,176973901,967,Base
2024-04,T039,Alimentos,195659200,907,Base
2024-04,T039,Belleza,174805496,294,Base
2024-04,T039,Deportes,374580693,348,Base
2024-04,T039,Electrohogar,415739432,768,Base
2024-04,T039,Jugueteria,167321636,705,Base
2024-04,T039,Moda,296940832,924,Base
2024-04,T039,Muebles,386958777,832,Base
2024-04,T039,Tecnologia,203839127,582,Base
2024-04,T040,Alimentos,359210976,389,Base
2024-04,T040,Belleza,312211232,756,Base
2024-04,T040,Deportes,401941959,448,Base
2024-04,T040,Electrohogar,407756885,447,Base
2024-04,T040,Jugueteria,409601120,1037,Base
2024-04,T040,Moda,138904782,556,Base
2024-04,T040,Muebles,181573600,262,Base
2024-04,T040,Tecnologia,196565736,539,Base
2024-04,T041,Alimentos,45736102,1114,Base
2024-04,T041,Belleza,165418979,1210,Base
2024-04,T041,Deportes,407435975,720,Base
2024-04,T041,Electrohogar,244787766,1133,Base
2024-04,T041,Jugueteria,321505536,410,Base
2024-04,T041,Moda,221412545,1247,Base
2024-04,T041,Muebles,96021929,1284,Base
2024-04,T041,Tecnologia,119119666,1155,Base
2024-04,T042,Alimentos,105069755,383,Base
2024-04,T042,Belleza,331283985,262,Base
2024-04,T042,Deportes,253742032,1105,Base
2024-04,T042,Electrohogar,275884644,561,Base
2024-04,T042,Jugueteria,293465600,271,Base
2024-04,T042,Moda,281458252,1212,Base
2024-04,T042,Muebles,244530457,885,Base
2024-04,T042,Tecnologia,95242026,586,Base
2024-04,T043,Alimentos,296383082,656,Base
2024-04,T043,Belleza,194654444,429,Base
2024-04,T043,Deportes,150469866,1207,Base
2024-04,T043,Electrohogar,163953781,543,Base
2024-04,T043,Jugueteria,236087482,392,Base
2024-04,T043,Moda,161998964,521,Base
2024-04,T043,Muebles,298969356,519,Base
2024-04,T043,Tecnologia,214346152,698,Base
2024-04,T044,Alimentos,140230969,1180,Base
2024-04,T044,Belleza,356366676,568,Base
2024-04,T044,Deportes,378263316,730,Base
2024-04,T044,Electrohogar,210591729,986,Base
2024-04,T044,Jugueteria,322799637,322,Base
2024-04,T044,Moda,73672805,932,Base
2024-04,T044,Muebles,256569428,179,Base
2024-04,T044,Tecnologia,240184960,543,Base
2024-04,T045,Alimentos,287525930,1299,Base
2024-04,T045,Belleza,399712248,335,Base
2024-04,T045,Deportes,361826690,876,Base
2024-04,T045,Electrohogar,203170756,566,Base
2024-04,T045,Jugueteria,349689751,1324,Base
2024-04,T045,Moda,336312973,1046,Base
2024-04,T045,Muebles,98676046,392,Base
2024-04,T045,Tecnologia,195584236,773,Base
2024-04,T046,Alimentos,85896327,1312,Base
2024-04,T046,Belleza,399957355,601,Base
2024-04,T046,Deportes,188944007,1319,Base
2024-04,T046,Electrohogar,367659678,181,Base
2024-04,T046,Jugueteria,148868679,1085,Base
2024-04,T046,Moda,97656557,1247,Base
2024-04,T046,Muebles,379895544,303,Base
2024-04,T046,Tecnologia,397062238,251,Base
2024-04,T047,Alimentos,350514058,803,Base
2024-04,T047,Belleza,85002281,412,Base
2024-04,T047,Deportes,341825261,609,Base
2024-04,T047,Electrohogar,400098973,1144,Base
2024-04,T047,Jugueteria,95080669,741,Base
2024-04,T047,Moda,55412738,296,Base
2024-04,T047,Muebles,409099508,653,Base
2024-04,T047,Tecnologia,126394381,179,Base
2024-04,T048,Alimentos,75273585,1025,Base
2024-04,T048,Belleza,87446582,1263,Base
2024-04,T048,Deportes,346258687,437,Base
2024-04,T048,Electrohogar,276185501,382,Base
2024-04,T048,Jugueteria,399793927,1174,Base
2024-04,T048,Moda,407036284,1174,Base
2024-04,T048,Muebles,212302332,570,Base
2024-04,T048,Tecnologia,335003151,687,Base
2024-04,T049,Alimentos,388990144,672,Base
2024-04,T049,Belleza,384782672,1046,Base
2024-04,T049,Deportes,306889537,1269,Base
2024-04,T049,Electrohogar,353096357,1361,Base
2024-04,T049,Jugueteria,191062428,296,Base
2024-04,T049,Moda,124167816,663,Base
2024-04,T049,Muebles,81614534,648,Base
2024-04,T049,Tecnologia,312520381,780,Base
2024-04,T050,Alimentos,265864662,983,Base
2024-04,T050,Belleza,228527712,596,Base
2024-04,T050,Deportes,205869734,1333,Base
2024-04,T050,Electrohogar,379352236,371,Base
2024-04,T050,Jugueteria,340948296,671,Base
2024-04,T050,Moda,106403010,782,Base
2024-04,T050,Muebles,258697865,329,Base
2024-04,T050,Tecnologia,416917057,1198,Base
2024-04,T051,Alimentos,291282279,206,Base
2024-04,T051,Belleza,244243938,437,Base
2024-04,T051,Deportes,356505057,544,Base
2024-04,T051,Electrohogar,172977849,1366,Base
2024-04,T051,Jugueteria,284720773,632,Base
2024-04,T051,Moda,107324796,1335,Base
2024-04,T051,Muebles,53527131,1047,Base
2024-04,T051,Tecnologia,389335578,981,Base
2024-04,T052,Alimentos,332777590,1128,Base
2024-04,T052,Belleza,230079234,975,Base
2024-04,T052,Deportes,159978564,1177,Base
2024-04,T052,Electrohogar,392251847,1032,Base
2024-04,T052,Jugueteria,77020791,763,Base
2024-04,T052,Moda,207933036,457,Base
2024-04,T052,Muebles,282883294,1285,Base
2024-04,T052,Tecnologia,355101193,1275,Base
2024-04,T053,Alimentos,292407995,556,Base
2024-04,T053,Belleza,209079656,1340,Base
2024-04,T053,Deportes,216125785,638,Base
2024-04,T053,Electrohogar,237274234,626,Base
2024-04,T053,Jugueteria,367581320,1274,Base
2024-04,T053,Moda,313935968,591,Base
2024-04,T053,Muebles,327039855,230,Base
2024-04,T053,Tecnologia,415594563,960,Base
2024-04,T054,Alimentos,390665722,319,Base
2024-04,T054,Belleza,344186646,589,Base
2024-04,T054,Deportes,376736055,1336,Base
2024-04,T054,Electrohogar,280950761,520,Base
2024-04,T054,Jugueteria,313759880,1230,Base
2024-04,T054,Moda,288519181,553,Base
2024-04,T054,Muebles,222500274,1258,Base
2024-04,T054,Tecnologia,268188474,755,Base
2024-04,T055,Alimentos,416368988,1065,Base
2024-04,T055,Belleza,301248943,1200,Base
2024-04,T055,Deportes,50403201,335,Base
2024-04,T055,Electrohogar,404439212,408,Base
2024-04,T055,Jugueteria,390422728,740,Base
2024-04,T055,Moda,248495363,540,Base
2024-04,T055,Muebles,356533507,504,Base
2024-04,T055,Tecnologia,125425803,286,Base
2024-04,T056,Alimentos,216283297,700,Base
2024-04,T056,Belleza,375017781,960,Base
2024-04,T056,Deportes,99898968,380,Base
2024-04,T056,Electrohogar,367836386,879,Base
2024-04,T056,Jugueteria,239237181,1145,Base
2024-04,T056,Moda,104252456,744,Base
2024-04,T056,Muebles,79593452,840,Base
2024-04,T056,Tecnologia,189111477,313,Base
2024-04,T057,Alimentos,260470237,540,Base
2024-04,T057,Belleza,341017213,676,Base
2024-04,T057,Deportes,105758248,841,Base
2024-04,T057,Electrohogar,330570090,1300,Base
2024-04,T057,Jugueteria,398315423,1076,Base
2024-04,T057,Moda,200696146,1109,Base
2024-04,T057,Muebles,60496969,231,Base
2024-04,T057,Tecnologia,222620826,590,Base
2024-04,T058,Alimentos,205213413,437,Base
2024-04,T058,Belleza,220101934,1321,Base
2024-04,T058,Deportes,151694423,568,Base
2024-04,T058,Electrohogar,172980043,1165,Base
2024-04,T058,Jugueteria,257306766,397,Base
2024-04,T058,Moda,343849261,1307,Base
2024-04,T058,Muebles,212482921,512,Base
2024-04,T058,Tecnologia,210003153,1295,Base
2024-04,T059,Alimentos,384722086,576,Base
2024-04,T059,Belleza,110703686,1208,Base
2024-04,T059,Deportes,323537081,1169,Base
2024-04,T059,Electrohogar,309467299,384,Base
2024-04,T059,Jugueteria,380227285,1399,Base
2024-04,T059,Moda,344856879,812,Base
2024-04,T059,Muebles,419500112,1328,Base
2024-04,T059,Tecnologia,222441189,584,Base
2024-04,T060,Alimentos,259177722,653,Base
2024-04,T060,Belleza,74109381,152,Base
2024-04,T060,Deportes,285751768,317,Base
2024-04,T060,Electrohogar,405852407,559,Base
2024-04,T060,Jugueteria,202720673,404,Base
2024-04,T060,Moda,319677280,1035,Base
2024-04,T060,Muebles,48115397,476,Base
2024-04,T060,Tecnologia,97044336,402,Base
2024-05,T001,Alimentos,149284128,739,Base
2024-05,T001,Belleza,99608606,1049,Base
2024-05,T001,Deportes,368973232,651,Base
2024-05,T001,Electrohogar,169961732,1037,Base
2024-05,T001,Jugueteria,203703713,713,Base
2024-05,T001,Moda,171509503,346,Base
2024-05,T001,Muebles,480361273,329,Base
2024-05,T001,Tecnologia,314372198,855,Base
2024-05,T002,Alimentos,471430853,930,Base
2024-05,T002,Belleza,438981813,1262,Base
2024-05,T002,Deportes,286045038,1341,Base
2024-05,T002,Electrohogar,85756036,964,Base
2024-05,T002,Jugueteria,377061152,737,Base
2024-05,T002,Moda,410777536,749,Base
2024-05,T002,Muebles,506814172,381,Base
2024-05,T002,Tecnologia,194900351,583,Base
2024-05,T003,Alimentos,512567495,1321,Base
2024-05,T003,Belleza,211802487,1292,Base
2024-05,T003,Deportes,187226565,1132,Base
2024-05,T003,Electrohogar,123207293,207,Base
2024-05,T003,Jugueteria,371969308,354,Base
2024-05,T003,Moda,358531776,177,Base
2024-05,T003,Muebles,349438746,209,Base
2024-05,T003,Tecnologia,288757210,808,Base
2024-05,T004,Alimentos,101598548,1254,Base
2024-05,T004,Belleza,383251925,1333,Base
2024-05,T004,Deportes,198541960,642,Base
2024-05,T004,Electrohogar,285422070,535,Base
2024-05,T004,Jugueteria,421576618,1150,Base
2024-05,T004,Moda,73109801,156,Base
2024-05,T004,Muebles,369221591,231,Base
2024-05,T004,Tecnologia,246887905,265,Base
2024-05,T005,Alimentos,303532150,1303,Base
2024-05,T005,Belleza,504069050,120,Base
2024-05,T005,Deportes,193537402,1027,Base
2024-05,T005,Electrohogar,182122062,365,Base
2024-05,T005,Jugueteria,494681508,628,Base
2024-05,T005,Moda,266659976,1026,Base
2024-05,T005,Muebles,184114138,440,Base
2024-05,T005,Tecnologia,471797140,474,Base
2024-05,T006,Alimentos,379910111,128,Base
2024-05,T006,Belleza,288025942,1380,Base
2024-05,T006,Deportes,266715827,1239,Base
2024-05,T006,Electrohogar,223154780,144,Base
2024-05,T006,Jugueteria,458504970,1123,Base
2024-05,T006,Moda,449421176,726,Base
2024-05,T006,Muebles,151396618,620,Base
2024-05,T006,Tecnologia,487480226,516,Base
2024-05,T007,Alimentos,336984286,1043,Base
2024-05,T007,Belleza,402702736,154,Base
2024-05,T007,Deportes,78873852,576,Base
2024-05,T007,Electrohogar,334137416,630,Base
2024-05,T007,Jugueteria,524092008,1094,Base
2024-05,T007,Moda,347137193,1374,Base
2024-05,T007,Muebles,303570862,1029,Base
2024-05,T007,Tecnologia,197495643,293,Base
2024-05,T008,Alimentos,361617793,769,Base
2024-05,T008,Belleza,279091795,449,Base
2024-05,T008,Deportes,386900636,538,Base
2024-05,T008,Electrohogar,118384488,257,Base
2024-05,T008,Jugueteria,461533973,1206,Base
2024-05,T008,Moda,316695091,623,Base
2024-05,T008,Muebles,398639526,1079,Base
2024-05,T008,Tecnologia,143745810,146,Base
2024-05,T009,Alimentos,297524126,837,Base
2024-05,T009,Belleza,146139251,741,Base
2024-05,T009,Deportes,197030601,795,Base
2024-05,T009,Electrohogar,372111690,1250,Base
2024-05,T009,Jugueteria,497654950,866,Base
2024-05,T009,Moda,445086306,794,Base
2024-05,T009,Muebles,461060871,999,Base
2024-05,T009,Tecnologia,290998898,1336,Base
2024-05,T010,Alimentos,176079548,318,Base
2024-05,T010,Belleza,505621858,994,Base
2024-05,T010,Deportes,425036242,355,Base
2024-05,T010,Electrohogar,140671675,1064,Base
2024-05,T010,Jugueteria,236738138,569,Base
2024-05,T010,Moda,470914636,1321,Base
2024-05,T010,Muebles,161233886,685,Base
2024-05,T010,Tecnologia,337438658,488,Base
2024-05,T011,Alimentos,459267786,331,Base
2024-05,T011,Belleza,89242588,288,Base
2024-05,T011,Deportes,374845655,794,Base
2024-05,T011,Electrohogar,229096100,1388,Base
2024-05,T011,Jugueteria,434631523,798,Base
2024-05,T011,Moda,196049397,855,Base
2024-05,T011,Muebles,162107690,574,Base
2024-05,T011,Tecnologia,467647262,373,Base
2024-05,T012,Alimentos,164309146,434,Base
2024-05,T012,Belleza,371054300,197,Base
2024-05,T012,Deportes,232076782,1021,Base
2024-05,T012,Electrohogar,244407893,367,Base
2024-05,T012,Jugueteria,251179295,526,Base
2024-05,T012,Moda,90005717,1008,Base
2024-05,T012,Muebles,440635696,1144,Base
2024-05,T012,Tecnologia,240714562,1263,Base
2024-05,T013,Alimentos,113520066,213,Base
2024-05,T013,Belleza,329605843,635,Base
2024-05,T013,Deportes,197491908,175,Base
2024-05,T013,Electrohogar,80867820,505,Base
2024-05,T013,Jugueteria,242082735,1055,Base
2024-05,T013,Moda,390415916,702,Base
2024-05,T013,Muebles,413700772,1122,Base
2024-05,T013,Tecnologia,214556136,519,Base
2024-05,T014,Alimentos,347858791,1039,Base
2024-05,T014,Belleza,116409131,418,Base
2024-05,T014,Deportes,170278087,883,Base
2024-05,T014,Electrohogar,152389450,1261,Base
2024-05,T014,Jugueteria,510685426,707,Base
2024-05,T014,Moda,109376622,1236,Base
2024-05,T014,Muebles,360321601,482,Base
2024-05,T014,Tecnologia,348873816,330,Base
2024-05,T015,Alimentos,392715311,928,Base
2024-05,T015,Belleza,104941586,393,Base
2024-05,T015,Deportes,514145456,463,Base
2024-05,T015,Electrohogar,228192557,349,Base
2024-05,T015,Jugueteria,369013051,827,Base
2024-05,T015,Moda,61800733,872,Base
2024-05,T015,Muebles,69404541,173,Base
2024-05,T015,Tecnologia,339328481,903,Base
2024-05,T016,Alimentos,229853195,1001,Base
2024-05,T016,Belleza,500976847,606,Base
2024-05,T016,Deportes,180477016,290,Base
2024-05,T016,Electrohogar,240403037,908,Base
2024-05,T016,Jugueteria,420813435,471,Base
2024-05,T016,Moda,70480285,463,Base
2024-05,T016,Muebles,416371997,170,Base
2024-05,T016,Tecnologia,149130551,318,Base
2024-05,T017,Alimentos,413681573,702,Base
2024-05,T017,Belleza,263327098,1194,Base
2024-05,T017,Deportes,184009515,954,Base
2024-05,T017,Electrohogar,338477121,676,Base
2024-05,T017,Jugueteria,165406082,846,Base
2024-05,T017,Moda,118464003,234,Base
2024-05,T017,Muebles,349776382,871,Base
2024-05,T017,Tecnologia,380029620,336,Base
2024-05,T018,Alimentos,450498150,394,Base
2024-05,T018,Belleza,316017553,195,Base
2024-05,T018,Deportes,228221065,640,Base
2024-05,T018,Electrohogar,384266270,310,Base
2024-05,T018,Jugueteria,461246778,575,Base
2024-05,T018,Moda,255114328,858,Base
2024-05,T018,Muebles,61901683,190,Base
2024-05,T018,Tecnologia,248220732,565,Base
2024-05,T019,Alimentos,494861246,1289,Base
2024-05,T019,Belleza,270161566,810,Base
2024-05,T019,Deportes,312859840,493,Base
2024-05,T019,Electrohogar,246987641,134,Base
2024-05,T019,Jugueteria,282551063,1270,Base
2024-05,T019,Moda,335292840,855,Base
2024-05,T019,Muebles,372246548,612,Base
2024-05,T019,Tecnologia,339836980,438,Base
2024-05,T020,Alimentos,326907566,269,Base
2024-05,T020,Belleza,353902820,163,Base
2024-05,T020,Deportes,71915916,1276,Base
2024-05,T020,Electrohogar,297965473,818,Base
2024-05,T020,Jugueteria,334400680,400,Base
2024-05,T020,Moda,301858465,376,Base
2024-05,T020,Muebles,194956417,1211,Base
2024-05,T020,Tecnologia,228038036,1038,Base
2024-05,T021,Alimentos,330086273,704,Base
2024-05,T021,Belleza,195794767,138,Base
2024-05,T021,Deportes,318749157,1126,Base
2024-05,T021,Electrohogar,443572057,1033,Base
2024-05,T021,Jugueteria,182974983,255,Base
2024-05,T021,Moda,321798432,1111,Base
2024-05,T021,Muebles,255287466,242,Base
2024-05,T021,Tecnologia,372172612,557,Base
2024-05,T022,Alimentos,103445830,954,Base
2024-05,T022,Belleza,469190403,701,Base
2024-05,T022,Deportes,188584946,422,Base
2024-05,T022,Electrohogar,377714846,713,Base
2024-05,T022,Jugueteria,433956135,938,Base
2024-05,T022,Moda,457478022,1397,Base
2024-05,T022,Muebles,179386891,1278,Base
2024-05,T022,Tecnologia,520250656,496,Base
2024-05,T023,Alimentos,415907687,922,Base
2024-05,T023,Belleza,270733917,1167,Base
2024-05,T023,Deportes,381192285,517,Base
2024-05,T023,Electrohogar,393790191,1289,Base
2024-05,T023,Jugueteria,372523966,587,Base
2024-05,T023,Moda,131606796,443,Base
2024-05,T023,Muebles,116355251,692,Base
2024-05,T023,Tecnologia,396737851,214,Base
2024-05,T024,Alimentos,343062521,721,Base
2024-05,T024,Belleza,364891062,1342,Base
2024-05,T024,Deportes,84065935,300,Base
2024-05,T024,Electrohogar,74154497,447,Base
2024-05,T024,Jugueteria,126933468,1352,Base
2024-05,T024,Moda,287684100,296,Base
2024-05,T024,Muebles,274792960,1337,Base
2024-05,T024,Tecnologia,362396037,542,Base
2024-05,T025,Alimentos,79260656,318,Base
2024-05,T025,Belleza,236987827,1333,Base
2024-05,T025,Deportes,505759198,564,Base
2024-05,T025,Electrohogar,362454892,1182,Base
2024-05,T025,Jugueteria,97935483,191,Base
2024-05,T025,Moda,393620331,791,Base
2024-05,T025,Muebles,253405585,869,Base
2024-05,T025,Tecnologia,202016440,1233,Base
2024-05,T026,Alimentos,366693552,273,Base
2024-05,T026,Belleza,432734395,1005,Base
2024-05,T026,Deportes,375906320,1346,Base
2024-05,T026,Electrohogar,319364103,146,Base
2024-05,T026,Jugueteria,203002331,344,Base
2024-05,T026,Moda,520125107,394,Base
2024-05,T026,Muebles,100176032,621,Base
2024-05,T026,Tecnologia,223829887,575,Base
2024-05,T027,Alimentos,217088650,1324,Base
2024-05,T027,Belleza,337613352,300,Base
2024-05,T027,Deportes,388914166,789,Base
2024-05,T027,Electrohogar,200743247,1061,Base
2024-05,T027,Jugueteria,288177087,238,Base
2024-05,T027,Moda,133677288,616,Base
2024-05,T027,Muebles,330549916,884,Base
2024-05,T027,Tecnologia,371183837,1346,Base
2024-05,T028,Alimentos,438160632,1291,Base
2024-05,T028,Belleza,226328010,1107,Base
2024-05,T028,Deportes,415630680,820,Base
2024-05,T028,Electrohogar,178564758,854,Base
2024-05,T028,Jugueteria,479041336,614,Base
2024-05,T028,Moda,270115520,967,Base
2024-05,T028,Muebles,101766092,770,Base
2024-05,T028,Tecnologia,107730597,459,Base
2024-05,T029,Alimentos,479212760,1390,Base
2024-05,T029,Belleza,114521851,609,Base
2024-05,T029,Deportes,185269273,590,Base
2024-05,T029,Electrohogar,361321556,288,Base
2024-05,T029,Jugueteria,343671250,1215,Base
2024-05,T029,Moda,486411080,622,Base
2024-05,T029,Muebles,108434218,990,Base
2024-05,T029,Tecnologia,483596786,806,Base
2024-05,T030,Alimentos,260009621,957,Base
2024-05,T030,Belleza,249374396,1047,Base
2024-05,T030,Deportes,389525850,462,Base
2024-05,T030,Electrohogar,378014273,674,Base
2024-05,T030,Jugueteria,240268298,508,Base
2024-05,T030,Moda,214922710,1397,Base
2024-05,T030,Muebles,334826597,1244,Base
2024-05,T030,Tecnologia,153106215,233,Base
2024-05,T031,Alimentos,449391252,1268,Base
2024-05,T031,Belleza,307222375,284,Base
2024-05,T031,Deportes,273294370,1375,Base
2024-05,T031,Electrohogar,211675706,1320,Base
2024-05,T031,Jugueteria,352840008,586,Base
2024-05,T031,Moda,208909551,421,Base
2024-05,T031,Muebles,273049416,1248,Base
2024-05,T031,Tecnologia,74484180,348,Base
2024-05,T032,Alimentos,90478981,1034,Base
2024-05,T032,Belleza,151261161,844,Base
2024-05,T032,Deportes,315683343,678,Base
2024-05,T032,Electrohogar,221850920,451,Base
2024-05,T032,Jugueteria,498695236,128,Base
2024-05,T032,Moda,347022622,1365,Base
2024-05,T032,Muebles,386647862,245,Base
2024-05,T032,Tecnologia,64320846,314,Base
2024-05,T033,Alimentos,183865558,1216,Base
2024-05,T033,Belleza,126230612,241,Base
2024-05,T033,Deportes,305877120,1214,Base
2024-05,T033,Electrohogar,248707945,1391,Base
2024-05,T033,Jugueteria,170106101,436,Base
2024-05,T033,Moda,356697917,152,Base
2024-05,T033,Muebles,267239261,806,Base
2024-05,T033,Tecnologia,484041825,1199,Base
2024-05,T034,Alimentos,224999621,669,Base
2024-05,T034,Belleza,509676641,1209,Base
2024-05,T034,Deportes,92074081,630,Base
2024-05,T034,Electrohogar,323833193,604,Base
2024-05,T034,Jugueteria,313335488,803,Base
2024-05,T034,Moda,196073677,1138,Base
2024-05,T034,Muebles,509417253,1141,Base
2024-05,T034,Tecnologia,394191786,328,Base
2024-05,T035,Alimentos,188743923,1203,Base
2024-05,T035,Belleza,109538592,1011,Base
2024-05,T035,Deportes,182354602,863,Base
2024-05,T035,Electrohogar,268521366,880,Base
2024-05,T035,Jugueteria,299087180,983,Base
2024-05,T035,Moda,189739456,482,Base
2024-05,T035,Muebles,497608300,455,Base
2024-05,T035,Tecnologia,435469670,454,Base
2024-05,T036,Alimentos,325675603,766,Base
2024-05,T036,Belleza,286644421,1042,Base
2024-05,T036,Deportes,176888580,1015,Base
2024-05,T036,Electrohogar,308265337,250,Base
2024-05,T036,Jugueteria,460273328,840,Base
2024-05,T036,Moda,90237875,809,Base
2024-05,T036,Muebles,215686218,1198,Base
2024-05,T036,Tecnologia,216127602,1281,Base
2024-05,T037,Alimentos,271369915,434,Base
2024-05,T037,Belleza,221623701,800,Base
2024-05,T037,Deportes,250899641,1251,Base
2024-05,T037,Electrohogar,370268552,1360,Base
2024-05,T037,Jugueteria,455809728,628,Base
2024-05,T037,Moda,290122542,863,Base
2024-05,T037,Muebles,357900310,995,Base
2024-05,T037,Tecnologia,170574527,235,Base
2024-05,T038,Alimentos,116963153,1122,Base
2024-05,T038,Belleza,173737662,1390,Base
2024-05,T038,Deportes,324366587,681,Base
2024-05,T038,Electrohogar,323736780,126,Base
2024-05,T038,Jugueteria,167335520,760,Base
2024-05,T038,Moda,75998367,1227,Base
2024-05,T038,Muebles,78617647,1159,Base
2024-05,T038,Tecnologia,111360231,934,Base
2024-05,T039,Alimentos,97452052,1163,Base
2024-05,T039,Belleza,406981842,842,Base
2024-05,T039,Deportes,73955650,489,Base
2024-05,T039,Electrohogar,140242217,218,Base
2024-05,T039,Jugueteria,337034923,460,Base
2024-05,T039,Moda,389873780,967,Base
2024-05,T039,Muebles,307075220,1149,Base
2024-05,T039,Tecnologia,129383581,927,Base
2024-05,T040,Alimentos,286105556,1376,Base
2024-05,T040,Belleza,132653393,371,Base
2024-05,T040,Deportes,105555525,335,Base
2024-05,T040,Electrohogar,285030020,278,Base
2024-05,T040,Jugueteria,498596471,1374,Base
2024-05,T040,Moda,86493543,710,Base
2024-05,T040,Muebles,301059353,574,Base
2024-05,T040,Tecnologia,256836671,1195,Base
2024-05,T041,Alimentos,304050692,1144,Base
2024-05,T041,Belleza,174554093,596,Base
2024-05,T041,Deportes,399948976,1200,Base
2024-05,T041,Electrohogar,413787126,526,Base
2024-05,T041,Jugueteria,425162633,1257,Base
2024-05,T041,Moda,474276233,916,Base
2024-05,T041,Muebles,415746336,1106,Base
2024-05,T041,Tecnologia,65432331,637,Base
2024-05,T042,Alimentos,87754152,373,Base
2024-05,T042,Belleza,341595867,596,Base
2024-05,T042,Deportes,173772896,459,Base
2024-05,T042,Electrohogar,199685876,982,Base
2024-05,T042,Jugueteria,307428090,669,Base
2024-05,T042,Moda,252070817,1186,Base
2024-05,T042,Muebles,162645316,1137,Base
2024-05,T042,Tecnologia,478992718,945,Base
2024-05,T043,Alimentos,370659562,511,Base
2024-05,T043,Belleza,125406413,198,Base
2024-05,T043,Deportes,513835307,248,Base
2024-05,T043,Electrohogar,415052422,701,Base
2024-05,T043,Jugueteria,294421853,1372,Base
2024-05,T043,Moda,383691221,412,Base
2024-05,T043,Muebles,211955006,505,Base
2024-05,T043,Tecnologia,226987210,1175,Base
2024-05,T044,Alimentos,92664292,1382,Base
2024-05,T044,Belleza,460717205,803,Base
2024-05,T044,Deportes,405434460,547,Base
2024-05,T044,Electrohogar,129767576,1105,Base
2024-05,T044,Jugueteria,170977257,856,Base
2024-05,T044,Moda,290314105,1384,Base
2024-05,T044,Muebles,136251478,693,Base
2024-05,T044,Tecnologia,268247398,1111,Base
2024-05,T045,Alimentos,61714871,1381,Base
2024-05,T045,Belleza,134939297,242,Base
2024-05,T045,Deportes,307074333,301,Base
2024-05,T045,Electrohogar,367729982,589,Base
2024-05,T045,Jugueteria,211958491,156,Base
2024-05,T045,Moda,214154262,1036,Base
2024-05,T045,Muebles,399395428,261,Base
2024-05,T045,Tecnologia,231374853,982,Base
2024-05,T046,Alimentos,516574093,719,Base
2024-05,T046,Belleza,166476325,934,Base
2024-05,T046,Deportes,479228855,1323,Base
2024-05,T046,Electrohogar,195692087,1215,Base
2024-05,T046,Jugueteria,296035958,560,Base
2024-05,T046,Moda,414354918,673,Base
2024-05,T046,Muebles,481081550,877,Base
2024-05,T046,Tecnologia,453142920,703,Base
2024-05,T047,Alimentos,358223511,588,Base
2024-05,T047,Belleza,88682477,1257,Base
2024-05,T047,Deportes,381672245,1316,Base
2024-05,T047,Electrohogar,453388991,1128,Base
2024-05,T047,Jugueteria,350591420,1225,Base
2024-05,T047,Moda,283403147,1291,Base
2024-05,T047,Muebles,152203596,368,Base
2024-05,T047,Tecnologia,418972780,1295,Base
2024-05,T048,Alimentos,469945157,1277,Base
2024-05,T048,Belleza,250057611,1332,Base
2024-05,T048,Deportes,400183662,321,Base
2024-05,T048,Electrohogar,503201462,567,Base
2024-05,T048,Jugueteria,401257848,568,Base
2024-05,T048,Moda,487685813,880,Base
2024-05,T048,Muebles,97346581,1265,Base
2024-05,T048,Tecnologia,190374197,317,Base
2024-05,T049,Alimentos,258705806,1251,Base
2024-05,T049,Belleza,388333112,923,Base
2024-05,T049,Deportes,221644018,1206,Base
2024-05,T049,Electrohogar,202442595,642,Base
2024-05,T049,Jugueteria,105683930,416,Base
2024-05,T049,Moda,392176425,1221,Base
2024-05,T049,Muebles,58192607,260,Base
2024-05,T049,Tecnologia,468518782,242,Base
2024-05,T050,Alimentos,141941317,901,Base
2024-05,T050,Belleza,369227275,1056,Base
2024-05,T050,Deportes,343532843,468,Base
2024-05,T050,Electrohogar,309204713,806,Base
2024-05,T050,Jugueteria,139193576,1386,Base
2024-05,T050,Moda,206294321,300,Base
2024-05,T050,Muebles,144831388,1213,Base
2024-05,T050,Tecnologia,190015187,1306,Base
2024-05,T051,Alimentos,441252613,364,Base
2024-05,T051,Belleza,500934066,175,Base
2024-05,T051,Deportes,524639337,1078,Base
2024-05,T051,Electrohogar,299484276,1252,Base
2024-05,T051,Jugueteria,514992198,212,Base
2024-05,T051,Moda,275305456,338,Base
2024-05,T051,Muebles,297371928,722,Base
2024-05,T051,Tecnologia,445536392,830,Base
2024-05,T052,Alimentos,127063355,900,Base
2024-05,T052,Belleza,521871630,370,Base
2024-05,T052,Deportes,333336553,1042,Base
2024-05,T052,Electrohogar,201279936,954,Base
2024-05,T052,Jugueteria,138080902,723,Base
2024-05,T052,Moda,197617271,680,Base
2024-05,T052,Muebles,212536598,1239,Base
2024-05,T052,Tecnologia,478406600,1244,Base
2024-05,T053,Alimentos,465355006,1020,Base
2024-05,T053,Belleza,383076207,1323,Base
2024-05,T053,Deportes,324819200,827,Base
2024-05,T053,Electrohogar,168891272,634,Base
2024-05,T053,Jugueteria,111829158,256,Base
2024-05,T053,Moda,257110510,1219,Base
2024-05,T053,Muebles,379639893,662,Base
2024-05,T053,Tecnologia,205814091,1000,Base
2024-05,T054,Alimentos,424720021,751,Base
2024-05,T054,Belleza,510319251,672,Base
2024-05,T054,Deportes,441462978,450,Base
2024-05,T054,Electrohogar,237624730,379,Base
2024-05,T054,Jugueteria,149649030,848,Base
2024-05,T054,Moda,483124821,436,Base
2024-05,T054,Muebles,256269717,603,Base
2024-05,T054,Tecnologia,88354221,780,Base
2024-05,T055,Alimentos,263823513,1145,Base
2024-05,T055,Belleza,158654233,607,Base
2024-05,T055,Deportes,149313556,818,Base
2024-05,T055,Electrohogar,462807190,449,Base
2024-05,T055,Jugueteria,319618633,432,Base
2024-05,T055,Moda,122005238,787,Base
2024-05,T055,Muebles,482398021,1325,Base
2024-05,T055,Tecnologia,219823895,1049,Base
2024-05,T056,Alimentos,412327593,317,Base
2024-05,T056,Belleza,473776215,741,Base
2024-05,T056,Deportes,518034725,434,Base
2024-05,T056,Electrohogar,170842927,201,Base
2024-05,T056,Jugueteria,278099127,558,Base
2024-05,T056,Moda,321875017,1102,Base
2024-05,T056,Muebles,308008190,1287,Base
2024-05,T056,Tecnologia,478688277,786,Base
2024-05,T057,Alimentos,314549097,803,Base
2024-05,T057,Belleza,165170196,354,Base
2024-05,T057,Deportes,119998085,442,Base
2024-05,T057,Electrohogar,351963742,1135,Base
2024-05,T057,Jugueteria,187768963,587,Base
2024-05,T057,Moda,186649105,287,Base
2024-05,T057,Muebles,75780035,816,Base
2024-05,T057,Tecnologia,309430330,1122,Base
2024-05,T058,Alimentos,152940493,204,Base
2024-05,T058,Belleza,290425490,1273,Base
2024-05,T058,Deportes,500999583,401,Base
2024-05,T058,Electrohogar,524366905,784,Base
2024-05,T058,Jugueteria,505422972,666,Base
2024-05,T058,Moda,194024315,543,Base
2024-05,T058,Muebles,268514635,1064,Base
2024-05,T058,Tecnologia,319214297,539,Base
2024-05,T059,Alimentos,164374423,1151,Base
2024-05,T059,Belleza,127425686,1364,Base
2024-05,T059,Deportes,78213197,375,Base
2024-05,T059,Electrohogar,497721551,666,Base
2024-05,T059,Jugueteria,211876363,1289,Base
2024-05,T059,Moda,296853205,286,Base
2024-05,T059,Muebles,355708566,1381,Base
2024-05,T059,Tecnologia,77585342,553,Base
2024-05,T060,Alimentos,326851203,497,Base
2024-05,T060,Belleza,200261081,701,Base
2024-05,T060,Deportes,141030722,1393,Base
2024-05,T060,Electrohogar,81379841,780,Base
2024-05,T060,Jugueteria,131979518,823,Base
2024-05,T060,Moda,74097465,260,Base
2024-05,T060,Muebles,162896840,764,Base
2024-05,T060,Tecnologia,130918281,942,Base
2024-06,T001,Alimentos,507410808,991,Base
2024-06,T001,Belleza,379891468,208,Base
2024-06,T001,Deportes,171658262,466,Base
2024-06,T001,Electrohogar,129617545,459,Base
2024-06,T001,Jugueteria,475374433,916,Base
2024-06,T001,Moda,465089251,565,Base
2024-06,T001,Muebles,249155683,863,Base
2024-06,T001,Tecnologia,307082402,259,Base
2024-06,T002,Alimentos,430314921,371,Base
2024-06,T002,Belleza,134626020,757,Base
2024-06,T002,Deportes,504882270,1018,Base
2024-06,T002,Electrohogar,68398336,496,Base
2024-06,T002,Jugueteria,416910218,726,Base
2024-06,T002,Moda,153729510,924,Base
2024-06,T002,Muebles,190257357,301,Base
2024-06,T002,Tecnologia,148840290,600,Base
2024-06,T003,Alimentos,491754006,994,Base
2024-06,T003,Belleza,126339988,270,Base
2024-06,T003,Deportes,276783598,1292,Base
2024-06,T003,Electrohogar,327513722,912,Base
2024-06,T003,Jugueteria,132875615,1175,Base
2024-06,T003,Moda,61689741,593,Base
2024-06,T003,Muebles,252592885,364,Base
2024-06,T003,Tecnologia,195335321,1025,Base
2024-06,T004,Alimentos,347910980,804,Base
2024-06,T004,Belleza,57293571,737,Base
2024-06,T004,Deportes,394154320,301,Base
2024-06,T004,Electrohogar,413518923,736,Base
2024-06,T004,Jugueteria,235493621,536,Base
2024-06,T004,Moda,521714842,423,Base
2024-06,T004,Muebles,64493965,1010,Base
2024-06,T004,Tecnologia,395224135,433,Base
2024-06,T005,Alimentos,76477231,217,Base
2024-06,T005,Belleza,62637566,818,Base
2024-06,T005,Deportes,513053983,313,Base
2024-06,T005,Electrohogar,426162570,1347,Base
2024-06,T005,Jugueteria,75904430,494,Base
2024-06,T005,Moda,364631332,672,Base
2024-06,T005,Muebles,312391732,1164,Base
2024-06,T005,Tecnologia,437028536,511,Base
2024-06,T006,Alimentos,173891647,1165,Base
2024-06,T006,Belleza,190076790,686,Base
2024-06,T006,Deportes,131017017,649,Base
2024-06,T006,Electrohogar,130727475,626,Base
2024-06,T006,Jugueteria,492232332,626,Base
2024-06,T006,Moda,156433010,407,Base
2024-06,T006,Muebles,381612416,1341,Base
2024-06,T006,Tecnologia,389627545,377,Base
2024-06,T007,Alimentos,191364090,662,Base
2024-06,T007,Belleza,60666410,759,Base
2024-06,T007,Deportes,245504818,874,Base
2024-06,T007,Electrohogar,499023546,1029,Base
2024-06,T007,Jugueteria,123499200,286,Base
2024-06,T007,Moda,419385436,1306,Base
2024-06,T007,Muebles,386066725,333,Base
2024-06,T007,Tecnologia,497988453,928,Base
2024-06,T008,Alimentos,300811166,1077,Base
2024-06,T008,Belleza,203217330,1082,Base
2024-06,T008,Deportes,126989835,695,Base
2024-06,T008,Electrohogar,364151635,1073,Base
2024-06,T008,Jugueteria,154858191,501,Base
2024-06,T008,Moda,336393063,535,Base
2024-06,T008,Muebles,319823416,1342,Base
2024-06,T008,Tecnologia,371413841,1309,Base
2024-06,T009,Alimentos,283296567,866,Base
2024-06,T009,Belleza,69616260,483,Base
2024-06,T009,Deportes,158029048,1267,Base
2024-06,T009,Electrohogar,324886531,1130,Base
2024-06,T009,Jugueteria,253351523,586,Base
2024-06,T009,Moda,152958186,684,Base
2024-06,T009,Muebles,62971005,320,Base
2024-06,T009,Tecnologia,405410433,844,Base
2024-06,T010,Alimentos,81427761,1351,Base
2024-06,T010,Belleza,385536360,226,Base
2024-06,T010,Deportes,492765978,1125,Base
2024-06,T010,Electrohogar,86774870,870,Base
2024-06,T010,Jugueteria,402398912,1094,Base
2024-06,T010,Moda,93018580,1313,Base
2024-06,T010,Muebles,379990122,1262,Base
2024-06,T010,Tecnologia,420026350,1131,Base
2024-06,T011,Alimentos,300454517,810,Base
2024-06,T011,Belleza,246439725,278,Base
2024-06,T011,Deportes,210432478,1256,Base
2024-06,T011,Electrohogar,452614862,949,Base
2024-06,T011,Jugueteria,311500145,760,Base
2024-06,T011,Moda,422795003,1139,Base
2024-06,T011,Muebles,172512182,388,Base
2024-06,T011,Tecnologia,124774941,1317,Base
2024-06,T012,Alimentos,516047968,1204,Base
2024-06,T012,Belleza,189574697,1016,Base
2024-06,T012,Deportes,501851271,326,Base
2024-06,T012,Electrohogar,472009651,1172,Base
2024-06,T012,Jugueteria,264417697,753,Base
2024-06,T012,Moda,454815806,533,Base
2024-06,T012,Muebles,364190086,933,Base
2024-06,T012,Tecnologia,318675455,1378,Base
2024-06,T013,Alimentos,507283610,1100,Base
2024-06,T013,Belleza,206426190,607,Base
2024-06,T013,Deportes,523569601,913,Base
2024-06,T013,Electrohogar,87292608,453,Base
2024-06,T013,Jugueteria,94045981,870,Base
2024-06,T013,Moda,430961426,535,Base
2024-06,T013,Muebles,173210915,578,Base
2024-06,T013,Tecnologia,473135460,1316,Base
2024-06,T014,Alimentos,119195582,1099,Base
2024-06,T014,Belleza,332674581,904,Base
2024-06,T014,Deportes,179960493,229,Base
2024-06,T014,Electrohogar,331159330,352,Base
2024-06,T014,Jugueteria,444572023,1373,Base
2024-06,T014,Moda,465399956,1271,Base
2024-06,T014,Muebles,356334991,1398,Base
2024-06,T014,Tecnologia,306400142,957,Base
2024-06,T015,Alimentos,135739987,906,Base
2024-06,T015,Belleza,362022655,620,Base
2024-06,T015,Deportes,500740522,413,Base
2024-06,T015,Electrohogar,125937228,1312,Base
2024-06,T015,Jugueteria,126044301,715,Base
2024-06,T015,Moda,459436485,623,Base
2024-06,T015,Muebles,197396700,190,Base
2024-06,T015,Tecnologia,495439852,802,Base
2024-06,T016,Alimentos,449477107,1306,Base
2024-06,T016,Belleza,133759231,1156,Base
2024-06,T016,Deportes,280318302,1068,Base
2024-06,T016,Electrohogar,447801358,812,Base
2024-06,T016,Jugueteria,487130573,991,Base
2024-06,T016,Moda,368727155,1058,Base
2024-06,T016,Muebles,114491986,1275,Base
2024-06,T016,Tecnologia,288989090,1115,Base
2024-06,T017,Alimentos,377266702,940,Base
2024-06,T017,Belleza,84266582,373,Base
2024-06,T017,Deportes,223855265,364,Base
2024-06,T017,Electrohogar,478426800,1152,Base
2024-06,T017,Jugueteria,300247255,769,Base
2024-06,T017,Moda,222562751,1313,Base
2024-06,T017,Muebles,353398968,1376,Base
2024-06,T017,Tecnologia,154063072,174,Base
2024-06,T018,Alimentos,261817801,786,Base
2024-06,T018,Belleza,406798238,1313,Base
2024-06,T018,Deportes,298076281,1247,Base
2024-06,T018,Electrohogar,182628338,818,Base
2024-06,T018,Jugueteria,173124612,415,Base
2024-06,T018,Moda,187456817,710,Base
2024-06,T018,Muebles,302154740,1003,Base
2024-06,T018,Tecnologia,408095068,414,Base
2024-06,T019,Alimentos,238198053,1195,Base
2024-06,T019,Belleza,403383451,986,Base
2024-06,T019,Deportes,291824477,838,Base
2024-06,T019,Electrohogar,409994662,1044,Base
2024-06,T019,Jugueteria,143140576,704,Base
2024-06,T019,Moda,385326765,401,Base
2024-06,T019,Muebles,241608310,334,Base
2024-06,T019,Tecnologia,251377448,548,Base
2024-06,T020,Alimentos,288120987,1350,Base
2024-06,T020,Belleza,382978610,1296,Base
2024-06,T020,Deportes,335959500,555,Base
2024-06,T020,Electrohogar,238419947,1202,Base
2024-06,T020,Jugueteria,417940630,211,Base
2024-06,T020,Moda,479848376,1248,Base
2024-06,T020,Muebles,82401217,599,Base
2024-06,T020,Tecnologia,256950003,683,Base
2024-06,T021,Alimentos,217515808,659,Base
2024-06,T021,Belleza,85842716,1145,Base
2024-06,T021,Deportes,454428536,864,Base
2024-06,T021,Electrohogar,398964722,1208,Base
2024-06,T021,Jugueteria,98382707,265,Base
2024-06,T021,Moda,184268147,1325,Base
2024-06,T021,Muebles,79547340,704,Base
2024-06,T021,Tecnologia,347554887,743,Base
2024-06,T022,Alimentos,411645163,457,Base
2024-06,T022,Belleza,430323171,1137,Base
2024-06,T022,Deportes,524974961,805,Base
2024-06,T022,Electrohogar,411832412,488,Base
2024-06,T022,Jugueteria,265013581,1397,Base
2024-06,T022,Moda,171651207,329,Base
2024-06,T022,Muebles,239408573,538,Base
2024-06,T022,Tecnologia,469769857,1375,Base
2024-06,T023,Alimentos,102471727,1052,Base
2024-06,T023,Belleza,336448518,601,Base
2024-06,T023,Deportes,122396243,182,Base
2024-06,T023,Electrohogar,467726960,609,Base
2024-06,T023,Jugueteria,381917390,138,Base
2024-06,T023,Moda,143936097,860,Base
2024-06,T023,Muebles,130579551,806,Base
2024-06,T023,Tecnologia,472112128,407,Base
2024-06,T024,Alimentos,339080990,136,Base
2024-06,T024,Belleza,60417857,583,Base
2024-06,T024,Deportes,101770295,1314,Base
2024-06,T024,Electrohogar,482946617,950,Base
2024-06,T024,Jugueteria,465396543,831,Base
2024-06,T024,Moda,510877783,272,Base
2024-06,T024,Muebles,454333165,289,Base
2024-06,T024,Tecnologia,261951440,351,Base
2024-06,T025,Alimentos,96567612,1002,Base
2024-06,T025,Belleza,127500203,1002,Base
2024-06,T025,Deportes,231412953,1001,Base
2024-06,T025,Electrohogar,234531512,1056,Base
2024-06,T025,Jugueteria,57396665,1074,Base
2024-06,T025,Moda,467638648,569,Base
2024-06,T025,Muebles,225901647,177,Base
2024-06,T025,Tecnologia,522246310,1221,Base
2024-06,T026,Alimentos,290218808,1269,Base
2024-06,T026,Belleza,452885196,1204,Base
2024-06,T026,Deportes,413122263,1318,Base
2024-06,T026,Electrohogar,312757213,229,Base
2024-06,T026,Jugueteria,153444052,130,Base
2024-06,T026,Moda,255394365,870,Base
2024-06,T026,Muebles,144805178,332,Base
2024-06,T026,Tecnologia,87036067,1295,Base
2024-06,T027,Alimentos,365312992,1151,Base
2024-06,T027,Belleza,114457992,1384,Base
2024-06,T027,Deportes,449125036,410,Base
2024-06,T027,Electrohogar,425469256,894,Base
2024-06,T027,Jugueteria,420908366,767,Base
2024-06,T027,Moda,201340057,1103,Base
2024-06,T027,Muebles,63890791,658,Base
2024-06,T027,Tecnologia,117382826,952,Base
2024-06,T028,Alimentos,354306842,579,Base
2024-06,T028,Belleza,217268393,184,Base
2024-06,T028,Deportes,456741640,549,Base
2024-06,T028,Electrohogar,66035600,1049,Base
2024-06,T028,Jugueteria,428555021,1355,Base
2024-06,T028,Moda,517627897,1360,Base
2024-06,T028,Muebles,195988338,726,Base
2024-06,T028,Tecnologia,425553660,901,Base
2024-06,T029,Alimentos,70843503,1390,Base
2024-06,T029,Belleza,243836445,427,Base
2024-06,T029,Deportes,434138105,1118,Base
2024-06,T029,Electrohogar,506481428,498,Base
2024-06,T029,Jugueteria,324056711,1196,Base
2024-06,T029,Moda,339646730,1157,Base
2024-06,T029,Muebles,247610736,728,Base
2024-06,T029,Tecnologia,317954291,221,Base
2024-06,T030,Alimentos,92012243,786,Base
2024-06,T030,Belleza,203924785,753,Base
2024-06,T030,Deportes,291872257,1316,Base
2024-06,T030,Electrohogar,128901248,1215,Base
2024-06,T030,Jugueteria,442693718,982,Base
2024-06,T030,Moda,351870928,453,Base
2024-06,T030,Muebles,257478698,412,Base
2024-06,T030,Tecnologia,148948941,819,Base
2024-06,T031,Alimentos,486140255,739,Base
2024-06,T031,Belleza,317403400,483,Base
2024-06,T031,Deportes,131041558,234,Base
2024-06,T031,Electrohogar,480082750,514,Base
2024-06,T031,Jugueteria,347963185,1114,Base
2024-06,T031,Moda,354120956,1097,Base
2024-06,T031,Muebles,61241575,482,Base
2024-06,T031,Tecnologia,181040691,1231,Base
2024-06,T032,Alimentos,487626285,956,Base
2024-06,T032,Belleza,320495468,523,Base
2024-06,T032,Deportes,329649585,217,Base
2024-06,T032,Electrohogar,480054056,408,Base
2024-06,T032,Jugueteria,432598428,1249,Base
2024-06,T032,Moda,152179530,476,Base
2024-06,T032,Muebles,262690506,1254,Base
2024-06,T032,Tecnologia,352876878,847,Base
2024-06,T033,Alimentos,444198672,1065,Base
2024-06,T033,Belleza,280240846,580,Base
2024-06,T033,Deportes,338644953,1359,Base
2024-06,T033,Electrohogar,439554972,668,Base
2024-06,T033,Jugueteria,492976987,1228,Base
2024-06,T033,Moda,443102258,1073,Base
2024-06,T033,Muebles,471279385,1323,Base
2024-06,T033,Tecnologia,419934010,1372,Base
2024-06,T034,Alimentos,108533495,1016,Base
2024-06,T034,Belleza,516524121,827,Base
2024-06,T034,Deportes,358489297,1276,Base
2024-06,T034,Electrohogar,354733778,671,Base
2024-06,T034,Jugueteria,344014041,361,Base
2024-06,T034,Moda,236658710,261,Base
2024-06,T034,Muebles,364632692,250,Base
2024-06,T034,Tecnologia,448377731,184,Base
2024-06,T035,Alimentos,193484278,758,Base
2024-06,T035,Belleza,131814750,583,Base
2024-06,T035,Deportes,482937476,676,Base
2024-06,T035,Electrohogar,250185915,480,Base
2024-06,T035,Jugueteria,383266761,527,Base
2024-06,T035,Moda,357396611,1379,Base
2024-06,T035,Muebles,469315355,698,Base
2024-06,T035,Tecnologia,150070645,772,Base
2024-06,T036,Alimentos,470904852,124,Base
2024-06,T036,Belleza,171998341,1354,Base
2024-06,T036,Deportes,522872591,504,Base
2024-06,T036,Electrohogar,474755605,712,Base
2024-06,T036,Jugueteria,178036812,533,Base
2024-06,T036,Moda,350976031,152,Base
2024-06,T036,Muebles,433448223,1282,Base
2024-06,T036,Tecnologia,323975967,937,Base
2024-06,T037,Alimentos,216881742,755,Base
2024-06,T037,Belleza,182310157,1145,Base
2024-06,T037,Deportes,447997186,1188,Base
2024-06,T037,Electrohogar,218908517,557,Base
2024-06,T037,Jugueteria,255122230,991,Base
2024-06,T037,Moda,124828923,751,Base
2024-06,T037,Muebles,289891455,1123,Base
2024-06,T037,Tecnologia,518566091,662,Base
2024-06,T038,Alimentos,213447255,402,Base
2024-06,T038,Belleza,64869418,978,Base
2024-06,T038,Deportes,144396023,1239,Base
2024-06,T038,Electrohogar,290263800,1105,Base
2024-06,T038,Jugueteria,484654781,782,Base
2024-06,T038,Moda,78088960,1333,Base
2024-06,T038,Muebles,121187475,309,Base
2024-06,T038,Tecnologia,113990435,1160,Base
2024-06,T039,Alimentos,83613137,1344,Base
2024-06,T039,Belleza,465909657,473,Base
2024-06,T039,Deportes,179882633,907,Base
2024-06,T039,Electrohogar,79518392,193,Base
2024-06,T039,Jugueteria,279989852,1040,Base
2024-06,T039,Moda,269279195,205,Base
2024-06,T039,Muebles,278148875,371,Base
2024-06,T039,Tecnologia,292961141,1150,Base
2024-06,T040,Alimentos,205085945,1249,Base
2024-06,T040,Belleza,278456092,193,Base
2024-06,T040,Deportes,511653327,1005,Base
2024-06,T040,Electrohogar,418900693,784,Base
2024-06,T040,Jugueteria,327303970,1148,Base
2024-06,T040,Moda,477308047,278,Base
2024-06,T040,Muebles,97299632,1026,Base
2024-06,T040,Tecnologia,145438695,1030,Base
2024-06,T041,Alimentos,374451717,1055,Base
2024-06,T041,Belleza,311923515,677,Base
2024-06,T041,Deportes,435607756,546,Base
2024-06,T041,Electrohogar,524952182,1348,Base
2024-06,T041,Jugueteria,189680008,276,Base
2024-06,T041,Moda,260969763,202,Base
2024-06,T041,Muebles,243037482,974,Base
2024-06,T041,Tecnologia,115601688,814,Base
2024-06,T042,Alimentos,471378727,919,Base
2024-06,T042,Belleza,411568861,1222,Base
2024-06,T042,Deportes,322270257,940,Base
2024-06,T042,Electrohogar,490547543,603,Base
2024-06,T042,Jugueteria,349669102,460,Base
2024-06,T042,Moda,125615173,613,Base
2024-06,T042,Muebles,241662361,818,Base
2024-06,T042,Tecnologia,128168488,1313,Base
2024-06,T043,Alimentos,319873687,870,Base
2024-06,T043,Belleza,60507418,149,Base
2024-06,T043,Deportes,325667057,1254,Base
2024-06,T043,Electrohogar,216646910,134,Base
2024-06,T043,Jugueteria,64684280,625,Base
2024-06,T043,Moda,485780887,518,Base
2024-06,T043,Muebles,236056745,900,Base
2024-06,T043,Tecnologia,287727462,833,Base
2024-06,T044,Alimentos,101457870,1183,Base
2024-06,T044,Belleza,471861062,1264,Base
2024-06,T044,Deportes,369747878,852,Base
2024-06,T044,Electrohogar,397930955,127,Base
2024-06,T044,Jugueteria,110550943,1350,Base
2024-06,T044,Moda,288663298,189,Base
2024-06,T044,Muebles,349428487,931,Base
2024-06,T044,Tecnologia,303086651,172,Base
2024-06,T045,Alimentos,427714751,1216,Base
2024-06,T045,Belleza,103657146,1340,Base
2024-06,T045,Deportes,85375976,186,Base
2024-06,T045,Electrohogar,152731171,1197,Base
2024-06,T045,Jugueteria,121742222,803,Base
2024-06,T045,Moda,506136171,176,Base
2024-06,T045,Muebles,487033741,660,Base
2024-06,T045,Tecnologia,436109748,172,Base
2024-06,T046,Alimentos,139676891,1263,Base
2024-06,T046,Belleza,398878287,710,Base
2024-06,T046,Deportes,511165882,914,Base
2024-06,T046,Electrohogar,390504167,998,Base
2024-06,T046,Jugueteria,391630508,396,Base
2024-06,T046,Moda,287860608,569,Base
2024-06,T046,Muebles,90785020,377,Base
2024-06,T046,Tecnologia,350233290,1274,Base
2024-06,T047,Alimentos,191667376,1178,Base
2024-06,T047,Belleza,337720657,668,Base
2024-06,T047,Deportes,458967435,1176,Base
2024-06,T047,Electrohogar,305153853,1075,Base
2024-06,T047,Jugueteria,380871885,1383,Base
2024-06,T047,Moda,64407822,1133,Base
2024-06,T047,Muebles,466854303,550,Base
2024-06,T047,Tecnologia,448273028,457,Base
2024-06,T048,Alimentos,250472167,270,Base
2024-06,T048,Belleza,358653808,323,Base
2024-06,T048,Deportes,414198503,433,Base
2024-06,T048,Electrohogar,442700136,1006,Base
2024-06,T048,Jugueteria,175811455,1167,Base
2024-06,T048,Moda,274322375,198,Base
2024-06,T048,Muebles,372661085,328,Base
2024-06,T048,Tecnologia,385382558,470,Base
2024-06,T049,Alimentos,331898671,309,Base
2024-06,T049,Belleza,219359711,1052,Base
2024-06,T049,Deportes,370543963,910,Base
2024-06,T049,Electrohogar,287514647,400,Base
2024-06,T049,Jugueteria,359297361,1242,Base
2024-06,T049,Moda,267356602,1126,Base
2024-06,T049,Muebles,265041796,152,Base
2024-06,T049,Tecnologia,431193611,696,Base
2024-06,T050,Alimentos,218603072,1226,Base
2024-06,T050,Belleza,341213772,268,Base
2024-06,T050,Deportes,485819462,433,Base
2024-06,T050,Electrohogar,278727181,1053,Base
2024-06,T050,Jugueteria,487682742,903,Base
2024-06,T050,Moda,139617375,494,Base
2024-06,T050,Muebles,520199350,648,Base
2024-06,T050,Tecnologia,153552655,1000,Base
2024-06,T051,Alimentos,520090708,1145,Base
2024-06,T051,Belleza,239408420,1390,Base
2024-06,T051,Deportes,218559321,470,Base
2024-06,T051,Electrohogar,317938777,1310,Base
2024-06,T051,Jugueteria,336883058,1285,Base
2024-06,T051,Moda,356039053,1132,Base
2024-06,T051,Muebles,463279245,1146,Base
2024-06,T051,Tecnologia,499626193,715,Base
2024-06,T052,Alimentos,137367846,677,Base
2024-06,T052,Belleza,182306738,1224,Base
2024-06,T052,Deportes,400144587,410,Base
2024-06,T052,Electrohogar,426974001,620,Base
2024-06,T052,Jugueteria,203154458,1340,Base
2024-06,T052,Moda,96395701,465,Base
2024-06,T052,Muebles,158179158,1117,Base
2024-06,T052,Tecnologia,514479810,785,Base
2024-06,T053,Alimentos,176657635,207,Base
2024-06,T053,Belleza,188730305,1325,Base
2024-06,T053,Deportes,368623507,1385,Base
2024-06,T053,Electrohogar,478774420,1276,Base
2024-06,T053,Jugueteria,320838088,376,Base
2024-06,T053,Moda,92887801,1007,Base
2024-06,T053,Muebles,357003946,589,Base
2024-06,T053,Tecnologia,356690770,400,Base
2024-06,T054,Alimentos,224939130,679,Base
2024-06,T054,Belleza,367839428,521,Base
2024-06,T054,Deportes,309661856,1362,Base
2024-06,T054,Electrohogar,459341887,1357,Base
2024-06,T054,Jugueteria,86536895,239,Base
2024-06,T054,Moda,438769532,1299,Base
2024-06,T054,Muebles,208486271,193,Base
2024-06,T054,Tecnologia,165023216,343,Base
2024-06,T055,Alimentos,520809326,833,Base
2024-06,T055,Belleza,65631741,581,Base
2024-06,T055,Deportes,328872033,121,Base
2024-06,T055,Electrohogar,377411661,402,Base
2024-06,T055,Jugueteria,410396348,1045,Base
2024-06,T055,Moda,171034493,820,Base
2024-06,T055,Muebles,405319971,796,Base
2024-06,T055,Tecnologia,318584156,406,Base
2024-06,T056,Alimentos,390156303,800,Base
2024-06,T056,Belleza,433523518,665,Base
2024-06,T056,Deportes,208333613,815,Base
2024-06,T056,Electrohogar,181837586,1304,Base
2024-06,T056,Jugueteria,182817068,559,Base
2024-06,T056,Moda,74844900,1157,Base
2024-06,T056,Muebles,131683635,752,Base
2024-06,T056,Tecnologia,330071367,262,Base
2024-06,T057,Alimentos,129035957,1389,Base
2024-06,T057,Belleza,359968776,1265,Base
2024-06,T057,Deportes,161422178,887,Base
2024-06,T057,Electrohogar,488370020,301,Base
2024-06,T057,Jugueteria,153223972,608,Base
2024-06,T057,Moda,509046352,129,Base
2024-06,T057,Muebles,198199988,1179,Base
2024-06,T057,Tecnologia,329551210,157,Base
2024-06,T058,Alimentos,281160680,884,Base
2024-06,T058,Belleza,193841012,1387,Base
2024-06,T058,Deportes,515396138,803,Base
2024-06,T058,Electrohogar,61547938,157,Base
2024-06,T058,Jugueteria,439656127,582,Base
2024-06,T058,Moda,97614146,1123,Base
2024-06,T058,Muebles,253137632,277,Base
2024-06,T058,Tecnologia,497222361,1005,Base
2024-06,T059,Alimentos,390229123,323,Base
2024-06,T059,Belleza,185342742,1090,Base
2024-06,T059,Deportes,159864790,539,Base
2024-06,T059,Electrohogar,139090388,1169,Base
2024-06,T059,Jugueteria,322488142,984,Base
2024-06,T059,Moda,212763845,675,Base
2024-06,T059,Muebles,521178938,644,Base
2024-06,T059,Tecnologia,365655653,1092,Base
2024-06,T060,Alimentos,401177597,1018,Base
2024-06,T060,Belleza,280741803,206,Base
2024-06,T060,Deportes,456096873,476,Base
2024-06,T060,Electrohogar,59426572,1071,Base
2024-06,T060,Jugueteria,290376093,464,Base
2024-06,T060,Moda,331470041,1305,Base
2024-06,T060,Muebles,223203236,1059,Base
2024-06,T060,Tecnologia,398887353,903,Base
2024-07,T001,Alimentos,337268648,1173,Base
2024-07,T001,Belleza,400329822,1262,Base
2024-07,T001,Deportes,101236920,302,Base
2024-07,T001,Electrohogar,302352992,238,Base
2024-07,T001,Jugueteria,70403775,863,Base
2024-07,T001,Moda,297000715,202,Base
2024-07,T001,Muebles,227626151,1351,Base
2024-07,T001,Tecnologia,89591149,1187,Base
2024-07,T002,Alimentos,391540675,1236,Base
2024-07,T002,Belleza,336179016,1309,Base
2024-07,T002,Deportes,122810635,845,Base
2024-07,T002,Electrohogar,305570597,182,Base
2024-07,T002,Jugueteria,298083340,850,Base
2024-07,T002,Moda,189627830,604,Base
2024-07,T002,Muebles,363716588,554,Base
2024-07,T002,Tecnologia,144012225,312,Base
2024-07,T003,Alimentos,309914483,876,Base
2024-07,T003,Belleza,171555806,402,Base
2024-07,T003,Deportes,192068878,1224,Base
2024-07,T003,Electrohogar,223811859,392,Base
2024-07,T003,Jugueteria,394548175,379,Base
2024-07,T003,Moda,240067807,1334,Base
2024-07,T003,Muebles,70104944,1320,Base
2024-07,T003,Tecnologia,395689480,1064,Base
2024-07,T004,Alimentos,252325424,232,Base
2024-07,T004,Belleza,150523978,377,Base
2024-07,T004,Deportes,292619147,645,Base
2024-07,T004,Electrohogar,255572683,426,Base
2024-07,T004,Jugueteria,185692309,433,Base
2024-07,T004,Moda,194449675,1101,Base
2024-07,T004,Muebles,64424918,1378,Base
2024-07,T004,Tecnologia,367697224,1225,Base
2024-07,T005,Alimentos,344241661,833,Base
2024-07,T005,Belleza,400655729,429,Base
2024-07,T005,Deportes,413780801,760,Base
2024-07,T005,Electrohogar,144788994,942,Base
2024-07,T005,Jugueteria,415255507,676,Base
2024-07,T005,Moda,65840364,409,Base
2024-07,T005,Muebles,274728373,608,Base
2024-07,T005,Tecnologia,123446381,536,Base
2024-07,T006,Alimentos,90808432,536,Base
2024-07,T006,Belleza,279838028,933,Base
2024-07,T006,Deportes,391234625,487,Base
2024-07,T006,Electrohogar,409392651,966,Base
2024-07,T006,Jugueteria,300232837,974,Base
2024-07,T006,Moda,192541803,1351,Base
2024-07,T006,Muebles,168948698,318,Base
2024-07,T006,Tecnologia,152173813,573,Base
2024-07,T007,Alimentos,115674448,1054,Base
2024-07,T007,Belleza,153420930,1278,Base
2024-07,T007,Deportes,175561794,1073,Base
2024-07,T007,Electrohogar,284799571,218,Base
2024-07,T007,Jugueteria,257205790,1040,Base
2024-07,T007,Moda,378714256,1080,Base
2024-07,T007,Muebles,82052635,632,Base
2024-07,T007,Tecnologia,157409720,877,Base
2024-07,T008,Alimentos,229784531,837,Base
2024-07,T008,Belleza,409306763,517,Base
2024-07,T008,Deportes,283762329,593,Base
2024-07,T008,Electrohogar,217565442,1093,Base
2024-07,T008,Jugueteria,275971880,862,Base
2024-07,T008,Moda,252565308,1210,Base
2024-07,T008,Muebles,374414762,909,Base
2024-07,T008,Tecnologia,240309414,738,Base
2024-07,T009,Alimentos,403608146,538,Base
2024-07,T009,Belleza,205182626,232,Base
2024-07,T009,Deportes,315753873,275,Base
2024-07,T009,Electrohogar,293001145,184,Base
2024-07,T009,Jugueteria,92709823,1304,Base
2024-07,T009,Moda,376253631,516,Base
2024-07,T009,Muebles,144216614,441,Base
2024-07,T009,Tecnologia,112189222,904,Base
2024-07,T010,Alimentos,125759282,742,Base
2024-07,T010,Belleza,370456715,504,Base
2024-07,T010,Deportes,204954690,387,Base
2024-07,T010,Electrohogar,48436694,1238,Base
2024-07,T010,Jugueteria,93449593,1188,Base
2024-07,T010,Moda,395519244,136,Base
2024-07,T010,Muebles,48036643,1045,Base
2024-07,T010,Tecnologia,330757598,523,Base
2024-07,T011,Alimentos,91760692,785,Base
2024-07,T011,Belleza,335867282,428,Base
2024-07,T011,Deportes,103835297,815,Base
2024-07,T011,Electrohogar,337237687,148,Base
2024-07,T011,Jugueteria,206960291,1063,Base
2024-07,T011,Moda,104196611,1251,Base
2024-07,T011,Muebles,80495893,371,Base
2024-07,T011,Tecnologia,410009789,420,Base
2024-07,T012,Alimentos,181869063,130,Base
2024-07,T012,Belleza,106405013,1166,Base
2024-07,T012,Deportes,287939931,586,Base
2024-07,T012,Electrohogar,225577482,344,Base
2024-07,T012,Jugueteria,111744184,1179,Base
2024-07,T012,Moda,124702304,1054,Base
2024-07,T012,Muebles,185637792,1374,Base
2024-07,T012,Tecnologia,245905489,1301,Base
2024-07,T013,Alimentos,262926656,1193,Base
2024-07,T013,Belleza,151833244,236,Base
2024-07,T013,Deportes,358991680,289,Base
2024-07,T013,Electrohogar,207377052,1116,Base
2024-07,T013,Jugueteria,267996309,150,Base
2024-07,T013,Moda,153333496,1201,Base
2024-07,T013,Muebles,48076133,155,Base
2024-07,T013,Tecnologia,351433510,1293,Base
2024-07,T014,Alimentos,136502661,462,Base
2024-07,T014,Belleza,245575397,506,Base
2024-07,T014,Deportes,400988612,233,Base
2024-07,T014,Electrohogar,84005836,313,Base
2024-07,T014,Jugueteria,340761472,1071,Base
2024-07,T014,Moda,373665790,439,Base
2024-07,T014,Muebles,274685713,209,Base
2024-07,T014,Tecnologia,333538355,827,Base
2024-07,T015,Alimentos,157662087,156,Base
2024-07,T015,Belleza,59194258,1129,Base
2024-07,T015,Deportes,249193503,1080,Base
2024-07,T015,Electrohogar,96601374,193,Base
2024-07,T015,Jugueteria,409352001,939,Base
2024-07,T015,Moda,106007221,228,Base
2024-07,T015,Muebles,101024132,771,Base
2024-07,T015,Tecnologia,84246053,190,Base
2024-07,T016,Alimentos,260776423,1031,Base
2024-07,T016,Belleza,111727698,1140,Base
2024-07,T016,Deportes,182588300,1353,Base
2024-07,T016,Electrohogar,163660588,214,Base
2024-07,T016,Jugueteria,400445046,634,Base
2024-07,T016,Moda,140224115,403,Base
2024-07,T016,Muebles,182213775,173,Base
2024-07,T016,Tecnologia,418288986,1392,Base
2024-07,T017,Alimentos,268270720,1160,Base
2024-07,T017,Belleza,252196751,1369,Base
2024-07,T017,Deportes,123307444,1382,Base
2024-07,T017,Electrohogar,401247199,567,Base
2024-07,T017,Jugueteria,115227441,181,Base
2024-07,T017,Moda,262705047,642,Base
2024-07,T017,Muebles,81296328,401,Base
2024-07,T017,Tecnologia,76874735,688,Base
2024-07,T018,Alimentos,289583056,907,Base
2024-07,T018,Belleza,109324788,1169,Base
2024-07,T018,Deportes,181941694,735,Base
2024-07,T018,Electrohogar,107425239,694,Base
2024-07,T018,Jugueteria,291742833,1106,Base
2024-07,T018,Moda,345293012,790,Base
2024-07,T018,Muebles,79392825,421,Base
2024-07,T018,Tecnologia,201602106,1098,Base
2024-07,T019,Alimentos,163638227,615,Base
2024-07,T019,Belleza,333488377,1318,Base
2024-07,T019,Deportes,83414377,859,Base
2024-07,T019,Electrohogar,226048208,928,Base
2024-07,T019,Jugueteria,316555391,1261,Base
2024-07,T019,Moda,157450089,258,Base
2024-07,T019,Muebles,215423650,509,Base
2024-07,T019,Tecnologia,307636777,577,Base
2024-07,T020,Alimentos,257955471,484,Base
2024-07,T020,Belleza,118543468,136,Base
2024-07,T020,Deportes,261505046,1161,Base
2024-07,T020,Electrohogar,119715174,1334,Base
2024-07,T020,Jugueteria,308869035,1091,Base
2024-07,T020,Moda,394881242,440,Base
2024-07,T020,Muebles,297644753,1249,Base
2024-07,T020,Tecnologia,273421541,1284,Base
2024-07,T021,Alimentos,366009749,542,Base
2024-07,T021,Belleza,325421501,282,Base
2024-07,T021,Deportes,126379586,476,Base
2024-07,T021,Electrohogar,136552657,876,Base
2024-07,T021,Jugueteria,138094954,1152,Base
2024-07,T021,Moda,374917638,520,Base
2024-07,T021,Muebles,65042266,800,Base
2024-07,T021,Tecnologia,125554551,1222,Base
2024-07,T022,Alimentos,151751360,1342,Base
2024-07,T022,Belleza,109872108,533,Base
2024-07,T022,Deportes,409442514,441,Base
2024-07,T022,Electrohogar,331099458,467,Base
2024-07,T022,Jugueteria,177026809,1175,Base
2024-07,T022,Moda,81420462,324,Base
2024-07,T022,Muebles,303969925,827,Base
2024-07,T022,Tecnologia,259023123,912,Base
2024-07,T023,Alimentos,186492873,1071,Base
2024-07,T023,Belleza,123300993,968,Base
2024-07,T023,Deportes,363795668,579,Base
2024-07,T023,Electrohogar,179123314,527,Base
2024-07,T023,Jugueteria,402774288,787,Base
2024-07,T023,Moda,329816343,132,Base
2024-07,T023,Muebles,163240393,329,Base
2024-07,T023,Tecnologia,351029349,828,Base
2024-07,T024,Alimentos,182565235,502,Base
2024-07,T024,Belleza,135437338,349,Base
2024-07,T024,Deportes,315485448,1349,Base
2024-07,T024,Electrohogar,246499518,946,Base
2024-07,T024,Jugueteria,202420113,445,Base
2024-07,T024,Moda,282996583,468,Base
2024-07,T024,Muebles,232503632,175,Base
2024-07,T024,Tecnologia,141171137,453,Base
2024-07,T025,Alimentos,416457150,952,Base
2024-07,T025,Belleza,121883948,578,Base
2024-07,T025,Deportes,214496145,243,Base
2024-07,T025,Electrohogar,205640653,910,Base
2024-07,T025,Jugueteria,163089250,1307,Base
2024-07,T025,Moda,91461006,813,Base
2024-07,T025,Muebles,315961763,1336,Base
2024-07,T025,Tecnologia,99964632,548,Base
2024-07,T026,Alimentos,111151285,914,Base
2024-07,T026,Belleza,269433071,905,Base
2024-07,T026,Deportes,235833961,329,Base
2024-07,T026,Electrohogar,260007782,1280,Base
2024-07,T026,Jugueteria,220047425,1102,Base
2024-07,T026,Moda,266800114,686,Base
2024-07,T026,Muebles,213091417,918,Base
2024-07,T026,Tecnologia,158251120,1112,Base
2024-07,T027,Alimentos,92668705,898,Base
2024-07,T027,Belleza,298778786,450,Base
2024-07,T027,Deportes,171909132,1376,Base
2024-07,T027,Electrohogar,230021929,442,Base
2024-07,T027,Jugueteria,368325673,648,Base
2024-07,T027,Moda,153228894,286,Base
2024-07,T027,Muebles,307260945,333,Base
2024-07,T027,Tecnologia,140095719,484,Base
2024-07,T028,Alimentos,320735329,161,Base
2024-07,T028,Belleza,265578522,1308,Base
2024-07,T028,Deportes,154876484,578,Base
2024-07,T028,Electrohogar,65537884,371,Base
2024-07,T028,Jugueteria,91377004,1359,Base
2024-07,T028,Moda,128804266,443,Base
2024-07,T028,Muebles,270891598,1170,Base
2024-07,T028,Tecnologia,208024439,803,Base
2024-07,T029,Alimentos,234015667,799,Base
2024-07,T029,Belleza,397021299,526,Base
2024-07,T029,Deportes,384451198,1146,Base
2024-07,T029,Electrohogar,87196030,855,Base
2024-07,T029,Jugueteria,80392908,1392,Base
2024-07,T029,Moda,363434160,172,Base
2024-07,T029,Muebles,260950965,630,Base
2024-07,T029,Tecnologia,55405277,167,Base
2024-07,T030,Alimentos,388341701,965,Base
2024-07,T030,Belleza,275843495,1048,Base
2024-07,T030,Deportes,400701843,837,Base
2024-07,T030,Electrohogar,313689713,1194,Base
2024-07,T030,Jugueteria,231230929,669,Base
2024-07,T030,Moda,284785105,155,Base
2024-07,T030,Muebles,121234178,666,Base
2024-07,T030,Tecnologia,127316714,283,Base
2024-07,T031,Alimentos,258036266,569,Base
2024-07,T031,Belleza,74023292,1374,Base
2024-07,T031,Deportes,64518227,1302,Base
2024-07,T031,Electrohogar,185537071,856,Base
2024-07,T031,Jugueteria,150209180,1070,Base
2024-07,T031,Moda,261917292,1082,Base
2024-07,T031,Muebles,284077532,903,Base
2024-07,T031,Tecnologia,50428425,644,Base
2024-07,T032,Alimentos,74986292,319,Base
2024-07,T032,Belleza,180556457,1260,Base
2024-07,T032,Deportes,387273937,132,Base
2024-07,T032,Electrohogar,176797575,157,Base
2024-07,T032,Jugueteria,243140065,1158,Base
2024-07,T032,Moda,371588368,426,Base
2024-07,T032,Muebles,238474097,1006,Base
2024-07,T032,Tecnologia,103630460,1395,Base
2024-07,T033,Alimentos,112592950,737,Base
2024-07,T033,Belleza,199990148,403,Base
2024-07,T033,Deportes,298126664,362,Base
2024-07,T033,Electrohogar,129923308,586,Base
2024-07,T033,Jugueteria,212194634,756,Base
2024-07,T033,Moda,220374224,1126,Base
2024-07,T033,Muebles,367996086,619,Base
2024-07,T033,Tecnologia,355328670,695,Base
2024-07,T034,Alimentos,246966697,204,Base
2024-07,T034,Belleza,258289314,461,Base
2024-07,T034,Deportes,45661804,414,Base
2024-07,T034,Electrohogar,160509386,137,Base
2024-07,T034,Jugueteria,207244479,1046,Base
2024-07,T034,Moda,165785019,318,Base
2024-07,T034,Muebles,260715206,534,Base
2024-07,T034,Tecnologia,249444948,801,Base
2024-07,T035,Alimentos,140842215,392,Base
2024-07,T035,Belleza,137596122,746,Base
2024-07,T035,Deportes,417791295,459,Base
2024-07,T035,Electrohogar,418859404,959,Base
2024-07,T035,Jugueteria,393124739,1241,Base
2024-07,T035,Moda,255089044,344,Base
2024-07,T035,Muebles,262667850,233,Base
2024-07,T035,Tecnologia,47705962,129,Base
2024-07,T036,Alimentos,405807592,1086,Base
2024-07,T036,Belleza,235481842,565,Base
2024-07,T036,Deportes,398964247,984,Base
2024-07,T036,Electrohogar,131978233,1312,Base
2024-07,T036,Jugueteria,331239798,365,Base
2024-07,T036,Moda,315283646,633,Base
2024-07,T036,Muebles,345223911,697,Base
2024-07,T036,Tecnologia,401517239,945,Base
2024-07,T037,Alimentos,265387535,590,Base
2024-07,T037,Belleza,322103269,1210,Base
2024-07,T037,Deportes,267728542,1047,Base
2024-07,T037,Electrohogar,75154041,1044,Base
2024-07,T037,Jugueteria,378971296,1292,Base
2024-07,T037,Moda,276166169,429,Base
2024-07,T037,Muebles,177187067,430,Base
2024-07,T037,Tecnologia,323621607,832,Base
2024-07,T038,Alimentos,157495853,869,Base
2024-07,T038,Belleza,132389307,355,Base
2024-07,T038,Deportes,107874605,289,Base
2024-07,T038,Electrohogar,313633077,897,Base
2024-07,T038,Jugueteria,307006860,1343,Base
2024-07,T038,Moda,241531539,1329,Base
2024-07,T038,Muebles,411617936,816,Base
2024-07,T038,Tecnologia,150947493,399,Base
2024-07,T039,Alimentos,155370903,226,Base
2024-07,T039,Belleza,199776027,378,Base
2024-07,T039,Deportes,419880269,1347,Base
2024-07,T039,Electrohogar,176603664,1080,Base
2024-07,T039,Jugueteria,151642511,584,Base
2024-07,T039,Moda,316523265,1172,Base
2024-07,T039,Muebles,335525934,925,Base
2024-07,T039,Tecnologia,299028872,1387,Base
2024-07,T040,Alimentos,128168954,1130,Base
2024-07,T040,Belleza,302982273,1232,Base
2024-07,T040,Deportes,308117317,493,Base
2024-07,T040,Electrohogar,315274777,1267,Base
2024-07,T040,Jugueteria,352458532,1195,Base
2024-07,T040,Moda,104689592,200,Base
2024-07,T040,Muebles,341641102,1367,Base
2024-07,T040,Tecnologia,143545900,697,Base
2024-07,T041,Alimentos,289650273,658,Base
2024-07,T041,Belleza,244555039,811,Base
2024-07,T041,Deportes,382976079,242,Base
2024-07,T041,Electrohogar,386541708,614,Base
2024-07,T041,Jugueteria,84196909,479,Base
2024-07,T041,Moda,371736598,454,Base
2024-07,T041,Muebles,57415156,257,Base
2024-07,T041,Tecnologia,104247476,636,Base
2024-07,T042,Alimentos,203629256,1387,Base
2024-07,T042,Belleza,50724516,1081,Base
2024-07,T042,Deportes,364986628,212,Base
2024-07,T042,Electrohogar,350545316,402,Base
2024-07,T042,Jugueteria,385831996,252,Base
2024-07,T042,Moda,87558524,1315,Base
2024-07,T042,Muebles,371887408,1355,Base
2024-07,T042,Tecnologia,346924491,514,Base
2024-07,T043,Alimentos,227313330,1297,Base
2024-07,T043,Belleza,415674910,450,Base
2024-07,T043,Deportes,228557732,382,Base
2024-07,T043,Electrohogar,297137944,1285,Base
2024-07,T043,Jugueteria,210863946,1352,Base
2024-07,T043,Moda,416798703,1344,Base
2024-07,T043,Muebles,243675021,1236,Base
2024-07,T043,Tecnologia,111011472,620,Base
2024-07,T044,Alimentos,263545878,421,Base
2024-07,T044,Belleza,251789299,665,Base
2024-07,T044,Deportes,210709021,538,Base
2024-07,T044,Electrohogar,338366094,1279,Base
2024-07,T044,Jugueteria,398720439,1375,Base
2024-07,T044,Moda,87152085,630,Base
2024-07,T044,Muebles,178947241,1077,Base
2024-07,T044,Tecnologia,291458556,568,Base
2024-07,T045,Alimentos,191887874,205,Base
2024-07,T045,Belleza,158282379,604,Base
2024-07,T045,Deportes,370797745,981,Base
2024-07,T045,Electrohogar,294202257,649,Base
2024-07,T045,Jugueteria,55608712,660,Base
2024-07,T045,Moda,324933259,263,Base
2024-07,T045,Muebles,250063559,311,Base
2024-07,T045,Tecnologia,168219935,1102,Base
2024-07,T046,Alimentos,364609025,775,Base
2024-07,T046,Belleza,217060407,496,Base
2024-07,T046,Deportes,172934489,268,Base
2024-07,T046,Electrohogar,215792988,1136,Base
2024-07,T046,Jugueteria,220976375,210,Base
2024-07,T046,Moda,409899018,1083,Base
2024-07,T046,Muebles,63408003,746,Base
2024-07,T046,Tecnologia,176968502,641,Base
2024-07,T047,Alimentos,210662393,197,Base
2024-07,T047,Belleza,266179745,1375,Base
2024-07,T047,Deportes,394463133,995,Base
2024-07,T047,Electrohogar,327469445,918,Base
2024-07,T047,Jugueteria,54265197,192,Base
2024-07,T047,Moda,112516346,513,Base
2024-07,T047,Muebles,360129055,732,Base
2024-07,T047,Tecnologia,279616574,249,Base
2024-07,T048,Alimentos,86029182,1153,Base
2024-07,T048,Belleza,264894754,817,Base
2024-07,T048,Deportes,202397520,411,Base
2024-07,T048,Electrohogar,375053800,1369,Base
2024-07,T048,Jugueteria,70882615,1203,Base
2024-07,T048,Moda,204048317,509,Base
2024-07,T048,Muebles,410528375,200,Base
2024-07,T048,Tecnologia,68130860,369,Base
2024-07,T049,Alimentos,237017658,1353,Base
2024-07,T049,Belleza,306585628,768,Base
2024-07,T049,Deportes,137248561,666,Base
2024-07,T049,Electrohogar,281724017,1024,Base
2024-07,T049,Jugueteria,127797917,387,Base
2024-07,T049,Moda,117340677,555,Base
2024-07,T049,Muebles,357795988,322,Base
2024-07,T049,Tecnologia,267262279,875,Base
2024-07,T050,Alimentos,396335154,960,Base
2024-07,T050,Belleza,53377421,653,Base
2024-07,T050,Deportes,378746002,1136,Base
2024-07,T050,Electrohogar,299796865,1026,Base
2024-07,T050,Jugueteria,299663302,462,Base
2024-07,T050,Moda,73882432,152,Base
2024-07,T050,Muebles,371933644,737,Base
2024-07,T050,Tecnologia,213333042,1070,Base
2024-07,T051,Alimentos,178719931,1223,Base
2024-07,T051,Belleza,104831437,1226,Base
2024-07,T051,Deportes,407630828,1188,Base
2024-07,T051,Electrohogar,86579693,1236,Base
2024-07,T051,Jugueteria,342638431,1148,Base
2024-07,T051,Moda,235561376,626,Base
2024-07,T051,Muebles,132915868,635,Base
2024-07,T051,Tecnologia,359614255,476,Base
2024-07,T052,Alimentos,211334596,324,Base
2024-07,T052,Belleza,361300050,1043,Base
2024-07,T052,Deportes,186397845,908,Base
2024-07,T052,Electrohogar,98934430,1331,Base
2024-07,T052,Jugueteria,228416601,1118,Base
2024-07,T052,Moda,369445371,902,Base
2024-07,T052,Muebles,230893667,193,Base
2024-07,T052,Tecnologia,313723061,156,Base
2024-07,T053,Alimentos,74378177,425,Base
2024-07,T053,Belleza,333322968,317,Base
2024-07,T053,Deportes,375400606,1080,Base
2024-07,T053,Electrohogar,308582067,241,Base
2024-07,T053,Jugueteria,400119703,319,Base
2024-07,T053,Moda,148769838,840,Base
2024-07,T053,Muebles,120243905,906,Base
2024-07,T053,Tecnologia,104940199,419,Base
2024-07,T054,Alimentos,170581735,458,Base
2024-07,T054,Belleza,279580251,373,Base
2024-07,T054,Deportes,225023928,285,Base
2024-07,T054,Electrohogar,318325499,478,Base
2024-07,T054,Jugueteria,247780813,285,Base
2024-07,T054,Moda,257799851,613,Base
2024-07,T054,Muebles,326032605,415,Base
2024-07,T054,Tecnologia,306624561,1341,Base
2024-07,T055,Alimentos,402640067,1094,Base
2024-07,T055,Belleza,290831546,1264,Base
2024-07,T055,Deportes,130968507,732,Base
2024-07,T055,Electrohogar,289022828,503,Base
2024-07,T055,Jugueteria,88772717,739,Base
2024-07,T055,Moda,277087638,926,Base
2024-07,T055,Muebles,364897554,1382,Base
2024-07,T055,Tecnologia,371468555,344,Base
2024-07,T056,Alimentos,250142700,459,Base
2024-07,T056,Belleza,103179462,144,Base
2024-07,T056,Deportes,88354194,1392,Base
2024-07,T056,Electrohogar,247589973,690,Base
2024-07,T056,Jugueteria,236012235,602,Base
2024-07,T056,Moda,242188541,713,Base
2024-07,T056,Muebles,280935849,1230,Base
2024-07,T056,Tecnologia,163030754,629,Base
2024-07,T057,Alimentos,145851675,248,Base
2024-07,T057,Belleza,120269172,161,Base
2024-07,T057,Deportes,356028693,192,Base
2024-07,T057,Electrohogar,355108502,1145,Base
2024-07,T057,Jugueteria,336353642,662,Base
2024-07,T057,Moda,379617874,401,Base
2024-07,T057,Muebles,99259761,538,Base
2024-07,T057,Tecnologia,404227844,693,Base
2024-07,T058,Alimentos,100234010,682,Base
2024-07,T058,Belleza,105738361,589,Base
2024-07,T058,Deportes,229374599,1144,Base
2024-07,T058,Electrohogar,196783908,948,Base
2024-07,T058,Jugueteria,419757665,1121,Base
2024-07,T058,Moda,257829690,857,Base
2024-07,T058,Muebles,104173631,451,Base
2024-07,T058,Tecnologia,47545916,1173,Base
2024-07,T059,Alimentos,363657840,310,Base
2024-07,T059,Belleza,196869258,1310,Base
2024-07,T059,Deportes,155388831,281,Base
2024-07,T059,Electrohogar,328858396,1055,Base
2024-07,T059,Jugueteria,103882416,1234,Base
2024-07,T059,Moda,137948154,840,Base
2024-07,T059,Muebles,99273154,1095,Base
2024-07,T059,Tecnologia,294633656,560,Base
2024-07,T060,Alimentos,384767424,399,Base
2024-07,T060,Belleza,81111285,207,Base
2024-07,T060,Deportes,354725078,494,Base
2024-07,T060,Electrohogar,259593935,1045,Base
2024-07,T060,Jugueteria,52003298,932,Base
2024-07,T060,Moda,114017387,1295,Base
2024-07,T060,Muebles,334447332,328,Base
2024-07,T060,Tecnologia,248591413,1333,Base
2024-08,T001,Alimentos,202824028,1014,Base
2024-08,T001,Belleza,125596038,386,Base
2024-08,T001,Deportes,369601095,551,Base
2024-08,T001,Electrohogar,357309600,694,Base
2024-08,T001,Jugueteria,275283874,554,Base
2024-08,T001,Moda,219652078,1213,Base
2024-08,T001,Muebles,240051457,952,Base
2024-08,T001,Tecnologia,114069742,1310,Base
2024-08,T002,Alimentos,70724707,442,Base
2024-08,T002,Belleza,263364965,716,Base
2024-08,T002,Deportes,76298446,1184,Base
2024-08,T002,Electrohogar,258469860,1388,Base
2024-08,T002,Jugueteria,354153460,252,Base
2024-08,T002,Moda,385429349,976,Base
2024-08,T002,Muebles,139111805,594,Base
2024-08,T002,Tecnologia,293283386,593,Base
2024-08,T003,Alimentos,329959293,309,Base
2024-08,T003,Belleza,311950167,482,Base
2024-08,T003,Deportes,380513699,1158,Base
2024-08,T003,Electrohogar,178578086,667,Base
2024-08,T003,Jugueteria,273526009,415,Base
2024-08,T003,Moda,108118630,433,Base
2024-08,T003,Muebles,216379288,1135,Base
2024-08,T003,Tecnologia,232303863,1036,Base
2024-08,T004,Alimentos,295440922,689,Base
2024-08,T004,Belleza,175103582,785,Base
2024-08,T004,Deportes,316560777,646,Base
2024-08,T004,Electrohogar,236323002,663,Base
2024-08,T004,Jugueteria,288059369,954,Base
2024-08,T004,Moda,201804576,1260,Base
2024-08,T004,Muebles,68166840,132,Base
2024-08,T004,Tecnologia,88546770,1146,Base
2024-08,T005,Alimentos,155307612,1220,Base
2024-08,T005,Belleza,395621220,337,Base
2024-08,T005,Deportes,64824122,833,Base
2024-08,T005,Electrohogar,417914344,605,Base
2024-08,T005,Jugueteria,167456897,290,Base
2024-08,T005,Moda,102933263,527,Base
2024-08,T005,Muebles,65831439,941,Base
2024-08,T005,Tecnologia,293398918,798,Base
2024-08,T006,Alimentos,183338350,732,Base
2024-08,T006,Belleza,289575397,489,Base
2024-08,T006,Deportes,358412266,937,Base
2024-08,T006,Electrohogar,205983388,183,Base
2024-08,T006,Jugueteria,186203353,641,Base
2024-08,T006,Moda,224427946,507,Base
2024-08,T006,Muebles,179245442,226,Base
2024-08,T006,Tecnologia,350779061,854,Base
2024-08,T007,Alimentos,297961865,1026,Base
2024-08,T007,Belleza,79097254,707,Base
2024-08,T007,Deportes,418641818,716,Base
2024-08,T007,Electrohogar,247267884,710,Base
2024-08,T007,Jugueteria,134809665,185,Base
2024-08,T007,Moda,190473960,1189,Base
2024-08,T007,Muebles,70900272,950,Base
2024-08,T007,Tecnologia,67259842,1319,Base
2024-08,T008,Alimentos,355503800,947,Base
2024-08,T008,Belleza,197345930,1048,Base
2024-08,T008,Deportes,267438841,122,Base
2024-08,T008,Electrohogar,383506063,1329,Base
2024-08,T008,Jugueteria,398568137,1279,Base
2024-08,T008,Moda,233949427,1214,Base
2024-08,T008,Muebles,149176050,668,Base
2024-08,T008,Tecnologia,168361808,153,Base
2024-08,T009,Alimentos,405046947,756,Base
2024-08,T009,Belleza,278661790,254,Base
2024-08,T009,Deportes,69446486,380,Base
2024-08,T009,Electrohogar,328973761,386,Base
2024-08,T009,Jugueteria,225007544,856,Base
2024-08,T009,Moda,361308285,1010,Base
2024-08,T009,Muebles,346423089,1119,Base
2024-08,T009,Tecnologia,182677312,1166,Base
2024-08,T010,Alimentos,156077891,842,Base
2024-08,T010,Belleza,116959138,839,Base
2024-08,T010,Deportes,374900152,1162,Base
2024-08,T010,Electrohogar,162280406,521,Base
2024-08,T010,Jugueteria,416517203,1088,Base
2024-08,T010,Moda,215111881,787,Base
2024-08,T010,Muebles,186057342,253,Base
2024-08,T010,Tecnologia,64414976,348,Base
2024-08,T011,Alimentos,225078337,665,Base
2024-08,T011,Belleza,302505946,655,Base
2024-08,T011,Deportes,334774061,876,Base
2024-08,T011,Electrohogar,225816587,237,Base
2024-08,T011,Jugueteria,296143616,638,Base
2024-08,T011,Moda,281918463,985,Base
2024-08,T011,Muebles,76176965,768,Base
2024-08,T011,Tecnologia,242596853,634,Base
2024-08,T012,Alimentos,379372464,529,Base
2024-08,T012,Belleza,174177387,317,Base
2024-08,T012,Deportes,242777385,705,Base
2024-08,T012,Electrohogar,158059332,584,Base
2024-08,T012,Jugueteria,244186238,754,Base
2024-08,T012,Moda,243558555,458,Base
2024-08,T012,Muebles,247136183,1207,Base
2024-08,T012,Tecnologia,302214332,1358,Base
2024-08,T013,Alimentos,389195206,941,Base
2024-08,T013,Belleza,299818451,1252,Base
2024-08,T013,Deportes,336650123,386,Base
2024-08,T013,Electrohogar,404946711,403,Base
2024-08,T013,Jugueteria,280668037,1083,Base
2024-08,T013,Moda,396384766,910,Base
2024-08,T013,Muebles,396998781,1181,Base
2024-08,T013,Tecnologia,314127423,870,Base
2024-08,T014,Alimentos,103998783,1019,Base
2024-08,T014,Belleza,61810449,482,Base
2024-08,T014,Deportes,150634213,1035,Base
2024-08,T014,Electrohogar,47997005,850,Base
2024-08,T014,Jugueteria,184351276,824,Base
2024-08,T014,Moda,46378024,1011,Base
2024-08,T014,Muebles,346142646,1056,Base
2024-08,T014,Tecnologia,243671300,1378,Base
2024-08,T015,Alimentos,406633824,491,Base
2024-08,T015,Belleza,310432697,370,Base
2024-08,T015,Deportes,252497458,488,Base
2024-08,T015,Electrohogar,395525133,671,Base
2024-08,T015,Jugueteria,66983539,729,Base
2024-08,T015,Moda,95372315,1152,Base
2024-08,T015,Muebles,134001418,851,Base
2024-08,T015,Tecnologia,105086252,303,Base
2024-08,T016,Alimentos,165784279,1272,Base
2024-08,T016,Belleza,173988934,154,Base
2024-08,T016,Deportes,196890806,802,Base
2024-08,T016,Electrohogar,322317879,1283,Base
2024-08,T016,Jugueteria,141643494,1350,Base
2024-08,T016,Moda,121912822,596,Base
2024-08,T016,Muebles,146196922,1350,Base
2024-08,T016,Tecnologia,215039590,1318,Base
2024-08,T017,Alimentos,216370940,1213,Base
2024-08,T017,Belleza,288026974,571,Base
2024-08,T017,Deportes,240896152,953,Base
2024-08,T017,Electrohogar,390108359,218,Base
2024-08,T017,Jugueteria,321502973,919,Base
2024-08,T017,Moda,295954450,856,Base
2024-08,T017,Muebles,419157292,979,Base
2024-08,T017,Tecnologia,73469351,483,Base
2024-08,T018,Alimentos,393566411,1049,Base
2024-08,T018,Belleza,219436545,1081,Base
2024-08,T018,Deportes,64523584,1133,Base
2024-08,T018,Electrohogar,273540899,1271,Base
2024-08,T018,Jugueteria,294270472,771,Base
2024-08,T018,Moda,388076672,351,Base
2024-08,T018,Muebles,415926788,1356,Base
2024-08,T018,Tecnologia,231335817,711,Base
2024-08,T019,Alimentos,233340345,1305,Base
2024-08,T019,Belleza,223575716,551,Base
2024-08,T019,Deportes,328575116,391,Base
2024-08,T019,Electrohogar,170652521,454,Base
2024-08,T019,Jugueteria,76893683,976,Base
2024-08,T019,Moda,311320015,215,Base
2024-08,T019,Muebles,187710501,804,Base
2024-08,T019,Tecnologia,211014270,1103,Base
2024-08,T020,Alimentos,273486982,195,Base
2024-08,T020,Belleza,216707726,329,Base
2024-08,T020,Deportes,137943673,1126,Base
2024-08,T020,Electrohogar,80751166,541,Base
2024-08,T020,Jugueteria,339990844,356,Base
2024-08,T020,Moda,121601875,585,Base
2024-08,T020,Muebles,403876115,857,Base
2024-08,T020,Tecnologia,289963459,929,Base
2024-08,T021,Alimentos,303193517,1232,Base
2024-08,T021,Belleza,399806876,1313,Base
2024-08,T021,Deportes,101043337,576,Base
2024-08,T021,Electrohogar,412096504,877,Base
2024-08,T021,Jugueteria,112255918,738,Base
2024-08,T021,Moda,340056445,224,Base
2024-08,T021,Muebles,215899723,1111,Base
2024-08,T021,Tecnologia,45565478,219,Base
2024-08,T022,Alimentos,387673652,481,Base
2024-08,T022,Belleza,195495038,631,Base
2024-08,T022,Deportes,63249216,700,Base
2024-08,T022,Electrohogar,158473353,202,Base
2024-08,T022,Jugueteria,340019020,1082,Base
2024-08,T022,Moda,114891177,360,Base
2024-08,T022,Muebles,324904147,868,Base
2024-08,T022,Tecnologia,279988367,132,Base
2024-08,T023,Alimentos,190366005,556,Base
2024-08,T023,Belleza,231352581,1236,Base
2024-08,T023,Deportes,286667162,960,Base
2024-08,T023,Electrohogar,339736468,736,Base
2024-08,T023,Jugueteria,353270143,591,Base
2024-08,T023,Moda,83215253,1184,Base
2024-08,T023,Muebles,55368478,685,Base
2024-08,T023,Tecnologia,267072570,365,Base
2024-08,T024,Alimentos,270905980,250,Base
2024-08,T024,Belleza,298898531,662,Base
2024-08,T024,Deportes,277923810,1076,Base
2024-08,T024,Electrohogar,300673027,552,Base
2024-08,T024,Jugueteria,311558614,137,Base
2024-08,T024,Moda,122733843,295,Base
2024-08,T024,Muebles,303392928,556,Base
2024-08,T024,Tecnologia,279315670,1230,Base
2024-08,T025,Alimentos,45226509,945,Base
2024-08,T025,Belleza,301218758,457,Base
2024-08,T025,Deportes,313000974,1053,Base
2024-08,T025,Electrohogar,416988881,412,Base
2024-08,T025,Jugueteria,243313813,538,Base
2024-08,T025,Moda,124836749,895,Base
2024-08,T025,Muebles,353560696,1371,Base
2024-08,T025,Tecnologia,377037650,540,Base
2024-08,T026,Alimentos,325854741,1239,Base
2024-08,T026,Belleza,57208617,624,Base
2024-08,T026,Deportes,311295104,440,Base
2024-08,T026,Electrohogar,150473806,846,Base
2024-08,T026,Jugueteria,312634651,704,Base
2024-08,T026,Moda,153334863,327,Base
2024-08,T026,Muebles,418044848,1323,Base
2024-08,T026,Tecnologia,319127671,699,Base
2024-08,T027,Alimentos,52533630,741,Base
2024-08,T027,Belleza,220563250,940,Base
2024-08,T027,Deportes,380638184,748,Base
2024-08,T027,Electrohogar,220272434,569,Base
2024-08,T027,Jugueteria,248034828,1187,Base
2024-08,T027,Moda,261273442,561,Base
2024-08,T027,Muebles,220337045,993,Base
2024-08,T027,Tecnologia,367746996,1368,Base
2024-08,T028,Alimentos,412386496,315,Base
2024-08,T028,Belleza,328255466,735,Base
2024-08,T028,Deportes,227996550,1333,Base
2024-08,T028,Electrohogar,278321606,1276,Base
2024-08,T028,Jugueteria,316756544,1341,Base
2024-08,T028,Moda,254026777,1290,Base
2024-08,T028,Muebles,356616720,831,Base
2024-08,T028,Tecnologia,414890484,1228,Base
2024-08,T029,Alimentos,224099046,304,Base
2024-08,T029,Belleza,93041224,1096,Base
2024-08,T029,Deportes,391641938,529,Base
2024-08,T029,Electrohogar,117572548,744,Base
2024-08,T029,Jugueteria,152125985,858,Base
2024-08,T029,Moda,284012630,763,Base
2024-08,T029,Muebles,265642368,746,Base
2024-08,T029,Tecnologia,167088420,1168,Base
2024-08,T030,Alimentos,177598579,907,Base
2024-08,T030,Belleza,124463700,647,Base
2024-08,T030,Deportes,106421190,1133,Base
2024-08,T030,Electrohogar,123145460,137,Base
2024-08,T030,Jugueteria,66499972,302,Base
2024-08,T030,Moda,196506269,1357,Base
2024-08,T030,Muebles,231931261,1217,Base
2024-08,T030,Tecnologia,308035147,1043,Base
2024-08,T031,Alimentos,321010671,1124,Base
2024-08,T031,Belleza,341593827,121,Base
2024-08,T031,Deportes,130923192,1000,Base
2024-08,T031,Electrohogar,144430261,750,Base
2024-08,T031,Jugueteria,117768356,884,Base
2024-08,T031,Moda,96084631,826,Base
2024-08,T031,Muebles,223724425,1150,Base
2024-08,T031,Tecnologia,76850412,833,Base
2024-08,T032,Alimentos,331226559,644,Base
2024-08,T032,Belleza,228256352,840,Base
2024-08,T032,Deportes,109543623,1175,Base
2024-08,T032,Electrohogar,47028937,229,Base
2024-08,T032,Jugueteria,414255887,1162,Base
2024-08,T032,Moda,362006717,860,Base
2024-08,T032,Muebles,127096645,200,Base
2024-08,T032,Tecnologia,136459119,437,Base
2024-08,T033,Alimentos,230668105,312,Base
2024-08,T033,Belleza,412076075,721,Base
2024-08,T033,Deportes,298015058,862,Base
2024-08,T033,Electrohogar,225868463,158,Base
2024-08,T033,Jugueteria,388751318,388,Base
2024-08,T033,Moda,104436072,1314,Base
2024-08,T033,Muebles,367490290,428,Base
2024-08,T033,Tecnologia,171558355,1072,Base
2024-08,T034,Alimentos,240082311,1255,Base
2024-08,T034,Belleza,371958839,1165,Base
2024-08,T034,Deportes,154347310,944,Base
2024-08,T034,Electrohogar,416457294,222,Base
2024-08,T034,Jugueteria,305825476,615,Base
2024-08,T034,Moda,296339694,1330,Base
2024-08,T034,Muebles,298265897,486,Base
2024-08,T034,Tecnologia,187700168,791,Base
2024-08,T035,Alimentos,285148763,274,Base
2024-08,T035,Belleza,211313205,1201,Base
2024-08,T035,Deportes,46589184,891,Base
2024-08,T035,Electrohogar,123997438,1331,Base
2024-08,T035,Jugueteria,411283641,179,Base
2024-08,T035,Moda,250705900,1351,Base
2024-08,T035,Muebles,405784065,775,Base
2024-08,T035,Tecnologia,337463909,927,Base
2024-08,T036,Alimentos,282982954,472,Base
2024-08,T036,Belleza,171086674,328,Base
2024-08,T036,Deportes,181852064,434,Base
2024-08,T036,Electrohogar,176864633,476,Base
2024-08,T036,Jugueteria,361371250,665,Base
2024-08,T036,Moda,298422700,407,Base
2024-08,T036,Muebles,356673415,596,Base
2024-08,T036,Tecnologia,279744063,892,Base
2024-08,T037,Alimentos,137093494,790,Base
2024-08,T037,Belleza,295710268,1035,Base
2024-08,T037,Deportes,274108188,564,Base
2024-08,T037,Electrohogar,381454300,532,Base
2024-08,T037,Jugueteria,186525385,201,Base
2024-08,T037,Moda,115664977,461,Base
2024-08,T037,Muebles,256478239,586,Base
2024-08,T037,Tecnologia,70286080,333,Base
2024-08,T038,Alimentos,325040476,308,Base
2024-08,T038,Belleza,140641053,534,Base
2024-08,T038,Deportes,156714391,301,Base
2024-08,T038,Electrohogar,228739699,936,Base
2024-08,T038,Jugueteria,279706527,1240,Base
2024-08,T038,Moda,275841120,556,Base
2024-08,T038,Muebles,373767870,835,Base
2024-08,T038,Tecnologia,140274065,1374,Base
2024-08,T039,Alimentos,279131196,445,Base
2024-08,T039,Belleza,202304860,296,Base
2024-08,T039,Deportes,73789946,585,Base
2024-08,T039,Electrohogar,393921229,1171,Base
2024-08,T039,Jugueteria,55607570,1127,Base
2024-08,T039,Moda,316420872,1211,Base
2024-08,T039,Muebles,224925292,653,Base
2024-08,T039,Tecnologia,193031856,626,Base
2024-08,T040,Alimentos,177297829,567,Base
2024-08,T040,Belleza,397915144,1321,Base
2024-08,T040,Deportes,105841671,694,Base
2024-08,T040,Electrohogar,145631717,312,Base
2024-08,T040,Jugueteria,158880761,721,Base
2024-08,T040,Moda,223004383,219,Base
2024-08,T040,Muebles,331127236,295,Base
2024-08,T040,Tecnologia,180983505,1256,Base
2024-08,T041,Alimentos,264845782,943,Base
2024-08,T041,Belleza,255041832,292,Base
2024-08,T041,Deportes,312733330,593,Base
2024-08,T041,Electrohogar,277082606,497,Base
2024-08,T041,Jugueteria,157304757,337,Base
2024-08,T041,Moda,181895071,240,Base
2024-08,T041,Muebles,361368292,1250,Base
2024-08,T041,Tecnologia,94152465,1270,Base
2024-08,T042,Alimentos,109608313,399,Base
2024-08,T042,Belleza,396846971,1273,Base
2024-08,T042,Deportes,230000973,586,Base
2024-08,T042,Electrohogar,386236851,769,Base
2024-08,T042,Jugueteria,242320257,1198,Base
2024-08,T042,Moda,57227687,1101,Base
2024-08,T042,Muebles,205117050,581,Base
2024-08,T042,Tecnologia,407539298,1056,Base
2024-08,T043,Alimentos,269953612,487,Base
2024-08,T043,Belleza,118683097,1321,Base
2024-08,T043,Deportes,160015572,1081,Base
2024-08,T043,Electrohogar,378186513,923,Base
2024-08,T043,Jugueteria,296202506,600,Base
2024-08,T043,Moda,74986076,739,Base
2024-08,T043,Muebles,148752396,464,Base
2024-08,T043,Tecnologia,371957307,1189,Base
2024-08,T044,Alimentos,194351191,1292,Base
2024-08,T044,Belleza,222768816,1379,Base
2024-08,T044,Deportes,87705827,1135,Base
2024-08,T044,Electrohogar,417531486,1061,Base
2024-08,T044,Jugueteria,97201754,826,Base
2024-08,T044,Moda,194481579,217,Base
2024-08,T044,Muebles,416923524,227,Base
2024-08,T044,Tecnologia,329666385,315,Base
2024-08,T045,Alimentos,101199763,434,Base
2024-08,T045,Belleza,175363609,1021,Base
2024-08,T045,Deportes,146165825,297,Base
2024-08,T045,Electrohogar,387630042,352,Base
2024-08,T045,Jugueteria,252980756,1272,Base
2024-08,T045,Moda,347120449,623,Base
2024-08,T045,Muebles,397148771,1320,Base
2024-08,T045,Tecnologia,400885196,952,Base
2024-08,T046,Alimentos,386085216,679,Base
2024-08,T046,Belleza,372284709,1399,Base
2024-08,T046,Deportes,45401846,999,Base
2024-08,T046,Electrohogar,180083103,731,Base
2024-08,T046,Jugueteria,150608492,952,Base
2024-08,T046,Moda,242677685,825,Base
2024-08,T046,Muebles,188471591,511,Base
2024-08,T046,Tecnologia,350843995,1259,Base
2024-08,T047,Alimentos,77289760,354,Base
2024-08,T047,Belleza,115187229,1279,Base
2024-08,T047,Deportes,278558266,517,Base
2024-08,T047,Electrohogar,64334897,845,Base
2024-08,T047,Jugueteria,397080819,871,Base
2024-08,T047,Moda,295462950,1054,Base
2024-08,T047,Muebles,218752962,1372,Base
2024-08,T047,Tecnologia,227791499,810,Base
2024-08,T048,Alimentos,90415468,219,Base
2024-08,T048,Belleza,113658003,625,Base
2024-08,T048,Deportes,335788874,505,Base
2024-08,T048,Electrohogar,211581643,740,Base
2024-08,T048,Jugueteria,254231212,939,Base
2024-08,T048,Moda,210805279,1263,Base
2024-08,T048,Muebles,77579674,1177,Base
2024-08,T048,Tecnologia,401018261,532,Base
2024-08,T049,Alimentos,343026646,292,Base
2024-08,T049,Belleza,70744658,621,Base
2024-08,T049,Deportes,243285253,447,Base
2024-08,T049,Electrohogar,213350042,349,Base
2024-08,T049,Jugueteria,403552868,205,Base
2024-08,T049,Moda,353013574,583,Base
2024-08,T049,Muebles,136580568,375,Base
2024-08,T049,Tecnologia,243979451,892,Base
2024-08,T050,Alimentos,67313659,1238,Base
2024-08,T050,Belleza,190164662,507,Base
2024-08,T050,Deportes,76692309,966,Base
2024-08,T050,Electrohogar,269868973,339,Base
2024-08,T050,Jugueteria,55190600,387,Base
2024-08,T050,Moda,123706214,1119,Base
2024-08,T050,Muebles,394828576,952,Base
2024-08,T050,Tecnologia,260845701,888,Base
2024-08,T051,Alimentos,413869775,582,Base
2024-08,T051,Belleza,142099290,1000,Base
2024-08,T051,Deportes,210339417,912,Base
2024-08,T051,Electrohogar,406884761,1197,Base
2024-08,T051,Jugueteria,282458390,939,Base
2024-08,T051,Moda,357207133,455,Base
2024-08,T051,Muebles,356713757,154,Base
2024-08,T051,Tecnologia,356169766,1166,Base
2024-08,T052,Alimentos,361809353,156,Base
2024-08,T052,Belleza,202988989,1271,Base
2024-08,T052,Deportes,146079247,1034,Base
2024-08,T052,Electrohogar,138704395,571,Base
2024-08,T052,Jugueteria,208860435,652,Base
2024-08,T052,Moda,359395934,735,Base
2024-08,T052,Muebles,391034705,1294,Base
2024-08,T052,Tecnologia,380994241,1392,Base
2024-08,T053,Alimentos,313747263,804,Base
2024-08,T053,Belleza,320734649,1141,Base
2024-08,T053,Deportes,331337035,315,Base
2024-08,T053,Electrohogar,247456012,1105,Base
2024-08,T053,Jugueteria,206381207,326,Base
2024-08,T053,Moda,85666669,214,Base
2024-08,T053,Muebles,399420167,1042,Base
2024-08,T053,Tecnologia,396123250,361,Base
2024-08,T054,Alimentos,187154707,1062,Base
2024-08,T054,Belleza,127498725,134,Base
2024-08,T054,Deportes,304020970,1053,Base
2024-08,T054,Electrohogar,279174290,1055,Base
2024-08,T054,Jugueteria,299544564,353,Base
2024-08,T054,Moda,311603881,507,Base
2024-08,T054,Muebles,415376142,1121,Base
2024-08,T054,Tecnologia,82400790,904,Base
2024-08,T055,Alimentos,291530626,1064,Base
2024-08,T055,Belleza,141434691,1349,Base
2024-08,T055,Deportes,232245120,400,Base
2024-08,T055,Electrohogar,302403462,1375,Base
2024-08,T055,Jugueteria,347732737,393,Base
2024-08,T055,Moda,239781557,1392,Base
2024-08,T055,Muebles,90520162,1023,Base
2024-08,T055,Tecnologia,308068487,987,Base
2024-08,T056,Alimentos,232539355,139,Base
2024-08,T056,Belleza,140991114,1262,Base
2024-08,T056,Deportes,392475063,673,Base
2024-08,T056,Electrohogar,246957666,670,Base
2024-08,T056,Jugueteria,252393410,127,Base
2024-08,T056,Moda,315373513,1312,Base
2024-08,T056,Muebles,89142743,568,Base
2024-08,T056,Tecnologia,158665990,1157,Base
2024-08,T057,Alimentos,245084539,339,Base
2024-08,T057,Belleza,113223687,339,Base
2024-08,T057,Deportes,76954065,1044,Base
2024-08,T057,Electrohogar,210231877,357,Base
2024-08,T057,Jugueteria,283331724,549,Base
2024-08,T057,Moda,265695600,472,Base
2024-08,T057,Muebles,245951070,1279,Base
2024-08,T057,Tecnologia,329282415,795,Base
2024-08,T058,Alimentos,294523031,714,Base
2024-08,T058,Belleza,193741560,260,Base
2024-08,T058,Deportes,190078485,384,Base
2024-08,T058,Electrohogar,169854796,565,Base
2024-08,T058,Jugueteria,298633369,477,Base
2024-08,T058,Moda,367227281,1124,Base
2024-08,T058,Muebles,178241397,965,Base
2024-08,T058,Tecnologia,124115448,502,Base
2024-08,T059,Alimentos,224729922,378,Base
2024-08,T059,Belleza,175470939,605,Base
2024-08,T059,Deportes,118931340,417,Base
2024-08,T059,Electrohogar,286770715,786,Base
2024-08,T059,Jugueteria,197212967,252,Base
2024-08,T059,Moda,125014601,1384,Base
2024-08,T059,Muebles,208401364,174,Base
2024-08,T059,Tecnologia,165848685,681,Base
2024-08,T060,Alimentos,403081485,1027,Base
2024-08,T060,Belleza,103327231,1040,Base
2024-08,T060,Deportes,303003221,852,Base
2024-08,T060,Electrohogar,114886001,602,Base
2024-08,T060,Jugueteria,239923087,363,Base
2024-08,T060,Moda,241278373,872,Base
2024-08,T060,Muebles,140081753,1370,Base
2024-08,T060,Tecnologia,168144749,598,Base
2024-09,T001,Alimentos,233714487,242,Base
2024-09,T001,Belleza,283469825,1109,Base
2024-09,T001,Deportes,404767331,170,Base
2024-09,T001,Electrohogar,50475890,826,Base
2024-09,T001,Jugueteria,412658803,674,Base
2024-09,T001,Moda,61322836,496,Base
2024-09,T001,Muebles,268417015,207,Base
2024-09,T001,Tecnologia,137937664,1226,Base
2024-09,T002,Alimentos,63525932,224,Base
2024-09,T002,Belleza,198312480,1168,Base
2024-09,T002,Deportes,94002666,919,Base
2024-09,T002,Electrohogar,260051256,507,Base
2024-09,T002,Jugueteria,301396847,1001,Base
2024-09,T002,Moda,85455538,629,Base
2024-09,T002,Muebles,333332176,1308,Base
2024-09,T002,Tecnologia,169213551,775,Base
2024-09,T003,Alimentos,224369607,1191,Base
2024-09,T003,Belleza,261099786,864,Base
2024-09,T003,Deportes,190781507,1077,Base
2024-09,T003,Electrohogar,358184339,280,Base
2024-09,T003,Jugueteria,355719141,727,Base
2024-09,T003,Moda,63678411,648,Base
2024-09,T003,Muebles,204713334,624,Base
2024-09,T003,Tecnologia,73270791,1096,Base
2024-09,T004,Alimentos,222882562,485,Base
2024-09,T004,Belleza,395140734,270,Base
2024-09,T004,Deportes,119036845,671,Base
2024-09,T004,Electrohogar,356376963,971,Base
2024-09,T004,Jugueteria,312189197,1176,Base
2024-09,T004,Moda,228799597,1102,Base
2024-09,T004,Muebles,130438566,612,Base
2024-09,T004,Tecnologia,109816033,239,Base
2024-09,T005,Alimentos,166670355,1195,Base
2024-09,T005,Belleza,201229277,572,Base
2024-09,T005,Deportes,372207588,1300,Base
2024-09,T005,Electrohogar,392423503,655,Base
2024-09,T005,Jugueteria,148152338,1242,Base
2024-09,T005,Moda,252153694,927,Base
2024-09,T005,Muebles,263295852,1070,Base
2024-09,T005,Tecnologia,107926083,912,Base
2024-09,T006,Alimentos,235589652,186,Base
2024-09,T006,Belleza,60921441,959,Base
2024-09,T006,Deportes,387225572,398,Base
2024-09,T006,Electrohogar,117230979,1210,Base
2024-09,T006,Jugueteria,174064033,1212,Base
2024-09,T006,Moda,225851984,1381,Base
2024-09,T006,Muebles,383406664,897,Base
2024-09,T006,Tecnologia,131536891,944,Base
2024-09,T007,Alimentos,91848358,798,Base
2024-09,T007,Belleza,99735711,279,Base
2024-09,T007,Deportes,112424154,1260,Base
2024-09,T007,Electrohogar,356964668,756,Base
2024-09,T007,Jugueteria,340733353,570,Base
2024-09,T007,Moda,158006754,1301,Base
2024-09,T007,Muebles,398594191,977,Base
2024-09,T007,Tecnologia,379442380,1205,Base
2024-09,T008,Alimentos,161420226,914,Base
2024-09,T008,Belleza,170020123,502,Base
2024-09,T008,Deportes,70522955,673,Base
2024-09,T008,Electrohogar,230658607,221,Base
2024-09,T008,Jugueteria,284260207,442,Base
2024-09,T008,Moda,198455113,210,Base
2024-09,T008,Muebles,282463513,679,Base
2024-09,T008,Tecnologia,214529539,1067,Base
2024-09,T009,Alimentos,252777601,303,Base
2024-09,T009,Belleza,88587427,1102,Base
2024-09,T009,Deportes,373754680,887,Base
2024-09,T009,Electrohogar,124874506,1272,Base
2024-09,T009,Jugueteria,105906169,700,Base
2024-09,T009,Moda,156575116,1048,Base
2024-09,T009,Muebles,66378496,327,Base
2024-09,T009,Tecnologia,154152552,217,Base
2024-09,T010,Alimentos,207759243,1046,Base
2024-09,T010,Belleza,137868026,1035,Base
2024-09,T010,Deportes,339124038,895,Base
2024-09,T010,Electrohogar,46379645,365,Base
2024-09,T010,Jugueteria,168045129,704,Base
2024-09,T010,Moda,387882755,783,Base
2024-09,T010,Muebles,330916428,1130,Base
2024-09,T010,Tecnologia,240958987,1023,Base
2024-09,T011,Alimentos,84648633,1146,Base
2024-09,T011,Belleza,148519157,495,Base
2024-09,T011,Deportes,57527980,1211,Base
2024-09,T011,Electrohogar,368581680,1126,Base
2024-09,T011,Jugueteria,175573272,332,Base
2024-09,T011,Moda,172644280,620,Base
2024-09,T011,Muebles,307561221,475,Base
2024-09,T011,Tecnologia,245036734,593,Base
2024-09,T012,Alimentos,117642055,1200,Base
2024-09,T012,Belleza,67041795,557,Base
2024-09,T012,Deportes,149912573,1307,Base
2024-09,T012,Electrohogar,189033737,928,Base
2024-09,T012,Jugueteria,185391291,643,Base
2024-09,T012,Moda,321014384,1113,Base
2024-09,T012,Muebles,371298757,389,Base
2024-09,T012,Tecnologia,336399723,1105,Base
2024-09,T013,Alimentos,256360702,601,Base
2024-09,T013,Belleza,417425197,776,Base
2024-09,T013,Deportes,364829289,584,Base
2024-09,T013,Electrohogar,399854948,537,Base
2024-09,T013,Jugueteria,190041486,615,Base
2024-09,T013,Moda,184947328,153,Base
2024-09,T013,Muebles,68913210,842,Base
2024-09,T013,Tecnologia,364898632,610,Base
2024-09,T014,Alimentos,196939083,1358,Base
2024-09,T014,Belleza,235862522,953,Base
2024-09,T014,Deportes,229445034,658,Base
2024-09,T014,Electrohogar,52231475,724,Base
2024-09,T014,Jugueteria,264925966,1121,Base
2024-09,T014,Moda,63690132,558,Base
2024-09,T014,Muebles,242297181,247,Base
2024-09,T014,Tecnologia,152821000,1383,Base
2024-09,T015,Alimentos,109809776,1221,Base
2024-09,T015,Belleza,207705750,756,Base
2024-09,T015,Deportes,119800555,425,Base
2024-09,T015,Electrohogar,387754195,1067,Base
2024-09,T015,Jugueteria,357678468,1321,Base
2024-09,T015,Moda,402904323,227,Base
2024-09,T015,Muebles,297209740,674,Base
2024-09,T015,Tecnologia,318844494,1137,Base
2024-09,T016,Alimentos,193997397,1032,Base
2024-09,T016,Belleza,193886084,672,Base
2024-09,T016,Deportes,356149719,538,Base
2024-09,T016,Electrohogar,229679314,249,Base
2024-09,T016,Jugueteria,303973229,522,Base
2024-09,T016,Moda,278054887,373,Base
2024-09,T016,Muebles,99469000,939,Base
2024-09,T016,Tecnologia,338964044,127,Base
2024-09,T017,Alimentos,319558248,504,Base
2024-09,T017,Belleza,152493578,705,Base
2024-09,T017,Deportes,214566863,598,Base
2024-09,T017,Electrohogar,96968521,1003,Base
2024-09,T017,Jugueteria,275937651,320,Base
2024-09,T017,Moda,244078629,885,Base
2024-09,T017,Muebles,185902587,1060,Base
2024-09,T017,Tecnologia,134653214,923,Base
2024-09,T018,Alimentos,95103394,488,Base
2024-09,T018,Belleza,237763509,605,Base
2024-09,T018,Deportes,82241537,641,Base
2024-09,T018,Electrohogar,50818526,759,Base
2024-09,T018,Jugueteria,414489361,313,Base
2024-09,T018,Moda,100852075,1156,Base
2024-09,T018,Muebles,130463939,1213,Base
2024-09,T018,Tecnologia,246640030,341,Base
2024-09,T019,Alimentos,126102295,168,Base
2024-09,T019,Belleza,255078074,1247,Base
2024-09,T019,Deportes,317850850,1244,Base
2024-09,T019,Electrohogar,84626434,390,Base
2024-09,T019,Jugueteria,275446288,1395,Base
2024-09,T019,Moda,147166099,364,Base
2024-09,T019,Muebles,394255317,1288,Base
2024-09,T019,Tecnologia,325075147,911,Base
2024-09,T020,Alimentos,373413526,355,Base
2024-09,T020,Belleza,337957283,238,Base
2024-09,T020,Deportes,62092168,495,Base
2024-09,T020,Electrohogar,96550108,295,Base
2024-09,T020,Jugueteria,161438344,756,Base
2024-09,T020,Moda,324118819,139,Base
2024-09,T020,Muebles,344315330,364,Base
2024-09,T020,Tecnologia,111909703,1170,Base
2024-09,T021,Alimentos,304430278,145,Base
2024-09,T021,Belleza,172784242,1210,Base
2024-09,T021,Deportes,286324478,494,Base
2024-09,T021,Electrohogar,342998266,1278,Base
2024-09,T021,Jugueteria,105779235,502,Base
2024-09,T021,Moda,277617062,1171,Base
2024-09,T021,Muebles,355337364,771,Base
2024-09,T021,Tecnologia,55875313,491,Base
2024-09,T022,Alimentos,118783689,125,Base
2024-09,T022,Belleza,317394559,319,Base
2024-09,T022,Deportes,108863742,730,Base
2024-09,T022,Electrohogar,253520308,918,Base
2024-09,T022,Jugueteria,54158104,264,Base
2024-09,T022,Moda,352418874,133,Base
2024-09,T022,Muebles,224004415,992,Base
2024-09,T022,Tecnologia,85120477,1310,Base
2024-09,T023,Alimentos,219071142,742,Base
2024-09,T023,Belleza,328242114,379,Base
2024-09,T023,Deportes,138557782,1268,Base
2024-09,T023,Electrohogar,381307076,1121,Base
2024-09,T023,Jugueteria,128876885,632,Base
2024-09,T023,Moda,220817109,1272,Base
2024-09,T023,Muebles,283701776,1060,Base
2024-09,T023,Tecnologia,232130994,1258,Base
2024-09,T024,Alimentos,184334679,1370,Base
2024-09,T024,Belleza,153793255,1113,Base
2024-09,T024,Deportes,182280764,155,Base
2024-09,T024,Electrohogar,48465311,123,Base
2024-09,T024,Jugueteria,324493055,1362,Base
2024-09,T024,Moda,362823174,794,Base
2024-09,T024,Muebles,152257223,540,Base
2024-09,T024,Tecnologia,205501327,565,Base
2024-09,T025,Alimentos,353705853,864,Base
2024-09,T025,Belleza,315122297,1014,Base
2024-09,T025,Deportes,361131498,304,Base
2024-09,T025,Electrohogar,139144361,638,Base
2024-09,T025,Jugueteria,416840593,699,Base
2024-09,T025,Moda,215597151,1273,Base
2024-09,T025,Muebles,258270255,1207,Base
2024-09,T025,Tecnologia,371616049,569,Base
2024-09,T026,Alimentos,105704693,1190,Base
2024-09,T026,Belleza,327448318,267,Base
2024-09,T026,Deportes,249472140,353,Base
2024-09,T026,Electrohogar,106838567,1268,Base
2024-09,T026,Jugueteria,275393434,248,Base
2024-09,T026,Moda,160532486,386,Base
2024-09,T026,Muebles,159185972,143,Base
2024-09,T026,Tecnologia,401725598,1316,Base
2024-09,T027,Alimentos,90724216,370,Base
2024-09,T027,Belleza,173122608,806,Base
2024-09,T027,Deportes,186646626,515,Base
2024-09,T027,Electrohogar,260106804,240,Base
2024-09,T027,Jugueteria,212651504,1297,Base
2024-09,T027,Moda,68283383,475,Base
2024-09,T027,Muebles,268064126,488,Base
2024-09,T027,Tecnologia,301010562,1225,Base
2024-09,T028,Alimentos,418110385,234,Base
2024-09,T028,Belleza,229100067,838,Base
2024-09,T028,Deportes,87080060,771,Base
2024-09,T028,Electrohogar,350694812,969,Base
2024-09,T028,Jugueteria,298069350,451,Base
2024-09,T028,Moda,250342425,1335,Base
2024-09,T028,Muebles,218876751,637,Base
2024-09,T028,Tecnologia,162449119,825,Base
2024-09,T029,Alimentos,312425070,639,Base
2024-09,T029,Belleza,395689697,1262,Base
2024-09,T029,Deportes,333413613,423,Base
2024-09,T029,Electrohogar,202858356,553,Base
2024-09,T029,Jugueteria,270735431,845,Base
2024-09,T029,Moda,368800291,1073,Base
2024-09,T029,Muebles,56281485,1128,Base
2024-09,T029,Tecnologia,310477901,1017,Base
2024-09,T030,Alimentos,376656646,827,Base
2024-09,T030,Belleza,263812741,621,Base
2024-09,T030,Deportes,80828999,1020,Base
2024-09,T030,Electrohogar,388054749,166,Base
2024-09,T030,Jugueteria,168887770,795,Base
2024-09,T030,Moda,341993270,367,Base
2024-09,T030,Muebles,289081049,1317,Base
2024-09,T030,Tecnologia,327524839,597,Base
2024-09,T031,Alimentos,290914073,960,Base
2024-09,T031,Belleza,411339602,758,Base
2024-09,T031,Deportes,112854049,672,Base
2024-09,T031,Electrohogar,61370422,161,Base
2024-09,T031,Jugueteria,57908686,1272,Base
2024-09,T031,Moda,213270020,847,Base
2024-09,T031,Muebles,198687144,844,Base
2024-09,T031,Tecnologia,58124947,863,Base
2024-09,T032,Alimentos,216820063,660,Base
2024-09,T032,Belleza,362540807,1240,Base
2024-09,T032,Deportes,53370485,342,Base
2024-09,T032,Electrohogar,172867579,703,Base
2024-09,T032,Jugueteria,399124678,1159,Base
2024-09,T032,Moda,263897079,355,Base
2024-09,T032,Muebles,356067284,1170,Base
2024-09,T032,Tecnologia,60895697,1084,Base
2024-09,T033,Alimentos,109200403,1104,Base
2024-09,T033,Belleza,248770777,615,Base
2024-09,T033,Deportes,358310799,1273,Base
2024-09,T033,Electrohogar,54721883,194,Base
2024-09,T033,Jugueteria,232062112,417,Base
2024-09,T033,Moda,94241042,561,Base
2024-09,T033,Muebles,214266897,156,Base
2024-09,T033,Tecnologia,82144302,680,Base
2024-09,T034,Alimentos,380088263,467,Base
2024-09,T034,Belleza,326697045,451,Base
2024-09,T034,Deportes,204801229,517,Base
2024-09,T034,Electrohogar,97935271,709,Base
2024-09,T034,Jugueteria,99784557,328,Base
2024-09,T034,Moda,278419351,1136,Base
2024-09,T034,Muebles,117503034,1047,Base
2024-09,T034,Tecnologia,137042145,590,Base
2024-09,T035,Alimentos,175006198,848,Base
2024-09,T035,Belleza,162877715,415,Base
2024-09,T035,Deportes,375988843,1171,Base
2024-09,T035,Electrohogar,389525761,161,Base
2024-09,T035,Jugueteria,146781302,667,Base
2024-09,T035,Moda,137344726,1363,Base
2024-09,T035,Muebles,133066495,711,Base
2024-09,T035,Tecnologia,98279881,593,Base
2024-09,T036,Alimentos,418513634,724,Base
2024-09,T036,Belleza,164763065,690,Base
2024-09,T036,Deportes,304419927,675,Base
2024-09,T036,Electrohogar,155986260,277,Base
2024-09,T036,Jugueteria,81428586,545,Base
2024-09,T036,Moda,96037355,308,Base
2024-09,T036,Muebles,256070442,845,Base
2024-09,T036,Tecnologia,273168592,749,Base
2024-09,T037,Alimentos,199548564,984,Base
2024-09,T037,Belleza,173931728,664,Base
2024-09,T037,Deportes,205325717,429,Base
2024-09,T037,Electrohogar,84732602,510,Base
2024-09,T037,Jugueteria,81682658,521,Base
2024-09,T037,Moda,252013269,949,Base
2024-09,T037,Muebles,373332570,1265,Base
2024-09,T037,Tecnologia,207010110,982,Base
2024-09,T038,Alimentos,85776507,706,Base
2024-09,T038,Belleza,348554578,351,Base
2024-09,T038,Deportes,158049807,1091,Base
2024-09,T038,Electrohogar,418236391,827,Base
2024-09,T038,Jugueteria,112128856,215,Base
2024-09,T038,Moda,159133675,844,Base
2024-09,T038,Muebles,76905069,173,Base
2024-09,T038,Tecnologia,129674224,823,Base
2024-09,T039,Alimentos,64380801,1269,Base
2024-09,T039,Belleza,125233880,986,Base
2024-09,T039,Deportes,410266769,223,Base
2024-09,T039,Electrohogar,263338484,1018,Base
2024-09,T039,Jugueteria,208788338,803,Base
2024-09,T039,Moda,123437217,1078,Base
2024-09,T039,Muebles,413550226,651,Base
2024-09,T039,Tecnologia,137404371,162,Base
2024-09,T040,Alimentos,183232354,1141,Base
2024-09,T040,Belleza,141020672,538,Base
2024-09,T040,Deportes,403187007,1196,Base
2024-09,T040,Electrohogar,87903973,273,Base
2024-09,T040,Jugueteria,337739576,405,Base
2024-09,T040,Moda,227618975,1263,Base
2024-09,T040,Muebles,389283584,175,Base
2024-09,T040,Tecnologia,317232940,364,Base
2024-09,T041,Alimentos,63134467,735,Base
2024-09,T041,Belleza,127645712,1221,Base
2024-09,T041,Deportes,83045972,1300,Base
2024-09,T041,Electrohogar,99458201,903,Base
2024-09,T041,Jugueteria,303618778,1041,Base
2024-09,T041,Moda,407000993,770,Base
2024-09,T041,Muebles,227916678,1300,Base
2024-09,T041,Tecnologia,248738116,833,Base
2024-09,T042,Alimentos,143427516,904,Base
2024-09,T042,Belleza,201940688,735,Base
2024-09,T042,Deportes,163159856,968,Base
2024-09,T042,Electrohogar,356262324,409,Base
2024-09,T042,Jugueteria,326709406,1370,Base
2024-09,T042,Moda,291988153,322,Base
2024-09,T042,Muebles,286316274,974,Base
2024-09,T042,Tecnologia,55339076,821,Base
2024-09,T043,Alimentos,184112188,890,Base
2024-09,T043,Belleza,57281052,546,Base
2024-09,T043,Deportes,382604721,1244,Base
2024-09,T043,Electrohogar,163424859,392,Base
2024-09,T043,Jugueteria,407686349,1290,Base
2024-09,T043,Moda,83598927,840,Base
2024-09,T043,Muebles,265024937,1176,Base
2024-09,T043,Tecnologia,286608333,1224,Base
2024-09,T044,Alimentos,302701289,587,Base
2024-09,T044,Belleza,84581022,1167,Base
2024-09,T044,Deportes,332260670,352,Base
2024-09,T044,Electrohogar,396240402,539,Base
2024-09,T044,Jugueteria,158945150,819,Base
2024-09,T044,Moda,167787161,704,Base
2024-09,T044,Muebles,172808447,758,Base
2024-09,T044,Tecnologia,78044709,1239,Base
2024-09,T045,Alimentos,119177753,171,Base
2024-09,T045,Belleza,275339960,385,Base
2024-09,T045,Deportes,264001016,720,Base
2024-09,T045,Electrohogar,115086815,1166,Base
2024-09,T045,Jugueteria,221750317,686,Base
2024-09,T045,Moda,203114534,217,Base
2024-09,T045,Muebles,288882927,960,Base
2024-09,T045,Tecnologia,80387277,182,Base
2024-09,T046,Alimentos,123298638,1326,Base
2024-09,T046,Belleza,384014687,1054,Base
2024-09,T046,Deportes,393643069,476,Base
2024-09,T046,Electrohogar,162785306,543,Base
2024-09,T046,Jugueteria,103610564,139,Base
2024-09,T046,Moda,294119433,1197,Base
2024-09,T046,Muebles,152021423,907,Base
2024-09,T046,Tecnologia,316139773,1020,Base
2024-09,T047,Alimentos,251426255,411,Base
2024-09,T047,Belleza,344947204,500,Base
2024-09,T047,Deportes,159324727,1330,Base
2024-09,T047,Electrohogar,170602207,184,Base
2024-09,T047,Jugueteria,383902418,1004,Base
2024-09,T047,Moda,102587812,834,Base
2024-09,T047,Muebles,346060154,1188,Base
2024-09,T047,Tecnologia,406026402,1076,Base
2024-09,T048,Alimentos,381517223,841,Base
2024-09,T048,Belleza,392167431,665,Base
2024-09,T048,Deportes,347395139,866,Base
2024-09,T048,Electrohogar,117946057,566,Base
2024-09,T048,Jugueteria,155634411,1378,Base
2024-09,T048,Moda,391841090,253,Base
2024-09,T048,Muebles,277668214,1155,Base
2024-09,T048,Tecnologia,328840647,1344,Base
2024-09,T049,Alimentos,376960584,1282,Base
2024-09,T049,Belleza,133863219,299,Base
2024-09,T049,Deportes,145971826,316,Base
2024-09,T049,Electrohogar,83537982,746,Base
2024-09,T049,Jugueteria,84573969,664,Base
2024-09,T049,Moda,346013235,1206,Base
2024-09,T049,Muebles,208535782,1369,Base
2024-09,T049,Tecnologia,338180706,1049,Base
2024-09,T050,Alimentos,417961088,428,Base
2024-09,T050,Belleza,112660841,477,Base
2024-09,T050,Deportes,206436021,842,Base
2024-09,T050,Electrohogar,100313442,563,Base
2024-09,T050,Jugueteria,93171717,1036,Base
2024-09,T050,Moda,355436062,1297,Base
2024-09,T050,Muebles,73996271,159,Base
2024-09,T050,Tecnologia,228112225,1306,Base
2024-09,T051,Alimentos,407002975,1064,Base
2024-09,T051,Belleza,91263948,640,Base
2024-09,T051,Deportes,362221264,626,Base
2024-09,T051,Electrohogar,85100167,590,Base
2024-09,T051,Jugueteria,127207903,260,Base
2024-09,T051,Moda,262425963,748,Base
2024-09,T051,Muebles,297623778,1278,Base
2024-09,T051,Tecnologia,85219989,1148,Base
2024-09,T052,Alimentos,295247674,839,Base
2024-09,T052,Belleza,361587104,210,Base
2024-09,T052,Deportes,253342049,974,Base
2024-09,T052,Electrohogar,333344619,598,Base
2024-09,T052,Jugueteria,123176891,1365,Base
2024-09,T052,Moda,370604825,423,Base
2024-09,T052,Muebles,290781345,1095,Base
2024-09,T052,Tecnologia,70437516,384,Base
2024-09,T053,Alimentos,202025436,239,Base
2024-09,T053,Belleza,277730457,1124,Base
2024-09,T053,Deportes,242494107,554,Base
2024-09,T053,Electrohogar,138458115,1013,Base
2024-09,T053,Jugueteria,91242781,957,Base
2024-09,T053,Moda,248894899,362,Base
2024-09,T053,Muebles,314631587,152,Base
2024-09,T053,Tecnologia,352185681,576,Base
2024-09,T054,Alimentos,372711331,1197,Base
2024-09,T054,Belleza,217729875,1365,Base
2024-09,T054,Deportes,114165417,887,Base
2024-09,T054,Electrohogar,196575269,710,Base
2024-09,T054,Jugueteria,379523524,1012,Base
2024-09,T054,Moda,109935765,789,Base
2024-09,T054,Muebles,71897831,1205,Base
2024-09,T054,Tecnologia,317645625,1264,Base
2024-09,T055,Alimentos,132206622,537,Base
2024-09,T055,Belleza,321637821,478,Base
2024-09,T055,Deportes,287604237,1307,Base
2024-09,T055,Electrohogar,347712518,875,Base
2024-09,T055,Jugueteria,141915016,498,Base
2024-09,T055,Moda,334302184,530,Base
2024-09,T055,Muebles,113801093,936,Base
2024-09,T055,Tecnologia,355535262,1116,Base
2024-09,T056,Alimentos,383150952,560,Base
2024-09,T056,Belleza,290996782,389,Base
2024-09,T056,Deportes,291695072,267,Base
2024-09,T056,Electrohogar,334417298,557,Base
2024-09,T056,Jugueteria,217073961,352,Base
2024-09,T056,Moda,402066250,1377,Base
2024-09,T056,Muebles,365487585,158,Base
2024-09,T056,Tecnologia,278816423,349,Base
2024-09,T057,Alimentos,394164531,136,Base
2024-09,T057,Belleza,412799652,186,Base
2024-09,T057,Deportes,195206993,895,Base
2024-09,T057,Electrohogar,145321583,620,Base
2024-09,T057,Jugueteria,285665259,132,Base
2024-09,T057,Moda,347577066,739,Base
2024-09,T057,Muebles,127914982,1384,Base
2024-09,T057,Tecnologia,116873526,1127,Base
2024-09,T058,Alimentos,333312343,989,Base
2024-09,T058,Belleza,235617826,502,Base
2024-09,T058,Deportes,97049059,978,Base
2024-09,T058,Electrohogar,264804853,768,Base
2024-09,T058,Jugueteria,154525124,730,Base
2024-09,T058,Moda,144965218,889,Base
2024-09,T058,Muebles,273262728,1138,Base
2024-09,T058,Tecnologia,415176069,749,Base
2024-09,T059,Alimentos,268654121,531,Base
2024-09,T059,Belleza,60518008,774,Base
2024-09,T059,Deportes,262974683,379,Base
2024-09,T059,Electrohogar,256115338,587,Base
2024-09,T059,Jugueteria,95285389,143,Base
2024-09,T059,Moda,367191552,1288,Base
2024-09,T059,Muebles,114312083,539,Base
2024-09,T059,Tecnologia,199296122,1196,Base
2024-09,T060,Alimentos,47030627,245,Base
2024-09,T060,Belleza,209952652,729,Base
2024-09,T060,Deportes,322898101,812,Base
2024-09,T060,Electrohogar,367985027,413,Base
2024-09,T060,Jugueteria,88726154,1269,Base
2024-09,T060,Moda,377026977,1127,Base
2024-09,T060,Muebles,404682654,1219,Base
2024-09,T060,Tecnologia,62429043,700,Base
2024-10,T001,Alimentos,59123691,1115,Base
2024-10,T001,Belleza,339855208,370,Base
2024-10,T001,Deportes,292150853,403,Base
2024-10,T001,Electrohogar,177621927,273,Base
2024-10,T001,Jugueteria,313818651,307,Base
2024-10,T001,Moda,360159735,316,Base
2024-10,T001,Muebles,162122938,684,Base
2024-10,T001,Tecnologia,333570174,669,Base
2024-10,T002,Alimentos,186542210,1076,Base
2024-10,T002,Belleza,92980755,1311,Base
2024-10,T002,Deportes,101912730,256,Base
2024-10,T002,Electrohogar,403852877,1377,Base
2024-10,T002,Jugueteria,253861697,568,Base
2024-10,T002,Moda,299000498,1170,Base
2024-10,T002,Muebles,171642130,220,Base
2024-10,T002,Tecnologia,244423581,397,Base
2024-10,T003,Alimentos,186180710,455,Base
2024-10,T003,Belleza,347347184,1082,Base
2024-10,T003,Deportes,313540860,1091,Base
2024-10,T003,Electrohogar,153269930,958,Base
2024-10,T003,Jugueteria,152648510,255,Base
2024-10,T003,Moda,319291395,335,Base
2024-10,T003,Muebles,234738561,802,Base
2024-10,T003,Tecnologia,253246665,860,Base
2024-10,T004,Alimentos,360015607,928,Base
2024-10,T004,Belleza,220200881,933,Base
2024-10,T004,Deportes,47600957,282,Base
2024-10,T004,Electrohogar,237976958,1186,Base
2024-10,T004,Jugueteria,153919562,1221,Base
2024-10,T004,Moda,203123618,1269,Base
2024-10,T004,Muebles,122781579,999,Base
2024-10,T004,Tecnologia,215706640,346,Base
2024-10,T005,Alimentos,266159919,368,Base
2024-10,T005,Belleza,357367829,143,Base
2024-10,T005,Deportes,251854340,1052,Base
2024-10,T005,Electrohogar,90388657,746,Base
2024-10,T005,Jugueteria,231562253,1145,Base
2024-10,T005,Moda,112443745,691,Base
2024-10,T005,Muebles,406857689,142,Base
2024-10,T005,Tecnologia,90384608,774,Base
2024-10,T006,Alimentos,91305583,1015,Base
2024-10,T006,Belleza,47557549,521,Base
2024-10,T006,Deportes,143952305,301,Base
2024-10,T006,Electrohogar,222784228,1188,Base
2024-10,T006,Jugueteria,409581352,652,Base
2024-10,T006,Moda,355206535,805,Base
2024-10,T006,Muebles,234850737,1253,Base
2024-10,T006,Tecnologia,223370264,191,Base
2024-10,T007,Alimentos,303973081,1065,Base
2024-10,T007,Belleza,263989673,848,Base
2024-10,T007,Deportes,76931955,351,Base
2024-10,T007,Electrohogar,322175287,938,Base
2024-10,T007,Jugueteria,318044114,789,Base
2024-10,T007,Moda,285519131,924,Base
2024-10,T007,Muebles,174042504,523,Base
2024-10,T007,Tecnologia,271935309,411,Base
2024-10,T008,Alimentos,252559650,512,Base
2024-10,T008,Belleza,396451078,485,Base
2024-10,T008,Deportes,343033528,1190,Base
2024-10,T008,Electrohogar,331177418,700,Base
2024-10,T008,Jugueteria,160160670,218,Base
2024-10,T008,Moda,297467076,685,Base
2024-10,T008,Muebles,153630652,451,Base
2024-10,T008,Tecnologia,53402338,956,Base
2024-10,T009,Alimentos,129800273,1192,Base
2024-10,T009,Belleza,46013535,216,Base
2024-10,T009,Deportes,412999923,1039,Base
2024-10,T009,Electrohogar,115297466,1037,Base
2024-10,T009,Jugueteria,281851114,656,Base
2024-10,T009,Moda,369746436,689,Base
2024-10,T009,Muebles,297197539,769,Base
2024-10,T009,Tecnologia,206525139,1035,Base
2024-10,T010,Alimentos,77454236,260,Base
2024-10,T010,Belleza,350332234,1156,Base
2024-10,T010,Deportes,67449544,981,Base
2024-10,T010,Electrohogar,384704093,858,Base
2024-10,T010,Jugueteria,318742729,945,Base
2024-10,T010,Moda,117406992,1077,Base
2024-10,T010,Muebles,388664579,501,Base
2024-10,T010,Tecnologia,181333518,640,Base
2024-10,T011,Alimentos,150497855,580,Base
2024-10,T011,Belleza,333602418,354,Base
2024-10,T011,Deportes,237800512,1304,Base
2024-10,T011,Electrohogar,326437240,749,Base
2024-10,T011,Jugueteria,172413833,1076,Base
2024-10,T011,Moda,56370500,1015,Base
2024-10,T011,Muebles,359159302,1351,Base
2024-10,T011,Tecnologia,386755218,1254,Base
2024-10,T012,Alimentos,274908859,1109,Base
2024-10,T012,Belleza,392159863,1065,Base
2024-10,T012,Deportes,98939081,1100,Base
2024-10,T012,Electrohogar,95140858,135,Base
2024-10,T012,Jugueteria,232500086,643,Base
2024-10,T012,Moda,46528797,1301,Base
2024-10,T012,Muebles,213595227,1186,Base
2024-10,T012,Tecnologia,300834268,1054,Base
2024-10,T013,Alimentos,254771144,450,Base
2024-10,T013,Belleza,364066157,539,Base
2024-10,T013,Deportes,394226807,176,Base
2024-10,T013,Electrohogar,97742016,494,Base
2024-10,T013,Jugueteria,322116936,911,Base
2024-10,T013,Moda,108738473,1059,Base
2024-10,T013,Muebles,313855645,220,Base
2024-10,T013,Tecnologia,56155512,1349,Base
2024-10,T014,Alimentos,243679411,1142,Base
2024-10,T014,Belleza,87297398,457,Base
2024-10,T014,Deportes,174437271,457,Base
2024-10,T014,Electrohogar,113716857,261,Base
2024-10,T014,Jugueteria,380586548,949,Base
2024-10,T014,Moda,390668768,411,Base
2024-10,T014,Muebles,121110106,945,Base
2024-10,T014,Tecnologia,415583283,1041,Base
2024-10,T015,Alimentos,55947009,1151,Base
2024-10,T015,Belleza,310369630,191,Base
2024-10,T015,Deportes,78840065,813,Base
2024-10,T015,Electrohogar,379810666,1197,Base
2024-10,T015,Jugueteria,69656304,645,Base
2024-10,T015,Moda,323590116,1054,Base
2024-10,T015,Muebles,160898744,1353,Base
2024-10,T015,Tecnologia,86080355,576,Base
2024-10,T016,Alimentos,189640028,826,Base
2024-10,T016,Belleza,120887916,524,Base
2024-10,T016,Deportes,278230894,860,Base
2024-10,T016,Electrohogar,59533473,182,Base
2024-10,T016,Jugueteria,264750186,608,Base
2024-10,T016,Moda,364418893,1372,Base
2024-10,T016,Muebles,326408546,544,Base
2024-10,T016,Tecnologia,342475728,782,Base
2024-10,T017,Alimentos,373180375,1046,Base
2024-10,T017,Belleza,57317786,646,Base
2024-10,T017,Deportes,273644235,418,Base
2024-10,T017,Electrohogar,121285123,1272,Base
2024-10,T017,Jugueteria,190899084,867,Base
2024-10,T017,Moda,262098314,273,Base
2024-10,T017,Muebles,229929088,968,Base
2024-10,T017,Tecnologia,407432772,435,Base
2024-10,T018,Alimentos,381986977,222,Base
2024-10,T018,Belleza,406445235,238,Base
2024-10,T018,Deportes,417236240,568,Base
2024-10,T018,Electrohogar,224931228,597,Base
2024-10,T018,Jugueteria,90730122,357,Base
2024-10,T018,Moda,373819911,1131,Base
2024-10,T018,Muebles,93512064,711,Base
2024-10,T018,Tecnologia,417663982,735,Base
2024-10,T019,Alimentos,83984800,1372,Base
2024-10,T019,Belleza,365242284,1298,Base
2024-10,T019,Deportes,288625100,598,Base
2024-10,T019,Electrohogar,364359667,668,Base
2024-10,T019,Jugueteria,130155554,695,Base
2024-10,T019,Moda,128449128,1235,Base
2024-10,T019,Muebles,217920189,180,Base
2024-10,T019,Tecnologia,112147092,762,Base
2024-10,T020,Alimentos,350838280,609,Base
2024-10,T020,Belleza,192294619,934,Base
2024-10,T020,Deportes,328533679,797,Base
2024-10,T020,Electrohogar,66922132,315,Base
2024-10,T020,Jugueteria,300425075,244,Base
2024-10,T020,Moda,174874064,814,Base
2024-10,T020,Muebles,70089775,284,Base
2024-10,T020,Tecnologia,184705910,123,Base
2024-10,T021,Alimentos,383274110,1374,Base
2024-10,T021,Belleza,249383134,343,Base
2024-10,T021,Deportes,393501526,1362,Base
2024-10,T021,Electrohogar,242162787,268,Base
2024-10,T021,Jugueteria,257240968,577,Base
2024-10,T021,Moda,373952530,1386,Base
2024-10,T021,Muebles,200439746,140,Base
2024-10,T021,Tecnologia,337459318,759,Base
2024-10,T022,Alimentos,247262953,993,Base
2024-10,T022,Belleza,246777142,779,Base
2024-10,T022,Deportes,304373326,1317,Base
2024-10,T022,Electrohogar,418921435,1102,Base
2024-10,T022,Jugueteria,298549464,832,Base
2024-10,T022,Moda,264371245,218,Base
2024-10,T022,Muebles,161726577,208,Base
2024-10,T022,Tecnologia,174003527,294,Base
2024-10,T023,Alimentos,160895367,728,Base
2024-10,T023,Belleza,123323000,1221,Base
2024-10,T023,Deportes,190400610,810,Base
2024-10,T023,Electrohogar,331116984,1006,Base
2024-10,T023,Jugueteria,397200473,481,Base
2024-10,T023,Moda,297831893,1159,Base
2024-10,T023,Muebles,74512432,931,Base
2024-10,T023,Tecnologia,248259863,1236,Base
2024-10,T024,Alimentos,233235216,331,Base
2024-10,T024,Belleza,310691322,609,Base
2024-10,T024,Deportes,203423021,797,Base
2024-10,T024,Electrohogar,96272240,1357,Base
2024-10,T024,Jugueteria,125558841,869,Base
2024-10,T024,Moda,325139382,964,Base
2024-10,T024,Muebles,264305889,789,Base
2024-10,T024,Tecnologia,331336007,151,Base
2024-10,T025,Alimentos,71344224,1078,Base
2024-10,T025,Belleza,253650431,716,Base
2024-10,T025,Deportes,292437846,233,Base
2024-10,T025,Electrohogar,416587403,148,Base
2024-10,T025,Jugueteria,74171245,1090,Base
2024-10,T025,Moda,306256639,289,Base
2024-10,T025,Muebles,124968516,759,Base
2024-10,T025,Tecnologia,189601220,226,Base
2024-10,T026,Alimentos,280090731,1265,Base
2024-10,T026,Belleza,359836576,1361,Base
2024-10,T026,Deportes,59592108,209,Base
2024-10,T026,Electrohogar,364139606,1078,Base
2024-10,T026,Jugueteria,400424709,1394,Base
2024-10,T026,Moda,267825401,637,Base
2024-10,T026,Muebles,266113266,1249,Base
2024-10,T026,Tecnologia,181173178,1285,Base
2024-10,T027,Alimentos,132306171,1013,Base
2024-10,T027,Belleza,403268066,324,Base
2024-10,T027,Deportes,295258405,1193,Base
2024-10,T027,Electrohogar,339846511,334,Base
2024-10,T027,Jugueteria,164870994,439,Base
2024-10,T027,Moda,68175124,731,Base
2024-10,T027,Muebles,94492811,162,Base
2024-10,T027,Tecnologia,121470601,428,Base
2024-10,T028,Alimentos,148743564,849,Base
2024-10,T028,Belleza,151550913,217,Base
2024-10,T028,Deportes,65738664,780,Base
2024-10,T028,Electrohogar,47166835,802,Base
2024-10,T028,Jugueteria,167654291,330,Base
2024-10,T028,Moda,200399328,1312,Base
2024-10,T028,Muebles,183186543,592,Base
2024-10,T028,Tecnologia,132544442,911,Base
2024-10,T029,Alimentos,326749427,813,Base
2024-10,T029,Belleza,136239316,1047,Base
2024-10,T029,Deportes,130452848,322,Base
2024-10,T029,Electrohogar,419589380,866,Base
2024-10,T029,Jugueteria,347891605,834,Base
2024-10,T029,Moda,93465248,940,Base
2024-10,T029,Muebles,180256805,289,Base
2024-10,T029,Tecnologia,49604329,398,Base
2024-10,T030,Alimentos,198878139,557,Base
2024-10,T030,Belleza,168220151,478,Base
2024-10,T030,Deportes,306327330,1291,Base
2024-10,T030,Electrohogar,50013181,1377,Base
2024-10,T030,Jugueteria,342371318,126,Base
2024-10,T030,Moda,195620604,958,Base
2024-10,T030,Muebles,412081424,1351,Base
2024-10,T030,Tecnologia,66934617,1309,Base
2024-10,T031,Alimentos,346781029,564,Base
2024-10,T031,Belleza,326648226,601,Base
2024-10,T031,Deportes,380251249,232,Base
2024-10,T031,Electrohogar,294010780,1011,Base
2024-10,T031,Jugueteria,390099965,1347,Base
2024-10,T031,Moda,368772427,772,Base
2024-10,T031,Muebles,354652801,398,Base
2024-10,T031,Tecnologia,252439634,1244,Base
2024-10,T032,Alimentos,118381633,394,Base
2024-10,T032,Belleza,101232098,1075,Base
2024-10,T032,Deportes,88023991,537,Base
2024-10,T032,Electrohogar,360212506,710,Base
2024-10,T032,Jugueteria,311986880,316,Base
2024-10,T032,Moda,210887434,552,Base
2024-10,T032,Muebles,334418644,553,Base
2024-10,T032,Tecnologia,389840379,838,Base
2024-10,T033,Alimentos,374195037,167,Base
2024-10,T033,Belleza,95014815,918,Base
2024-10,T033,Deportes,233720118,840,Base
2024-10,T033,Electrohogar,330038559,1061,Base
2024-10,T033,Jugueteria,71225018,1196,Base
2024-10,T033,Moda,376986717,622,Base
2024-10,T033,Muebles,75967561,1348,Base
2024-10,T033,Tecnologia,414965178,810,Base
2024-10,T034,Alimentos,183145904,1231,Base
2024-10,T034,Belleza,325082656,1221,Base
2024-10,T034,Deportes,259234181,1192,Base
2024-10,T034,Electrohogar,370486653,666,Base
2024-10,T034,Jugueteria,244725722,194,Base
2024-10,T034,Moda,74536908,1291,Base
2024-10,T034,Muebles,324322784,1167,Base
2024-10,T034,Tecnologia,75864007,1121,Base
2024-10,T035,Alimentos,267299364,1096,Base
2024-10,T035,Belleza,237283113,400,Base
2024-10,T035,Deportes,383320540,761,Base
2024-10,T035,Electrohogar,298554069,437,Base
2024-10,T035,Jugueteria,97654375,598,Base
2024-10,T035,Moda,334650810,1030,Base
2024-10,T035,Muebles,410741697,1391,Base
2024-10,T035,Tecnologia,95643461,1251,Base
2024-10,T036,Alimentos,127483154,1355,Base
2024-10,T036,Belleza,261227569,245,Base
2024-10,T036,Deportes,402879563,982,Base
2024-10,T036,Electrohogar,366958832,1170,Base
2024-10,T036,Jugueteria,416681052,588,Base
2024-10,T036,Moda,329540768,1177,Base
2024-10,T036,Muebles,124429094,614,Base
2024-10,T036,Tecnologia,263425295,603,Base
2024-10,T037,Alimentos,172434829,317,Base
2024-10,T037,Belleza,283376286,1210,Base
2024-10,T037,Deportes,151962355,519,Base
2024-10,T037,Electrohogar,192357742,864,Base
2024-10,T037,Jugueteria,163084358,1301,Base
2024-10,T037,Moda,373806182,455,Base
2024-10,T037,Muebles,66469122,169,Base
2024-10,T037,Tecnologia,221599279,213,Base
2024-10,T038,Alimentos,274981293,963,Base
2024-10,T038,Belleza,345400333,211,Base
2024-10,T038,Deportes,275920795,1242,Base
2024-10,T038,Electrohogar,59961308,522,Base
2024-10,T038,Jugueteria,136680962,486,Base
2024-10,T038,Moda,182617941,894,Base
2024-10,T038,Muebles,261973331,410,Base
2024-10,T038,Tecnologia,173436615,1090,Base
2024-10,T039,Alimentos,338541544,554,Base
2024-10,T039,Belleza,102206149,1064,Base
2024-10,T039,Deportes,358162246,219,Base
2024-10,T039,Electrohogar,49987202,185,Base
2024-10,T039,Jugueteria,384803702,1171,Base
2024-10,T039,Moda,64123901,1296,Base
2024-10,T039,Muebles,274386244,309,Base
2024-10,T039,Tecnologia,308220048,866,Base
2024-10,T040,Alimentos,351292233,734,Base
2024-10,T040,Belleza,410791650,196,Base
2024-10,T040,Deportes,227218244,1129,Base
2024-10,T040,Electrohogar,354361134,579,Base
2024-10,T040,Jugueteria,66136255,1170,Base
2024-10,T040,Moda,116701796,386,Base
2024-10,T040,Muebles,359039557,671,Base
2024-10,T040,Tecnologia,273071105,214,Base
2024-10,T041,Alimentos,223846117,1082,Base
2024-10,T041,Belleza,364247879,150,Base
2024-10,T041,Deportes,280501961,818,Base
2024-10,T041,Electrohogar,85859533,1168,Base
2024-10,T041,Jugueteria,345312476,931,Base
2024-10,T041,Moda,374752320,1221,Base
2024-10,T041,Muebles,161589178,417,Base
2024-10,T041,Tecnologia,410698956,831,Base
2024-10,T042,Alimentos,230628779,1308,Base
2024-10,T042,Belleza,232817746,431,Base
2024-10,T042,Deportes,414872707,612,Base
2024-10,T042,Electrohogar,144738402,1178,Base
2024-10,T042,Jugueteria,197667917,534,Base
2024-10,T042,Moda,396577178,1052,Base
2024-10,T042,Muebles,235140499,841,Base
2024-10,T042,Tecnologia,238098538,602,Base
2024-10,T043,Alimentos,294018480,1084,Base
2024-10,T043,Belleza,213787166,986,Base
2024-10,T043,Deportes,366727685,1369,Base
2024-10,T043,Electrohogar,229648199,1256,Base
2024-10,T043,Jugueteria,405551394,414,Base
2024-10,T043,Moda,143594703,936,Base
2024-10,T043,Muebles,293706365,525,Base
2024-10,T043,Tecnologia,164997113,1005,Base
2024-10,T044,Alimentos,265084715,1290,Base
2024-10,T044,Belleza,70759137,1102,Base
2024-10,T044,Deportes,210991519,730,Base
2024-10,T044,Electrohogar,383619317,816,Base
2024-10,T044,Jugueteria,226112021,1132,Base
2024-10,T044,Moda,411456153,1067,Base
2024-10,T044,Muebles,135527071,632,Base
2024-10,T044,Tecnologia,339766092,687,Base
2024-10,T045,Alimentos,220925063,866,Base
2024-10,T045,Belleza,196004629,377,Base
2024-10,T045,Deportes,251218890,144,Base
2024-10,T045,Electrohogar,255565694,338,Base
2024-10,T045,Jugueteria,242563283,288,Base
2024-10,T045,Moda,274922050,346,Base
2024-10,T045,Muebles,121935994,177,Base
2024-10,T045,Tecnologia,313633900,573,Base
2024-10,T046,Alimentos,171421762,1180,Base
2024-10,T046,Belleza,242373653,486,Base
2024-10,T046,Deportes,355810213,698,Base
2024-10,T046,Electrohogar,254461786,218,Base
2024-10,T046,Jugueteria,172507244,315,Base
2024-10,T046,Moda,307774172,1300,Base
2024-10,T046,Muebles,374914622,773,Base
2024-10,T046,Tecnologia,368731471,975,Base
2024-10,T047,Alimentos,307282960,465,Base
2024-10,T047,Belleza,260286586,199,Base
2024-10,T047,Deportes,160421455,329,Base
2024-10,T047,Electrohogar,127096310,661,Base
2024-10,T047,Jugueteria,246116019,1012,Base
2024-10,T047,Moda,113731383,367,Base
2024-10,T047,Muebles,306345763,1371,Base
2024-10,T047,Tecnologia,408752460,1346,Base
2024-10,T048,Alimentos,257909574,711,Base
2024-10,T048,Belleza,383657425,874,Base
2024-10,T048,Deportes,153600619,948,Base
2024-10,T048,Electrohogar,176368982,687,Base
2024-10,T048,Jugueteria,164963021,810,Base
2024-10,T048,Moda,405587004,415,Base
2024-10,T048,Muebles,369720187,557,Base
2024-10,T048,Tecnologia,338918083,600,Base
2024-10,T049,Alimentos,260449469,722,Base
2024-10,T049,Belleza,413904947,537,Base
2024-10,T049,Deportes,193509855,1239,Base
2024-10,T049,Electrohogar,419385364,236,Base
2024-10,T049,Jugueteria,259482533,618,Base
2024-10,T049,Moda,271846082,333,Base
2024-10,T049,Muebles,279365371,345,Base
2024-10,T049,Tecnologia,375792958,1297,Base
2024-10,T050,Alimentos,241989135,651,Base
2024-10,T050,Belleza,143864329,1262,Base
2024-10,T050,Deportes,393658146,942,Base
2024-10,T050,Electrohogar,260161249,689,Base
2024-10,T050,Jugueteria,263309874,987,Base
2024-10,T050,Moda,358832628,1077,Base
2024-10,T050,Muebles,381664070,500,Base
2024-10,T050,Tecnologia,101455280,857,Base
2024-10,T051,Alimentos,92651247,123,Base
2024-10,T051,Belleza,249731303,503,Base
2024-10,T051,Deportes,323587680,708,Base
2024-10,T051,Electrohogar,360508556,292,Base
2024-10,T051,Jugueteria,123473668,941,Base
2024-10,T051,Moda,243088935,696,Base
2024-10,T051,Muebles,271709954,404,Base
2024-10,T051,Tecnologia,63250726,410,Base
2024-10,T052,Alimentos,312750947,302,Base
2024-10,T052,Belleza,243381095,161,Base
2024-10,T052,Deportes,384814643,1250,Base
2024-10,T052,Electrohogar,139443780,857,Base
2024-10,T052,Jugueteria,408241486,850,Base
2024-10,T052,Moda,116048039,1224,Base
2024-10,T052,Muebles,375285412,485,Base
2024-10,T052,Tecnologia,279123641,480,Base
2024-10,T053,Alimentos,139832409,786,Base
2024-10,T053,Belleza,271958824,212,Base
2024-10,T053,Deportes,238986825,741,Base
2024-10,T053,Electrohogar,345329748,1040,Base
2024-10,T053,Jugueteria,256036435,1150,Base
2024-10,T053,Moda,164657297,1116,Base
2024-10,T053,Muebles,418476597,449,Base
2024-10,T053,Tecnologia,413846811,1284,Base
2024-10,T054,Alimentos,135405729,874,Base
2024-10,T054,Belleza,108026572,186,Base
2024-10,T054,Deportes,208347369,1263,Base
2024-10,T054,Electrohogar,279923321,948,Base
2024-10,T054,Jugueteria,398558942,920,Base
2024-10,T054,Moda,369440411,870,Base
2024-10,T054,Muebles,84581557,905,Base
2024-10,T054,Tecnologia,132908598,941,Base
2024-10,T055,Alimentos,234125689,748,Base
2024-10,T055,Belleza,135350183,178,Base
2024-10,T055,Deportes,123981625,223,Base
2024-10,T055,Electrohogar,191347150,818,Base
2024-10,T055,Jugueteria,232404594,535,Base
2024-10,T055,Moda,181324232,814,Base
2024-10,T055,Muebles,97485771,1308,Base
2024-10,T055,Tecnologia,74716638,120,Base
2024-10,T056,Alimentos,199022035,494,Base
2024-10,T056,Belleza,315237277,430,Base
2024-10,T056,Deportes,298837107,714,Base
2024-10,T056,Electrohogar,276813907,849,Base
2024-10,T056,Jugueteria,106584886,331,Base
2024-10,T056,Moda,216678055,867,Base
2024-10,T056,Muebles,198235813,901,Base
2024-10,T056,Tecnologia,205476016,505,Base
2024-10,T057,Alimentos,143591491,325,Base
2024-10,T057,Belleza,282247874,1232,Base
2024-10,T057,Deportes,372514867,1139,Base
2024-10,T057,Electrohogar,415465259,1054,Base
2024-10,T057,Jugueteria,344995842,379,Base
2024-10,T057,Moda,261281526,645,Base
2024-10,T057,Muebles,264795421,786,Base
2024-10,T057,Tecnologia,258493097,570,Base
2024-10,T058,Alimentos,394999342,961,Base
2024-10,T058,Belleza,129760406,687,Base
2024-10,T058,Deportes,298571510,1126,Base
2024-10,T058,Electrohogar,216096363,1050,Base
2024-10,T058,Jugueteria,400745418,299,Base
2024-10,T058,Moda,334738848,632,Base
2024-10,T058,Muebles,281607079,949,Base
2024-10,T058,Tecnologia,246935283,1269,Base
2024-10,T059,Alimentos,141654102,966,Base
2024-10,T059,Belleza,319908682,936,Base
2024-10,T059,Deportes,330138605,816,Base
2024-10,T059,Electrohogar,121716390,671,Base
2024-10,T059,Jugueteria,139603705,1344,Base
2024-10,T059,Moda,189791302,794,Base
2024-10,T059,Muebles,360537929,712,Base
2024-10,T059,Tecnologia,189513717,144,Base
2024-10,T060,Alimentos,88223884,398,Base
2024-10,T060,Belleza,252675079,476,Base
2024-10,T060,Deportes,395872061,255,Base
2024-10,T060,Electrohogar,410706953,272,Base
2024-10,T060,Jugueteria,201041688,282,Base
2024-10,T060,Moda,396283623,709,Base
2024-10,T060,Muebles,82574129,618,Base
2024-10,T060,Tecnologia,366162535,609,Base
2024-11,T001,Alimentos,509210512,825,Base
2024-11,T001,Belleza,220433495,1159,Base
2024-11,T001,Deportes,271504865,910,Base
2024-11,T001,Electrohogar,347311508,760,Base
2024-11,T001,Jugueteria,150671343,221,Base
2024-11,T001,Moda,518985210,754,Base
2024-11,T001,Muebles,120181843,719,Base
2024-11,T001,Tecnologia,325922480,1113,Base
2024-11,T002,Alimentos,137358310,1291,Base
2024-11,T002,Belleza,218621400,794,Base
2024-11,T002,Deportes,174515442,1384,Base
2024-11,T002,Electrohogar,354241037,1036,Base
2024-11,T002,Jugueteria,170839458,1367,Base
2024-11,T002,Moda,429013507,522,Base
2024-11,T002,Muebles,141750102,1301,Base
2024-11,T002,Tecnologia,428239885,805,Base
2024-11,T003,Alimentos,292167697,715,Base
2024-11,T003,Belleza,401245341,278,Base
2024-11,T003,Deportes,176667240,1100,Base
2024-11,T003,Electrohogar,484345146,167,Base
2024-11,T003,Jugueteria,272502370,1243,Base
2024-11,T003,Moda,451609908,574,Base
2024-11,T003,Muebles,415858617,538,Base
2024-11,T003,Tecnologia,130286815,839,Base
2024-11,T004,Alimentos,452146731,805,Base
2024-11,T004,Belleza,487489351,468,Base
2024-11,T004,Deportes,494960132,651,Base
2024-11,T004,Electrohogar,168847980,624,Base
2024-11,T004,Jugueteria,181535203,510,Base
2024-11,T004,Moda,83548021,713,Base
2024-11,T004,Muebles,192985702,914,Base
2024-11,T004,Tecnologia,511915955,231,Base
2024-11,T005,Alimentos,320664085,253,Base
2024-11,T005,Belleza,457083717,1177,Base
2024-11,T005,Deportes,429796917,242,Base
2024-11,T005,Electrohogar,357796512,1397,Base
2024-11,T005,Jugueteria,94399747,379,Base
2024-11,T005,Moda,286884361,942,Base
2024-11,T005,Muebles,302942658,1335,Base
2024-11,T005,Tecnologia,139334386,1209,Base
2024-11,T006,Alimentos,200136991,619,Base
2024-11,T006,Belleza,311294453,771,Base
2024-11,T006,Deportes,517041385,125,Base
2024-11,T006,Electrohogar,320042617,676,Base
2024-11,T006,Jugueteria,250221478,1391,Base
2024-11,T006,Moda,289860533,907,Base
2024-11,T006,Muebles,302761180,988,Base
2024-11,T006,Tecnologia,271448487,546,Base
2024-11,T007,Alimentos,393277581,898,Base
2024-11,T007,Belleza,95293650,214,Base
2024-11,T007,Deportes,79185383,148,Base
2024-11,T007,Electrohogar,239507001,838,Base
2024-11,T007,Jugueteria,489980662,647,Base
2024-11,T007,Moda,66322321,971,Base
2024-11,T007,Muebles,403514068,714,Base
2024-11,T007,Tecnologia,405680311,273,Base
2024-11,T008,Alimentos,508710538,269,Base
2024-11,T008,Belleza,71024840,430,Base
2024-11,T008,Deportes,74668065,1079,Base
2024-11,T008,Electrohogar,388076152,430,Base
2024-11,T008,Jugueteria,101853321,1147,Base
2024-11,T008,Moda,349532513,236,Base
2024-11,T008,Muebles,230783041,894,Base
2024-11,T008,Tecnologia,306639962,1242,Base
2024-11,T009,Alimentos,384480377,415,Base
2024-11,T009,Belleza,466454087,1140,Base
2024-11,T009,Deportes,343607701,417,Base
2024-11,T009,Electrohogar,287727790,648,Base
2024-11,T009,Jugueteria,149817093,1283,Base
2024-11,T009,Moda,489549358,1284,Base
2024-11,T009,Muebles,94594748,282,Base
2024-11,T009,Tecnologia,277871821,194,Base
2024-11,T010,Alimentos,180408265,513,Base
2024-11,T010,Belleza,392545541,280,Base
2024-11,T010,Deportes,503512080,426,Base
2024-11,T010,Electrohogar,474520471,1061,Base
2024-11,T010,Jugueteria,150185823,430,Base
2024-11,T010,Moda,273481595,180,Base
2024-11,T010,Muebles,182859103,180,Base
2024-11,T010,Tecnologia,412712541,1081,Base
2024-11,T011,Alimentos,125898146,238,Base
2024-11,T011,Belleza,92414508,1303,Base
2024-11,T011,Deportes,241074698,859,Base
2024-11,T011,Electrohogar,259575583,998,Base
2024-11,T011,Jugueteria,162968113,872,Base
2024-11,T011,Moda,399955356,1188,Base
2024-11,T011,Muebles,172801413,1239,Base
2024-11,T011,Tecnologia,421985915,710,Base
2024-11,T012,Alimentos,402984191,596,Base
2024-11,T012,Belleza,408166938,889,Base
2024-11,T012,Deportes,489728656,459,Base
2024-11,T012,Electrohogar,240552582,188,Base
2024-11,T012,Jugueteria,177321656,1199,Base
2024-11,T012,Moda,468260857,276,Base
2024-11,T012,Muebles,134932681,599,Base
2024-11,T012,Tecnologia,57960405,1067,Base
2024-11,T013,Alimentos,256741668,1093,Base
2024-11,T013,Belleza,86294002,1213,Base
2024-11,T013,Deportes,121275396,1341,Base
2024-11,T013,Electrohogar,73970702,259,Base
2024-11,T013,Jugueteria,226644312,723,Base
2024-11,T013,Moda,59471250,1157,Base
2024-11,T013,Muebles,283874333,159,Base
2024-11,T013,Tecnologia,290838963,835,Base
2024-11,T014,Alimentos,322656346,707,Base
2024-11,T014,Belleza,143970067,236,Base
2024-11,T014,Deportes,518661950,813,Base
2024-11,T014,Electrohogar,338111831,1369,Base
2024-11,T014,Jugueteria,196906390,475,Base
2024-11,T014,Moda,241939466,565,Base
2024-11,T014,Muebles,521159921,1157,Base
2024-11,T014,Tecnologia,313627207,1063,Base
2024-11,T015,Alimentos,183326563,1254,Base
2024-11,T015,Belleza,136589897,1291,Base
2024-11,T015,Deportes,314457213,804,Base
2024-11,T015,Electrohogar,515439651,990,Base
2024-11,T015,Jugueteria,425958737,857,Base
2024-11,T015,Moda,216246433,424,Base
2024-11,T015,Muebles,85802116,159,Base
2024-11,T015,Tecnologia,115778247,818,Base
2024-11,T016,Alimentos,288128347,1141,Base
2024-11,T016,Belleza,244708947,595,Base
2024-11,T016,Deportes,387395545,121,Base
2024-11,T016,Electrohogar,182975978,970,Base
2024-11,T016,Jugueteria,458869058,453,Base
2024-11,T016,Moda,355054603,1364,Base
2024-11,T016,Muebles,92555525,695,Base
2024-11,T016,Tecnologia,349850146,1206,Base
2024-11,T017,Alimentos,398049657,977,Base
2024-11,T017,Belleza,424840241,833,Base
2024-11,T017,Deportes,376835278,953,Base
2024-11,T017,Electrohogar,86841922,820,Base
2024-11,T017,Jugueteria,440863331,673,Base
2024-11,T017,Moda,212735400,266,Base
2024-11,T017,Muebles,119015032,959,Base
2024-11,T017,Tecnologia,257552967,149,Base
2024-11,T018,Alimentos,242189001,693,Base
2024-11,T018,Belleza,92731830,331,Base
2024-11,T018,Deportes,258502243,311,Base
2024-11,T018,Electrohogar,385114341,271,Base
2024-11,T018,Jugueteria,83609896,589,Base
2024-11,T018,Moda,330470262,132,Base
2024-11,T018,Muebles,410324938,582,Base
2024-11,T018,Tecnologia,265306771,467,Base
2024-11,T019,Alimentos,453076097,569,Base
2024-11,T019,Belleza,309308550,966,Base
2024-11,T019,Deportes,93164107,918,Base
2024-11,T019,Electrohogar,196215205,442,Base
2024-11,T019,Jugueteria,506829520,1032,Base
2024-11,T019,Moda,452682506,769,Base
2024-11,T019,Muebles,308440335,832,Base
2024-11,T019,Tecnologia,397437370,635,Base
2024-11,T020,Alimentos,209012905,980,Base
2024-11,T020,Belleza,448012396,1074,Base
2024-11,T020,Deportes,238951468,994,Base
2024-11,T020,Electrohogar,186700615,161,Base
2024-11,T020,Jugueteria,256493341,611,Base
2024-11,T020,Moda,495043416,663,Base
2024-11,T020,Muebles,158344993,741,Base
2024-11,T020,Tecnologia,293628090,1122,Base
2024-11,T021,Alimentos,384381462,322,Base
2024-11,T021,Belleza,82822212,1278,Base
2024-11,T021,Deportes,122016881,696,Base
2024-11,T021,Electrohogar,469090788,650,Base
2024-11,T021,Jugueteria,437530607,1273,Base
2024-11,T021,Moda,230238117,1181,Base
2024-11,T021,Muebles,486274652,1258,Base
2024-11,T021,Tecnologia,303100386,1263,Base
2024-11,T022,Alimentos,357002410,631,Base
2024-11,T022,Belleza,139559526,1333,Base
2024-11,T022,Deportes,138156862,534,Base
2024-11,T022,Electrohogar,276194632,906,Base
2024-11,T022,Jugueteria,519599277,743,Base
2024-11,T022,Moda,58434990,865,Base
2024-11,T022,Muebles,269815855,1284,Base
2024-11,T022,Tecnologia,315440226,759,Base
2024-11,T023,Alimentos,353101767,795,Base
2024-11,T023,Belleza,506007081,984,Base
2024-11,T023,Deportes,447824876,1159,Base
2024-11,T023,Electrohogar,252683210,1142,Base
2024-11,T023,Jugueteria,177716603,803,Base
2024-11,T023,Moda,92385087,670,Base
2024-11,T023,Muebles,381740078,983,Base
2024-11,T023,Tecnologia,290708073,568,Base
2024-11,T024,Alimentos,282256047,403,Base
2024-11,T024,Belleza,498734592,627,Base
2024-11,T024,Deportes,464043187,1180,Base
2024-11,T024,Electrohogar,451762562,937,Base
2024-11,T024,Jugueteria,174133506,320,Base
2024-11,T024,Moda,492578773,1348,Base
2024-11,T024,Muebles,273678907,124,Base
2024-11,T024,Tecnologia,198038538,1190,Base
2024-11,T025,Alimentos,466412905,1207,Base
2024-11,T025,Belleza,97501092,1056,Base
2024-11,T025,Deportes,289622330,585,Base
2024-11,T025,Electrohogar,513961598,436,Base
2024-11,T025,Jugueteria,67211725,378,Base
2024-11,T025,Moda,475702983,1190,Base
2024-11,T025,Muebles,201220131,215,Base
2024-11,T025,Tecnologia,259051411,396,Base
2024-11,T026,Alimentos,521672267,824,Base
2024-11,T026,Belleza,175230800,178,Base
2024-11,T026,Deportes,193455647,1204,Base
2024-11,T026,Electrohogar,254759235,626,Base
2024-11,T026,Jugueteria,74173570,702,Base
2024-11,T026,Moda,198965970,707,Base
2024-11,T026,Muebles,369618983,829,Base
2024-11,T026,Tecnologia,520870012,1323,Base
2024-11,T027,Alimentos,302421177,124,Base
2024-11,T027,Belleza,512339216,1213,Base
2024-11,T027,Deportes,60864250,640,Base
2024-11,T027,Electrohogar,316896261,600,Base
2024-11,T027,Jugueteria,216453183,1029,Base
2024-11,T027,Moda,124394600,705,Base
2024-11,T027,Muebles,128080655,1362,Base
2024-11,T027,Tecnologia,396144306,795,Base
2024-11,T028,Alimentos,151230312,1282,Base
2024-11,T028,Belleza,147457876,1347,Base
2024-11,T028,Deportes,356693876,122,Base
2024-11,T028,Electrohogar,62848580,1312,Base
2024-11,T028,Jugueteria,72633366,198,Base
2024-11,T028,Moda,197097305,1179,Base
2024-11,T028,Muebles,174161440,920,Base
2024-11,T028,Tecnologia,319540463,858,Base
2024-11,T029,Alimentos,482648616,1149,Base
2024-11,T029,Belleza,399248642,524,Base
2024-11,T029,Deportes,354567800,894,Base
2024-11,T029,Electrohogar,151932747,1045,Base
2024-11,T029,Jugueteria,444573365,1104,Base
2024-11,T029,Moda,80413316,702,Base
2024-11,T029,Muebles,116304267,870,Base
2024-11,T029,Tecnologia,492947357,1015,Base
2024-11,T030,Alimentos,265693132,747,Base
2024-11,T030,Belleza,436635507,928,Base
2024-11,T030,Deportes,519821581,1167,Base
2024-11,T030,Electrohogar,270827793,878,Base
2024-11,T030,Jugueteria,195244973,141,Base
2024-11,T030,Moda,164494727,1117,Base
2024-11,T030,Muebles,241372620,1049,Base
2024-11,T030,Tecnologia,450301317,348,Base
2024-11,T031,Alimentos,186827438,1242,Base
2024-11,T031,Belleza,132486170,914,Base
2024-11,T031,Deportes,323316120,542,Base
2024-11,T031,Electrohogar,144178905,376,Base
2024-11,T031,Jugueteria,420269527,706,Base
2024-11,T031,Moda,174263702,1279,Base
2024-11,T031,Muebles,60305215,1014,Base
2024-11,T031,Tecnologia,239313260,519,Base
2024-11,T032,Alimentos,76478377,892,Base
2024-11,T032,Belleza,77776833,1105,Base
2024-11,T032,Deportes,57802680,449,Base
2024-11,T032,Electrohogar,280706372,281,Base
2024-11,T032,Jugueteria,109576651,1238,Base
2024-11,T032,Moda,451345273,1312,Base
2024-11,T032,Muebles,437651415,1018,Base
2024-11,T032,Tecnologia,124467798,1376,Base
2024-11,T033,Alimentos,400590290,223,Base
2024-11,T033,Belleza,505242995,240,Base
2024-11,T033,Deportes,354957748,594,Base
2024-11,T033,Electrohogar,303671228,273,Base
2024-11,T033,Jugueteria,133192168,635,Base
2024-11,T033,Moda,462413828,788,Base
2024-11,T033,Muebles,98348295,1263,Base
2024-11,T033,Tecnologia,483730972,721,Base
2024-11,T034,Alimentos,402751886,273,Base
2024-11,T034,Belleza,398246142,1237,Base
2024-11,T034,Deportes,341881953,575,Base
2024-11,T034,Electrohogar,348614235,128,Base
2024-11,T034,Jugueteria,319903908,804,Base
2024-11,T034,Moda,111203638,1228,Base
2024-11,T034,Muebles,222262225,506,Base
2024-11,T034,Tecnologia,70753881,942,Base
2024-11,T035,Alimentos,104462755,393,Base
2024-11,T035,Belleza,376908151,192,Base
2024-11,T035,Deportes,442760322,158,Base
2024-11,T035,Electrohogar,346975286,433,Base
2024-11,T035,Jugueteria,380417033,959,Base
2024-11,T035,Moda,56938600,176,Base
2024-11,T035,Muebles,378940356,127,Base
2024-11,T035,Tecnologia,350959612,1213,Base
2024-11,T036,Alimentos,109663857,1304,Base
2024-11,T036,Belleza,464608485,704,Base
2024-11,T036,Deportes,369797545,399,Base
2024-11,T036,Electrohogar,442482606,1383,Base
2024-11,T036,Jugueteria,203448750,320,Base
2024-11,T036,Moda,252131367,747,Base
2024-11,T036,Muebles,353204680,237,Base
2024-11,T036,Tecnologia,469086518,769,Base
2024-11,T037,Alimentos,418190482,1275,Base
2024-11,T037,Belleza,152778747,677,Base
2024-11,T037,Deportes,260560991,395,Base
2024-11,T037,Electrohogar,170261365,530,Base
2024-11,T037,Jugueteria,89602213,265,Base
2024-11,T037,Moda,369964537,1090,Base
2024-11,T037,Muebles,501616353,1299,Base
2024-11,T037,Tecnologia,445641700,1229,Base
2024-11,T038,Alimentos,195611918,539,Base
2024-11,T038,Belleza,194896741,757,Base
2024-11,T038,Deportes,389158266,549,Base
2024-11,T038,Electrohogar,424591585,1198,Base
2024-11,T038,Jugueteria,113630176,435,Base
2024-11,T038,Moda,395611247,856,Base
2024-11,T038,Muebles,249324178,238,Base
2024-11,T038,Tecnologia,352148413,617,Base
2024-11,T039,Alimentos,467682280,629,Base
2024-11,T039,Belleza,279295568,890,Base
2024-11,T039,Deportes,451962838,323,Base
2024-11,T039,Electrohogar,377835590,253,Base
2024-11,T039,Jugueteria,337963361,343,Base
2024-11,T039,Moda,208176815,854,Base
2024-11,T039,Muebles,426294338,1073,Base
2024-11,T039,Tecnologia,380754070,885,Base
2024-11,T040,Alimentos,74039601,837,Base
2024-11,T040,Belleza,142899227,611,Base
2024-11,T040,Deportes,123726100,997,Base
2024-11,T040,Electrohogar,359026386,267,Base
2024-11,T040,Jugueteria,465361815,1150,Base
2024-11,T040,Moda,154143960,489,Base
2024-11,T040,Muebles,105784178,536,Base
2024-11,T040,Tecnologia,279036672,1142,Base
2024-11,T041,Alimentos,520509695,1103,Base
2024-11,T041,Belleza,508655171,856,Base
2024-11,T041,Deportes,192643702,508,Base
2024-11,T041,Electrohogar,142246813,1252,Base
2024-11,T041,Jugueteria,169421587,867,Base
2024-11,T041,Moda,91483198,1387,Base
2024-11,T041,Muebles,339269520,477,Base
2024-11,T041,Tecnologia,147604515,456,Base
2024-11,T042,Alimentos,93401017,576,Base
2024-11,T042,Belleza,521619526,491,Base
2024-11,T042,Deportes,71351337,1308,Base
2024-11,T042,Electrohogar,476745976,640,Base
2024-11,T042,Jugueteria,284032022,1232,Base
2024-11,T042,Moda,413312867,1064,Base
2024-11,T042,Muebles,117605705,149,Base
2024-11,T042,Tecnologia,146350875,998,Base
2024-11,T043,Alimentos,398900103,1149,Base
2024-11,T043,Belleza,364553826,1146,Base
2024-11,T043,Deportes,327034201,1146,Base
2024-11,T043,Electrohogar,316358930,933,Base
2024-11,T043,Jugueteria,325111496,542,Base
2024-11,T043,Moda,374909066,477,Base
2024-11,T043,Muebles,475565246,160,Base
2024-11,T043,Tecnologia,521862813,1346,Base
2024-11,T044,Alimentos,478805326,409,Base
2024-11,T044,Belleza,288717018,1057,Base
2024-11,T044,Deportes,421194210,1079,Base
2024-11,T044,Electrohogar,398298018,1007,Base
2024-11,T044,Jugueteria,244878073,643,Base
2024-11,T044,Moda,246964420,627,Base
2024-11,T044,Muebles,74124496,995,Base
2024-11,T044,Tecnologia,288938338,817,Base
2024-11,T045,Alimentos,372988380,498,Base
2024-11,T045,Belleza,366129171,1350,Base
2024-11,T045,Deportes,421331081,182,Base
2024-11,T045,Electrohogar,434489488,650,Base
2024-11,T045,Jugueteria,60605696,720,Base
2024-11,T045,Moda,179767791,762,Base
2024-11,T045,Muebles,377979225,808,Base
2024-11,T045,Tecnologia,113907155,1334,Base
2024-11,T046,Alimentos,286742391,541,Base
2024-11,T046,Belleza,266688938,547,Base
2024-11,T046,Deportes,470221192,832,Base
2024-11,T046,Electrohogar,450055452,573,Base
2024-11,T046,Jugueteria,93073551,345,Base
2024-11,T046,Moda,362124076,324,Base
2024-11,T046,Muebles,116167591,1034,Base
2024-11,T046,Tecnologia,169476198,652,Base
2024-11,T047,Alimentos,306923390,1114,Base
2024-11,T047,Belleza,125782980,1041,Base
2024-11,T047,Deportes,208325725,1086,Base
2024-11,T047,Electrohogar,231142253,1046,Base
2024-11,T047,Jugueteria,243786711,993,Base
2024-11,T047,Moda,521069313,790,Base
2024-11,T047,Muebles,196880401,425,Base
2024-11,T047,Tecnologia,494091921,856,Base
2024-11,T048,Alimentos,73107018,1284,Base
2024-11,T048,Belleza,524349665,1266,Base
2024-11,T048,Deportes,256681872,464,Base
2024-11,T048,Electrohogar,97881366,426,Base
2024-11,T048,Jugueteria,468281263,120,Base
2024-11,T048,Moda,56707866,493,Base
2024-11,T048,Muebles,489413013,1065,Base
2024-11,T048,Tecnologia,364852810,725,Base
2024-11,T049,Alimentos,91797866,526,Base
2024-11,T049,Belleza,226124322,1272,Base
2024-11,T049,Deportes,446075970,741,Base
2024-11,T049,Electrohogar,122560061,1106,Base
2024-11,T049,Jugueteria,218447316,750,Base
2024-11,T049,Moda,87417132,1121,Base
2024-11,T049,Muebles,122328500,1234,Base
2024-11,T049,Tecnologia,496335363,739,Base
2024-11,T050,Alimentos,78442356,1400,Base
2024-11,T050,Belleza,169800026,214,Base
2024-11,T050,Deportes,350164603,1283,Base
2024-11,T050,Electrohogar,378887337,1399,Base
2024-11,T050,Jugueteria,159967072,526,Base
2024-11,T050,Moda,178650798,808,Base
2024-11,T050,Muebles,91587623,1334,Base
2024-11,T050,Tecnologia,268898466,1202,Base
2024-11,T051,Alimentos,359522632,957,Base
2024-11,T051,Belleza,201416792,1062,Base
2024-11,T051,Deportes,235107777,1195,Base
2024-11,T051,Electrohogar,412113267,446,Base
2024-11,T051,Jugueteria,238494920,1153,Base
2024-11,T051,Moda,88836860,606,Base
2024-11,T051,Muebles,267972542,543,Base
2024-11,T051,Tecnologia,333763356,1393,Base
2024-11,T052,Alimentos,455502742,581,Base
2024-11,T052,Belleza,238460652,1339,Base
2024-11,T052,Deportes,370752052,938,Base
2024-11,T052,Electrohogar,83859486,321,Base
2024-11,T052,Jugueteria,432260445,1220,Base
2024-11,T052,Moda,132159851,710,Base
2024-11,T052,Muebles,202273286,957,Base
2024-11,T052,Tecnologia,428165280,315,Base
2024-11,T053,Alimentos,219818508,481,Base
2024-11,T053,Belleza,120405960,420,Base
2024-11,T053,Deportes,227778887,625,Base
2024-11,T053,Electrohogar,498556017,1284,Base
2024-11,T053,Jugueteria,320861097,563,Base
2024-11,T053,Moda,277735953,1030,Base
2024-11,T053,Muebles,500425996,1371,Base
2024-11,T053,Tecnologia,76784557,548,Base
2024-11,T054,Alimentos,77242243,196,Base
2024-11,T054,Belleza,281560270,850,Base
2024-11,T054,Deportes,118946330,1309,Base
2024-11,T054,Electrohogar,336210436,1034,Base
2024-11,T054,Jugueteria,181733948,492,Base
2024-11,T054,Moda,473172675,854,Base
2024-11,T054,Muebles,243831355,779,Base
2024-11,T054,Tecnologia,57070017,777,Base
2024-11,T055,Alimentos,517128008,762,Base
2024-11,T055,Belleza,176240678,1308,Base
2024-11,T055,Deportes,163581721,1251,Base
2024-11,T055,Electrohogar,102558266,1185,Base
2024-11,T055,Jugueteria,209835591,1353,Base
2024-11,T055,Moda,74481051,575,Base
2024-11,T055,Muebles,322559620,1289,Base
2024-11,T055,Tecnologia,453887431,1129,Base
2024-11,T056,Alimentos,344725756,516,Base
2024-11,T056,Belleza,393395481,1239,Base
2024-11,T056,Deportes,265825980,417,Base
2024-11,T056,Electrohogar,468676383,881,Base
2024-11,T056,Jugueteria,115544511,218,Base
2024-11,T056,Moda,201049255,195,Base
2024-11,T056,Muebles,368952051,1036,Base
2024-11,T056,Tecnologia,299164818,599,Base
2024-11,T057,Alimentos,504783027,1353,Base
2024-11,T057,Belleza,112445445,1071,Base
2024-11,T057,Deportes,401208388,705,Base
2024-11,T057,Electrohogar,516271761,1058,Base
2024-11,T057,Jugueteria,186378038,352,Base
2024-11,T057,Moda,480879778,202,Base
2024-11,T057,Muebles,244615450,472,Base
2024-11,T057,Tecnologia,162845977,1172,Base
2024-11,T058,Alimentos,355118038,425,Base
2024-11,T058,Belleza,200458687,290,Base
2024-11,T058,Deportes,314050571,608,Base
2024-11,T058,Electrohogar,285471676,387,Base
2024-11,T058,Jugueteria,434546310,840,Base
2024-11,T058,Moda,119350093,244,Base
2024-11,T058,Muebles,375848390,146,Base
2024-11,T058,Tecnologia,282530972,1081,Base
2024-11,T059,Alimentos,101844076,588,Base
2024-11,T059,Belleza,355684500,575,Base
2024-11,T059,Deportes,468534560,590,Base
2024-11,T059,Electrohogar,449860738,1387,Base
2024-11,T059,Jugueteria,476425882,351,Base
2024-11,T059,Moda,449779226,1396,Base
2024-11,T059,Muebles,465692987,239,Base
2024-11,T059,Tecnologia,237412100,1164,Base
2024-11,T060,Alimentos,360888015,731,Base
2024-11,T060,Belleza,439942397,1086,Base
2024-11,T060,Deportes,397178140,465,Base
2024-11,T060,Electrohogar,319382558,537,Base
2024-11,T060,Jugueteria,281906345,216,Base
2024-11,T060,Moda,144219690,1322,Base
2024-11,T060,Muebles,429403056,1194,Base
2024-11,T060,Tecnologia,210325135,1225,Base
2024-12,T001,Alimentos,417465336,682,Base
2024-12,T001,Belleza,61432766,1141,Base
2024-12,T001,Deportes,125138602,1278,Base
2024-12,T001,Electrohogar,205751065,1303,Base
2024-12,T001,Jugueteria,128391198,136,Base
2024-12,T001,Moda,99027331,1287,Base
2024-12,T001,Muebles,377812473,542,Base
2024-12,T001,Tecnologia,433363488,615,Base
2024-12,T002,Alimentos,380662782,1290,Base
2024-12,T002,Belleza,164973101,901,Base
2024-12,T002,Deportes,446345726,1100,Base
2024-12,T002,Electrohogar,153061862,860,Base
2024-12,T002,Jugueteria,449422328,958,Base
2024-12,T002,Moda,404352162,618,Base
2024-12,T002,Muebles,440208873,553,Base
2024-12,T002,Tecnologia,506300983,949,Base
2024-12,T003,Alimentos,333422593,1274,Base
2024-12,T003,Belleza,308513428,151,Base
2024-12,T003,Deportes,224612721,908,Base
2024-12,T003,Electrohogar,384370055,285,Base
2024-12,T003,Jugueteria,162883323,238,Base
2024-12,T003,Moda,271981608,705,Base
2024-12,T003,Muebles,102415038,880,Base
2024-12,T003,Tecnologia,512885505,1101,Base
2024-12,T004,Alimentos,153420070,819,Base
2024-12,T004,Belleza,435888698,573,Base
2024-12,T004,Deportes,208519195,1113,Base
2024-12,T004,Electrohogar,144768363,173,Base
2024-12,T004,Jugueteria,317358808,335,Base
2024-12,T004,Moda,294582465,974,Base
2024-12,T004,Muebles,416147596,227,Base
2024-12,T004,Tecnologia,260930787,822,Base
2024-12,T005,Alimentos,477945323,590,Base
2024-12,T005,Belleza,269307308,784,Base
2024-12,T005,Deportes,159695562,950,Base
2024-12,T005,Electrohogar,164824451,399,Base
2024-12,T005,Jugueteria,314170745,979,Base
2024-12,T005,Moda,114050495,1394,Base
2024-12,T005,Muebles,477198501,780,Base
2024-12,T005,Tecnologia,150853575,647,Base
2024-12,T006,Alimentos,412532315,1227,Base
2024-12,T006,Belleza,96408857,1160,Base
2024-12,T006,Deportes,124495071,637,Base
2024-12,T006,Electrohogar,245391582,492,Base
2024-12,T006,Jugueteria,337226137,575,Base
2024-12,T006,Moda,505467428,199,Base
2024-12,T006,Muebles,199807468,425,Base
2024-12,T006,Tecnologia,247202256,123,Base
2024-12,T007,Alimentos,85760752,485,Base
2024-12,T007,Belleza,73605978,476,Base
2024-12,T007,Deportes,156590290,600,Base
2024-12,T007,Electrohogar,59393638,573,Base
2024-12,T007,Jugueteria,435655798,204,Base
2024-12,T007,Moda,113313755,1042,Base
2024-12,T007,Muebles,130794942,863,Base
2024-12,T007,Tecnologia,507748176,1280,Base
2024-12,T008,Alimentos,164358083,751,Base
2024-12,T008,Belleza,83822261,1344,Base
2024-12,T008,Deportes,406021577,1077,Base
2024-12,T008,Electrohogar,356929600,789,Base
2024-12,T008,Jugueteria,226088328,297,Base
2024-12,T008,Moda,343128898,567,Base
2024-12,T008,Muebles,381410121,1185,Base
2024-12,T008,Tecnologia,252895295,959,Base
2024-12,T009,Alimentos,402295325,542,Base
2024-12,T009,Belleza,233617422,1211,Base
2024-12,T009,Deportes,354684405,1161,Base
2024-12,T009,Electrohogar,478323670,712,Base
2024-12,T009,Jugueteria,279864603,496,Base
2024-12,T009,Moda,358842467,471,Base
2024-12,T009,Muebles,169508363,1139,Base
2024-12,T009,Tecnologia,193569607,638,Base
2024-12,T010,Alimentos,93814578,234,Base
2024-12,T010,Belleza,379876133,949,Base
2024-12,T010,Deportes,274001078,618,Base
2024-12,T010,Electrohogar,77674001,400,Base
2024-12,T010,Jugueteria,175155130,584,Base
2024-12,T010,Moda,218027266,275,Base
2024-12,T010,Muebles,135931027,1090,Base
2024-12,T010,Tecnologia,143398652,420,Base
2024-12,T011,Alimentos,84699095,714,Base
2024-12,T011,Belleza,323195305,670,Base
2024-12,T011,Deportes,483786505,192,Base
2024-12,T011,Electrohogar,264393005,1143,Base
2024-12,T011,Jugueteria,392722963,497,Base
2024-12,T011,Moda,132389212,1394,Base
2024-12,T011,Muebles,362480670,944,Base
2024-12,T011,Tecnologia,148243312,344,Base
2024-12,T012,Alimentos,290141762,948,Base
2024-12,T012,Belleza,471238200,763,Base
2024-12,T012,Deportes,391180405,838,Base
2024-12,T012,Electrohogar,60069048,261,Base
2024-12,T012,Jugueteria,143267460,519,Base
2024-12,T012,Moda,359697057,436,Base
2024-12,T012,Muebles,489558615,490,Base
2024-12,T012,Tecnologia,457696241,539,Base
2024-12,T013,Alimentos,426103128,556,Base
2024-12,T013,Belleza,371174146,1080,Base
2024-12,T013,Deportes,415149533,1291,Base
2024-12,T013,Electrohogar,185866422,442,Base
2024-12,T013,Jugueteria,107423351,1181,Base
2024-12,T013,Moda,173832782,823,Base
2024-12,T013,Muebles,382102738,316,Base
2024-12,T013,Tecnologia,67668458,476,Base
2024-12,T014,Alimentos,496575800,1158,Base
2024-12,T014,Belleza,264543571,156,Base
2024-12,T014,Deportes,515709063,1115,Base
2024-12,T014,Electrohogar,517131022,1320,Base
2024-12,T014,Jugueteria,469458416,1213,Base
2024-12,T014,Moda,362639998,1136,Base
2024-12,T014,Muebles,506144976,797,Base
2024-12,T014,Tecnologia,68211186,706,Base
2024-12,T015,Alimentos,71310137,1332,Base
2024-12,T015,Belleza,105358653,649,Base
2024-12,T015,Deportes,226194550,551,Base
2024-12,T015,Electrohogar,150961043,432,Base
2024-12,T015,Jugueteria,114348585,996,Base
2024-12,T015,Moda,141978221,1000,Base
2024-12,T015,Muebles,155984683,782,Base
2024-12,T015,Tecnologia,158618637,435,Base
2024-12,T016,Alimentos,370774362,1043,Base
2024-12,T016,Belleza,131424268,1367,Base
2024-12,T016,Deportes,280167291,177,Base
2024-12,T016,Electrohogar,387597920,876,Base
2024-12,T016,Jugueteria,440142203,1206,Base
2024-12,T016,Moda,378351102,1328,Base
2024-12,T016,Muebles,420213748,476,Base
2024-12,T016,Tecnologia,290425176,602,Base
2024-12,T017,Alimentos,294075098,886,Base
2024-12,T017,Belleza,339683215,600,Base
2024-12,T017,Deportes,495308978,1259,Base
2024-12,T017,Electrohogar,329939593,1339,Base
2024-12,T017,Jugueteria,380720632,905,Base
2024-12,T017,Moda,301479646,1029,Base
2024-12,T017,Muebles,265892661,319,Base
2024-12,T017,Tecnologia,448803928,902,Base
2024-12,T018,Alimentos,510683942,661,Base
2024-12,T018,Belleza,77438955,1140,Base
2024-12,T018,Deportes,204433112,1285,Base
2024-12,T018,Electrohogar,74652051,789,Base
2024-12,T018,Jugueteria,68424408,565,Base
2024-12,T018,Moda,114527515,418,Base
2024-12,T018,Muebles,257497483,179,Base
2024-12,T018,Tecnologia,153408962,1257,Base
2024-12,T019,Alimentos,308945593,1140,Base
2024-12,T019,Belleza,355245285,885,Base
2024-12,T019,Deportes,512604938,386,Base
2024-12,T019,Electrohogar,371816825,164,Base
2024-12,T019,Jugueteria,145992562,657,Base
2024-12,T019,Moda,411019213,1051,Base
2024-12,T019,Muebles,170304281,544,Base
2024-12,T019,Tecnologia,438173720,146,Base
2024-12,T020,Alimentos,217843493,1159,Base
2024-12,T020,Belleza,412125151,1367,Base
2024-12,T020,Deportes,275213842,991,Base
2024-12,T020,Electrohogar,503637887,823,Base
2024-12,T020,Jugueteria,183744792,830,Base
2024-12,T020,Moda,151159278,623,Base
2024-12,T020,Muebles,462680043,1104,Base
2024-12,T020,Tecnologia,258517992,948,Base
2024-12,T021,Alimentos,131804890,1321,Base
2024-12,T021,Belleza,189405836,274,Base
2024-12,T021,Deportes,414708817,609,Base
2024-12,T021,Electrohogar,114430366,1222,Base
2024-12,T021,Jugueteria,114920405,1061,Base
2024-12,T021,Moda,139748995,1399,Base
2024-12,T021,Muebles,152589145,640,Base
2024-12,T021,Tecnologia,72501776,839,Base
2024-12,T022,Alimentos,195080390,783,Base
2024-12,T022,Belleza,286061868,688,Base
2024-12,T022,Deportes,478766171,454,Base
2024-12,T022,Electrohogar,204572661,352,Base
2024-12,T022,Jugueteria,210679713,530,Base
2024-12,T022,Moda,171116155,429,Base
2024-12,T022,Muebles,422247545,1195,Base
2024-12,T022,Tecnologia,232535660,552,Base
2024-12,T023,Alimentos,79140905,157,Base
2024-12,T023,Belleza,200767882,657,Base
2024-12,T023,Deportes,358355097,413,Base
2024-12,T023,Electrohogar,76010095,121,Base
2024-12,T023,Jugueteria,58405522,673,Base
2024-12,T023,Moda,290623040,809,Base
2024-12,T023,Muebles,193615131,1262,Base
2024-12,T023,Tecnologia,92964097,1396,Base
2024-12,T024,Alimentos,506790848,1396,Base
2024-12,T024,Belleza,334289740,979,Base
2024-12,T024,Deportes,276034062,429,Base
2024-12,T024,Electrohogar,246329368,601,Base
2024-12,T024,Jugueteria,92480663,400,Base
2024-12,T024,Moda,241924167,745,Base
2024-12,T024,Muebles,94946188,999,Base
2024-12,T024,Tecnologia,262134940,149,Base
2024-12,T025,Alimentos,344484743,508,Base
2024-12,T025,Belleza,451358182,538,Base
2024-12,T025,Deportes,437366478,1128,Base
2024-12,T025,Electrohogar,431742501,276,Base
2024-12,T025,Jugueteria,516189771,279,Base
2024-12,T025,Moda,313491271,514,Base
2024-12,T025,Muebles,428854251,564,Base
2024-12,T025,Tecnologia,310302341,333,Base
2024-12,T026,Alimentos,213280995,1379,Base
2024-12,T026,Belleza,494046132,1095,Base
2024-12,T026,Deportes,322510558,986,Base
2024-12,T026,Electrohogar,322856545,989,Base
2024-12,T026,Jugueteria,430475040,866,Base
2024-12,T026,Moda,111030946,535,Base
2024-12,T026,Muebles,333017991,443,Base
2024-12,T026,Tecnologia,355157871,405,Base
2024-12,T027,Alimentos,452806912,1013,Base
2024-12,T027,Belleza,289974588,757,Base
2024-12,T027,Deportes,219335088,1130,Base
2024-12,T027,Electrohogar,137704255,923,Base
2024-12,T027,Jugueteria,489254542,902,Base
2024-12,T027,Moda,235855102,543,Base
2024-12,T027,Muebles,159829795,1194,Base
2024-12,T027,Tecnologia,310155375,153,Base
2024-12,T028,Alimentos,358357018,1272,Base
2024-12,T028,Belleza,218415600,228,Base
2024-12,T028,Deportes,258637136,1255,Base
2024-12,T028,Electrohogar,81494547,551,Base
2024-12,T028,Jugueteria,149327555,816,Base
2024-12,T028,Moda,342819000,1271,Base
2024-12,T028,Muebles,434604908,748,Base
2024-12,T028,Tecnologia,103995801,407,Base
2024-12,T029,Alimentos,375940777,275,Base
2024-12,T029,Belleza,399393163,1315,Base
2024-12,T029,Deportes,334150818,1000,Base
2024-12,T029,Electrohogar,204652326,327,Base
2024-12,T029,Jugueteria,306502203,1006,Base
2024-12,T029,Moda,342460860,1350,Base
2024-12,T029,Muebles,395083991,554,Base
2024-12,T029,Tecnologia,222027273,1177,Base
2024-12,T030,Alimentos,485586232,611,Base
2024-12,T030,Belleza,319106730,1377,Base
2024-12,T030,Deportes,467225271,678,Base
2024-12,T030,Electrohogar,145555016,192,Base
2024-12,T030,Jugueteria,271925598,1245,Base
2024-12,T030,Moda,417056915,593,Base
2024-12,T030,Muebles,487902206,1058,Base
2024-12,T030,Tecnologia,85130265,218,Base
2024-12,T031,Alimentos,188291853,439,Base
2024-12,T031,Belleza,74954816,1161,Base
2024-12,T031,Deportes,312582910,346,Base
2024-12,T031,Electrohogar,275608265,145,Base
2024-12,T031,Jugueteria,205697113,701,Base
2024-12,T031,Moda,193774407,263,Base
2024-12,T031,Muebles,489581586,769,Base
2024-12,T031,Tecnologia,477099875,1172,Base
2024-12,T032,Alimentos,293393902,1107,Base
2024-12,T032,Belleza,113056467,693,Base
2024-12,T032,Deportes,202591895,974,Base
2024-12,T032,Electrohogar,471669611,663,Base
2024-12,T032,Jugueteria,327825496,418,Base
2024-12,T032,Moda,446347502,1371,Base
2024-12,T032,Muebles,402409893,548,Base
2024-12,T032,Tecnologia,334634353,1013,Base
2024-12,T033,Alimentos,523911260,1282,Base
2024-12,T033,Belleza,71874318,929,Base
2024-12,T033,Deportes,106626932,642,Base
2024-12,T033,Electrohogar,210159117,970,Base
2024-12,T033,Jugueteria,247398957,986,Base
2024-12,T033,Moda,182587826,267,Base
2024-12,T033,Muebles,164508643,998,Base
2024-12,T033,Tecnologia,210303466,1280,Base
2024-12,T034,Alimentos,472103213,465,Base
2024-12,T034,Belleza,472762067,1393,Base
2024-12,T034,Deportes,408599511,769,Base
2024-12,T034,Electrohogar,366643562,293,Base
2024-12,T034,Jugueteria,61822002,411,Base
2024-12,T034,Moda,194102646,470,Base
2024-12,T034,Muebles,485995887,1108,Base
2024-12,T034,Tecnologia,200649005,1232,Base
2024-12,T035,Alimentos,393533121,762,Base
2024-12,T035,Belleza,444679090,1236,Base
2024-12,T035,Deportes,271502081,513,Base
2024-12,T035,Electrohogar,347090815,820,Base
2024-12,T035,Jugueteria,368959346,355,Base
2024-12,T035,Moda,203003961,1288,Base
2024-12,T035,Muebles,406503745,863,Base
2024-12,T035,Tecnologia,441600733,155,Base
2024-12,T036,Alimentos,484362058,492,Base
2024-12,T036,Belleza,174275067,304,Base
2024-12,T036,Deportes,503505008,1232,Base
2024-12,T036,Electrohogar,463687383,269,Base
2024-12,T036,Jugueteria,520282936,677,Base
2024-12,T036,Moda,101421801,1049,Base
2024-12,T036,Muebles,332094427,714,Base
2024-12,T036,Tecnologia,297611485,1155,Base
2024-12,T037,Alimentos,72008412,300,Base
2024-12,T037,Belleza,478908233,744,Base
2024-12,T037,Deportes,210425396,1060,Base
2024-12,T037,Electrohogar,317684832,1355,Base
2024-12,T037,Jugueteria,514780078,163,Base
2024-12,T037,Moda,68431313,954,Base
2024-12,T037,Muebles,257036126,340,Base
2024-12,T037,Tecnologia,366410256,1011,Base
2024-12,T038,Alimentos,427027533,417,Base
2024-12,T038,Belleza,183420077,1274,Base
2024-12,T038,Deportes,182593825,904,Base
2024-12,T038,Electrohogar,421464578,296,Base
2024-12,T038,Jugueteria,178388121,935,Base
2024-12,T038,Moda,146110445,168,Base
2024-12,T038,Muebles,382195606,975,Base
2024-12,T038,Tecnologia,220578495,673,Base
2024-12,T039,Alimentos,429390260,1341,Base
2024-12,T039,Belleza,395549693,1225,Base
2024-12,T039,Deportes,383715151,425,Base
2024-12,T039,Electrohogar,215478396,198,Base
2024-12,T039,Jugueteria,259778751,581,Base
2024-12,T039,Moda,70456986,397,Base
2024-12,T039,Muebles,432243648,896,Base
2024-12,T039,Tecnologia,274529582,394,Base
2024-12,T040,Alimentos,379669667,1077,Base
2024-12,T040,Belleza,211901683,856,Base
2024-12,T040,Deportes,276836940,176,Base
2024-12,T040,Electrohogar,508932283,681,Base
2024-12,T040,Jugueteria,436321877,683,Base
2024-12,T040,Moda,99861151,882,Base
2024-12,T040,Muebles,306040907,1040,Base
2024-12,T040,Tecnologia,359446462,926,Base
2024-12,T041,Alimentos,500310835,134,Base
2024-12,T041,Belleza,437805751,554,Base
2024-12,T041,Deportes,514692010,771,Base
2024-12,T041,Electrohogar,97203508,210,Base
2024-12,T041,Jugueteria,459236443,394,Base
2024-12,T041,Moda,447914951,1060,Base
2024-12,T041,Muebles,309204060,834,Base
2024-12,T041,Tecnologia,305088196,781,Base
2024-12,T042,Alimentos,364704326,654,Base
2024-12,T042,Belleza,354313727,861,Base
2024-12,T042,Deportes,366372637,1226,Base
2024-12,T042,Electrohogar,463912951,692,Base
2024-12,T042,Jugueteria,90301592,1109,Base
2024-12,T042,Moda,223657693,1100,Base
2024-12,T042,Muebles,124438187,516,Base
2024-12,T042,Tecnologia,340728306,1239,Base
2024-12,T043,Alimentos,90567966,1268,Base
2024-12,T043,Belleza,278241151,699,Base
2024-12,T043,Deportes,184906210,228,Base
2024-12,T043,Electrohogar,360028471,1005,Base
2024-12,T043,Jugueteria,225789597,1186,Base
2024-12,T043,Moda,117528122,1207,Base
2024-12,T043,Muebles,173626597,283,Base
2024-12,T043,Tecnologia,87151925,1299,Base
2024-12,T044,Alimentos,487566618,973,Base
2024-12,T044,Belleza,177718396,733,Base
2024-12,T044,Deportes,292095630,286,Base
2024-12,T044,Electrohogar,331343060,348,Base
2024-12,T044,Jugueteria,494237871,748,Base
2024-12,T044,Moda,60032022,730,Base
2024-12,T044,Muebles,295687733,469,Base
2024-12,T044,Tecnologia,126606706,1123,Base
2024-12,T045,Alimentos,193214361,661,Base
2024-12,T045,Belleza,285386022,1184,Base
2024-12,T045,Deportes,204058903,432,Base
2024-12,T045,Electrohogar,191820200,431,Base
2024-12,T045,Jugueteria,303731843,194,Base
2024-12,T045,Moda,400538620,658,Base
2024-12,T045,Muebles,440829480,305,Base
2024-12,T045,Tecnologia,242093741,827,Base
2024-12,T046,Alimentos,61105386,1013,Base
2024-12,T046,Belleza,186354352,134,Base
2024-12,T046,Deportes,133133866,1206,Base
2024-12,T046,Electrohogar,196947670,676,Base
2024-12,T046,Jugueteria,444603057,1305,Base
2024-12,T046,Moda,498111997,1070,Base
2024-12,T046,Muebles,139456795,687,Base
2024-12,T046,Tecnologia,474506608,682,Base
2024-12,T047,Alimentos,235865811,1343,Base
2024-12,T047,Belleza,112379018,1303,Base
2024-12,T047,Deportes,430651317,1366,Base
2024-12,T047,Electrohogar,187874458,623,Base
2024-12,T047,Jugueteria,188777403,1285,Base
2024-12,T047,Moda,161677976,534,Base
2024-12,T047,Muebles,442683068,546,Base
2024-12,T047,Tecnologia,218819576,531,Base
2024-12,T048,Alimentos,177714893,1379,Base
2024-12,T048,Belleza,273065460,380,Base
2024-12,T048,Deportes,488908312,1056,Base
2024-12,T048,Electrohogar,167730017,535,Base
2024-12,T048,Jugueteria,199407871,761,Base
2024-12,T048,Moda,93176281,921,Base
2024-12,T048,Muebles,358981905,1212,Base
2024-12,T048,Tecnologia,338975016,343,Base
2024-12,T049,Alimentos,291689116,1216,Base
2024-12,T049,Belleza,405664507,434,Base
2024-12,T049,Deportes,238578863,1168,Base
2024-12,T049,Electrohogar,178273750,731,Base
2024-12,T049,Jugueteria,212070588,158,Base
2024-12,T049,Moda,140845407,667,Base
2024-12,T049,Muebles,405646645,581,Base
2024-12,T049,Tecnologia,509663025,1324,Base
2024-12,T050,Alimentos,103534792,434,Base
2024-12,T050,Belleza,170607687,1386,Base
2024-12,T050,Deportes,77222905,528,Base
2024-12,T050,Electrohogar,497086427,694,Base
2024-12,T050,Jugueteria,415143933,957,Base
2024-12,T050,Moda,113828545,946,Base
2024-12,T050,Muebles,391118171,1341,Base
2024-12,T050,Tecnologia,251725051,822,Base
2024-12,T051,Alimentos,366317022,751,Base
2024-12,T051,Belleza,377236128,403,Base
2024-12,T051,Deportes,385962793,188,Base
2024-12,T051,Electrohogar,192984331,134,Base
2024-12,T051,Jugueteria,434447741,509,Base
2024-12,T051,Moda,85747376,1399,Base
2024-12,T051,Muebles,153201816,527,Base
2024-12,T051,Tecnologia,286178887,150,Base
2024-12,T052,Alimentos,240166797,275,Base
2024-12,T052,Belleza,94560925,1397,Base
2024-12,T052,Deportes,84684681,855,Base
2024-12,T052,Electrohogar,304930880,1009,Base
2024-12,T052,Jugueteria,394625002,1148,Base
2024-12,T052,Moda,456851895,940,Base
2024-12,T052,Muebles,451354722,758,Base
2024-12,T052,Tecnologia,515937065,556,Base
2024-12,T053,Alimentos,419886318,723,Base
2024-12,T053,Belleza,313681980,875,Base
2024-12,T053,Deportes,365689183,601,Base
2024-12,T053,Electrohogar,319809603,1036,Base
2024-12,T053,Jugueteria,196650015,120,Base
2024-12,T053,Moda,218225612,587,Base
2024-12,T053,Muebles,359914496,1246,Base
2024-12,T053,Tecnologia,325784706,1075,Base
2024-12,T054,Alimentos,447654768,963,Base
2024-12,T054,Belleza,273894000,366,Base
2024-12,T054,Deportes,250378682,296,Base
2024-12,T054,Electrohogar,369454637,924,Base
2024-12,T054,Jugueteria,256595855,575,Base
2024-12,T054,Moda,204056770,556,Base
2024-12,T054,Muebles,417264152,205,Base
2024-12,T054,Tecnologia,375613342,536,Base
2024-12,T055,Alimentos,219515403,944,Base
2024-12,T055,Belleza,99660228,908,Base
2024-12,T055,Deportes,163456101,352,Base
2024-12,T055,Electrohogar,368108108,1001,Base
2024-12,T055,Jugueteria,327844015,313,Base
2024-12,T055,Moda,254404463,654,Base
2024-12,T055,Muebles,337179420,632,Base
2024-12,T055,Tecnologia,246374448,1198,Base
2024-12,T056,Alimentos,171085802,697,Base
2024-12,T056,Belleza,281126686,1235,Base
2024-12,T056,Deportes,89491587,261,Base
2024-12,T056,Electrohogar,206750456,628,Base
2024-12,T056,Jugueteria,142507361,162,Base
2024-12,T056,Moda,480630405,131,Base
2024-12,T056,Muebles,323966087,508,Base
2024-12,T056,Tecnologia,203203191,385,Base
2024-12,T057,Alimentos,367330286,1359,Base
2024-12,T057,Belleza,323795481,831,Base
2024-12,T057,Deportes,227763585,548,Base
2024-12,T057,Electrohogar,382274497,152,Base
2024-12,T057,Jugueteria,364895063,1367,Base
2024-12,T057,Moda,390558203,479,Base
2024-12,T057,Muebles,86791605,343,Base
2024-12,T057,Tecnologia,205008128,384,Base
2024-12,T058,Alimentos,517980190,823,Base
2024-12,T058,Belleza,226307372,496,Base
2024-12,T058,Deportes,212672646,551,Base
2024-12,T058,Electrohogar,346381903,142,Base
2024-12,T058,Jugueteria,231426285,714,Base
2024-12,T058,Moda,339427577,589,Base
2024-12,T058,Muebles,447505116,1208,Base
2024-12,T058,Tecnologia,394488165,1354,Base
2024-12,T059,Alimentos,75358245,175,Base
2024-12,T059,Belleza,149928337,326,Base
2024-12,T059,Deportes,487209857,1030,Base
2024-12,T059,Electrohogar,104613811,1110,Base
2024-12,T059,Jugueteria,120967922,1262,Base
2024-12,T059,Moda,84159962,804,Base
2024-12,T059,Muebles,313728482,983,Base
2024-12,T059,Tecnologia,59656008,444,Base
2024-12,T060,Alimentos,220170778,684,Base
2024-12,T060,Belleza,279878903,1069,Base
2024-12,T060,Deportes,283889502,959,Base
2024-12,T060,Electrohogar,379495542,449,Base
2024-12,T060,Jugueteria,272892688,1039,Base
2024-12,T060,Moda,162227951,831,Base
2024-12,T060,Muebles,214214686,1352,Base
2024-12,T060,Tecnologia,196777056,737,Base
2025-01,T001,Alimentos,182642928,870,Base
2025-01,T001,Belleza,369314385,1072,Base
2025-01,T001,Deportes,301250859,868,Base
2025-01,T001,Electrohogar,355009080,285,Base
2025-01,T001,Jugueteria,170568319,383,Base
2025-01,T001,Moda,165783409,887,Base
2025-01,T001,Muebles,80772532,225,Base
2025-01,T001,Tecnologia,237846885,1242,Base
2025-01,T002,Alimentos,235604112,1148,Base
2025-01,T002,Belleza,312774120,1128,Base
2025-01,T002,Deportes,51990744,665,Base
2025-01,T002,Electrohogar,334548704,482,Base
2025-01,T002,Jugueteria,265766946,507,Base
2025-01,T002,Moda,92943825,125,Base
2025-01,T002,Muebles,46046600,873,Base
2025-01,T002,Tecnologia,374954857,718,Base
2025-01,T003,Alimentos,143717719,828,Base
2025-01,T003,Belleza,306001534,1315,Base
2025-01,T003,Deportes,76969707,805,Base
2025-01,T003,Electrohogar,81713979,1302,Base
2025-01,T003,Jugueteria,404069376,623,Base
2025-01,T003,Moda,343670649,704,Base
2025-01,T003,Muebles,110309343,163,Base
2025-01,T003,Tecnologia,150207781,341,Base
2025-01,T004,Alimentos,205524165,629,Base
2025-01,T004,Belleza,305889009,766,Base
2025-01,T004,Deportes,251661309,122,Base
2025-01,T004,Electrohogar,405712206,201,Base
2025-01,T004,Jugueteria,158828244,1026,Base
2025-01,T004,Moda,62205631,268,Base
2025-01,T004,Muebles,196466342,503,Base
2025-01,T004,Tecnologia,261705188,1330,Base
2025-01,T005,Alimentos,313920803,860,Base
2025-01,T005,Belleza,418359660,798,Base
2025-01,T005,Deportes,323084825,1365,Base
2025-01,T005,Electrohogar,163101938,1341,Base
2025-01,T005,Jugueteria,88139325,1061,Base
2025-01,T005,Moda,253470876,411,Base
2025-01,T005,Muebles,331106560,1070,Base
2025-01,T005,Tecnologia,283837365,125,Base
2025-01,T006,Alimentos,365861291,829,Base
2025-01,T006,Belleza,120091127,1052,Base
2025-01,T006,Deportes,243036875,604,Base
2025-01,T006,Electrohogar,360687862,1350,Base
2025-01,T006,Jugueteria,287972137,1029,Base
2025-01,T006,Moda,349873348,314,Base
2025-01,T006,Muebles,45476491,946,Base
2025-01,T006,Tecnologia,133287974,1185,Base
2025-01,T007,Alimentos,278024603,1121,Base
2025-01,T007,Belleza,206618999,487,Base
2025-01,T007,Deportes,270533831,121,Base
2025-01,T007,Electrohogar,147644106,1216,Base
2025-01,T007,Jugueteria,354394777,564,Base
2025-01,T007,Moda,216824478,594,Base
2025-01,T007,Muebles,278877731,762,Base
2025-01,T007,Tecnologia,175210652,222,Base
2025-01,T008,Alimentos,266566660,203,Base
2025-01,T008,Belleza,65140595,1387,Base
2025-01,T008,Deportes,232607354,514,Base
2025-01,T008,Electrohogar,250126410,865,Base
2025-01,T008,Jugueteria,269177552,525,Base
2025-01,T008,Moda,319338209,496,Base
2025-01,T008,Muebles,305598703,597,Base
2025-01,T008,Tecnologia,229730467,1169,Base
2025-01,T009,Alimentos,64032716,810,Base
2025-01,T009,Belleza,82449025,458,Base
2025-01,T009,Deportes,211906789,1064,Base
2025-01,T009,Electrohogar,346865708,553,Base
2025-01,T009,Jugueteria,391860354,479,Base
2025-01,T009,Moda,203393263,1219,Base
2025-01,T009,Muebles,322468159,489,Base
2025-01,T009,Tecnologia,291854113,249,Base
2025-01,T010,Alimentos,252702463,183,Base
2025-01,T010,Belleza,140114267,847,Base
2025-01,T010,Deportes,89891416,1047,Base
2025-01,T010,Electrohogar,218580712,958,Base
2025-01,T010,Jugueteria,215466540,1267,Base
2025-01,T010,Moda,229239757,1254,Base
2025-01,T010,Muebles,358706021,433,Base
2025-01,T010,Tecnologia,255589056,1014,Base
2025-01,T011,Alimentos,384235125,483,Base
2025-01,T011,Belleza,130361642,901,Base
2025-01,T011,Deportes,165795550,321,Base
2025-01,T011,Electrohogar,354133679,680,Base
2025-01,T011,Jugueteria,50554428,158,Base
2025-01,T011,Moda,77469285,947,Base
2025-01,T011,Muebles,96307494,858,Base
2025-01,T011,Tecnologia,52179858,697,Base
2025-01,T012,Alimentos,220900382,311,Base
2025-01,T012,Belleza,164482472,384,Base
2025-01,T012,Deportes,325140958,695,Base
2025-01,T012,Electrohogar,304037837,1086,Base
2025-01,T012,Jugueteria,142331625,362,Base
2025-01,T012,Moda,200795702,1104,Base
2025-01,T012,Muebles,74183179,778,Base
2025-01,T012,Tecnologia,227476846,487,Base
2025-01,T013,Alimentos,140484841,269,Base
2025-01,T013,Belleza,132875933,1305,Base
2025-01,T013,Deportes,273942529,766,Base
2025-01,T013,Electrohogar,332198844,698,Base
2025-01,T013,Jugueteria,300622148,326,Base
2025-01,T013,Moda,340833150,1261,Base
2025-01,T013,Muebles,227693262,1047,Base
2025-01,T013,Tecnologia,95430689,881,Base
2025-01,T014,Alimentos,178793162,466,Base
2025-01,T014,Belleza,96437883,1296,Base
2025-01,T014,Deportes,403878687,373,Base
2025-01,T014,Electrohogar,299071304,945,Base
2025-01,T014,Jugueteria,382040801,354,Base
2025-01,T014,Moda,279052582,875,Base
2025-01,T014,Muebles,201858609,377,Base
2025-01,T014,Tecnologia,308291800,642,Base
2025-01,T015,Alimentos,289832986,179,Base
2025-01,T015,Belleza,232300839,1066,Base
2025-01,T015,Deportes,93231123,1128,Base
2025-01,T015,Electrohogar,75309598,639,Base
2025-01,T015,Jugueteria,232955416,884,Base
2025-01,T015,Moda,285438520,1338,Base
2025-01,T015,Muebles,398778518,1259,Base
2025-01,T015,Tecnologia,373020631,862,Base
2025-01,T016,Alimentos,128145716,1029,Base
2025-01,T016,Belleza,328342301,1051,Base
2025-01,T016,Deportes,235964652,251,Base
2025-01,T016,Electrohogar,403345213,602,Base
2025-01,T016,Jugueteria,97023727,494,Base
2025-01,T016,Moda,255853641,906,Base
2025-01,T016,Muebles,398347392,650,Base
2025-01,T016,Tecnologia,372559636,536,Base
2025-01,T017,Alimentos,143006663,630,Base
2025-01,T017,Belleza,107785692,1173,Base
2025-01,T017,Deportes,181954562,1283,Base
2025-01,T017,Electrohogar,308335955,1191,Base
2025-01,T017,Jugueteria,294132950,603,Base
2025-01,T017,Moda,87701514,1311,Base
2025-01,T017,Muebles,272781769,356,Base
2025-01,T017,Tecnologia,345278911,751,Base
2025-01,T018,Alimentos,223287099,1067,Base
2025-01,T018,Belleza,180892609,1120,Base
2025-01,T018,Deportes,62818866,586,Base
2025-01,T018,Electrohogar,163703367,357,Base
2025-01,T018,Jugueteria,139699449,270,Base
2025-01,T018,Moda,210800177,544,Base
2025-01,T018,Muebles,120904926,999,Base
2025-01,T018,Tecnologia,191989369,1300,Base
2025-01,T019,Alimentos,160620905,753,Base
2025-01,T019,Belleza,75406087,1354,Base
2025-01,T019,Deportes,205175041,1067,Base
2025-01,T019,Electrohogar,75210068,571,Base
2025-01,T019,Jugueteria,54016331,910,Base
2025-01,T019,Moda,417937381,929,Base
2025-01,T019,Muebles,118979293,433,Base
2025-01,T019,Tecnologia,349689205,1098,Base
2025-01,T020,Alimentos,313349647,992,Base
2025-01,T020,Belleza,49841512,922,Base
2025-01,T020,Deportes,251236582,1358,Base
2025-01,T020,Electrohogar,200643612,795,Base
2025-01,T020,Jugueteria,181781582,545,Base
2025-01,T020,Moda,67567495,834,Base
2025-01,T020,Muebles,130270742,899,Base
2025-01,T020,Tecnologia,209289779,222,Base
2025-01,T021,Alimentos,294443748,877,Base
2025-01,T021,Belleza,176520776,870,Base
2025-01,T021,Deportes,338647282,250,Base
2025-01,T021,Electrohogar,312421799,862,Base
2025-01,T021,Jugueteria,207596736,463,Base
2025-01,T021,Moda,377349159,189,Base
2025-01,T021,Muebles,184303503,1037,Base
2025-01,T021,Tecnologia,125299328,351,Base
2025-01,T022,Alimentos,312435595,308,Base
2025-01,T022,Belleza,81281466,1352,Base
2025-01,T022,Deportes,86147067,782,Base
2025-01,T022,Electrohogar,388048115,869,Base
2025-01,T022,Jugueteria,170169221,265,Base
2025-01,T022,Moda,405773153,1381,Base
2025-01,T022,Muebles,155379091,401,Base
2025-01,T022,Tecnologia,124089426,530,Base
2025-01,T023,Alimentos,107592312,892,Base
2025-01,T023,Belleza,324001431,650,Base
2025-01,T023,Deportes,67072094,279,Base
2025-01,T023,Electrohogar,119202412,931,Base
2025-01,T023,Jugueteria,318451400,936,Base
2025-01,T023,Moda,322550349,598,Base
2025-01,T023,Muebles,48087313,988,Base
2025-01,T023,Tecnologia,136019070,767,Base
2025-01,T024,Alimentos,286678188,1139,Base
2025-01,T024,Belleza,107638309,689,Base
2025-01,T024,Deportes,153841980,723,Base
2025-01,T024,Electrohogar,375100616,1379,Base
2025-01,T024,Jugueteria,318619456,1360,Base
2025-01,T024,Moda,60517130,940,Base
2025-01,T024,Muebles,80510933,751,Base
2025-01,T024,Tecnologia,178744614,714,Base
2025-01,T025,Alimentos,73602041,1003,Base
2025-01,T025,Belleza,82521966,933,Base
2025-01,T025,Deportes,250840181,164,Base
2025-01,T025,Electrohogar,65052807,749,Base
2025-01,T025,Jugueteria,223485176,730,Base
2025-01,T025,Moda,188922042,1306,Base
2025-01,T025,Muebles,231674622,1048,Base
2025-01,T025,Tecnologia,282737929,1180,Base
2025-01,T026,Alimentos,121267779,491,Base
2025-01,T026,Belleza,133301430,764,Base
2025-01,T026,Deportes,148895097,511,Base
2025-01,T026,Electrohogar,146063296,682,Base
2025-01,T026,Jugueteria,196928245,1343,Base
2025-01,T026,Moda,330918209,141,Base
2025-01,T026,Muebles,377763975,1383,Base
2025-01,T026,Tecnologia,381567373,1095,Base
2025-01,T027,Alimentos,67659209,1076,Base
2025-01,T027,Belleza,379834002,1035,Base
2025-01,T027,Deportes,249890373,1013,Base
2025-01,T027,Electrohogar,215339199,673,Base
2025-01,T027,Jugueteria,89073006,616,Base
2025-01,T027,Moda,145621123,1277,Base
2025-01,T027,Muebles,186389116,644,Base
2025-01,T027,Tecnologia,139681722,1162,Base
2025-01,T028,Alimentos,128696001,250,Base
2025-01,T028,Belleza,417161779,184,Base
2025-01,T028,Deportes,370140061,377,Base
2025-01,T028,Electrohogar,277316220,427,Base
2025-01,T028,Jugueteria,279550094,224,Base
2025-01,T028,Moda,176679921,517,Base
2025-01,T028,Muebles,92152130,974,Base
2025-01,T028,Tecnologia,300723235,758,Base
2025-01,T029,Alimentos,188372179,447,Base
2025-01,T029,Belleza,100225907,1237,Base
2025-01,T029,Deportes,208746243,1055,Base
2025-01,T029,Electrohogar,241441439,808,Base
2025-01,T029,Jugueteria,231137110,624,Base
2025-01,T029,Moda,318458883,1054,Base
2025-01,T029,Muebles,147586500,1209,Base
2025-01,T029,Tecnologia,278266790,494,Base
2025-01,T030,Alimentos,288584443,1043,Base
2025-01,T030,Belleza,213771627,268,Base
2025-01,T030,Deportes,419470500,800,Base
2025-01,T030,Electrohogar,398928372,856,Base
2025-01,T030,Jugueteria,407022049,476,Base
2025-01,T030,Moda,339278305,1022,Base
2025-01,T030,Muebles,62271498,1257,Base
2025-01,T030,Tecnologia,228451008,924,Base
2025-01,T031,Alimentos,237632924,890,Base
2025-01,T031,Belleza,238708301,242,Base
2025-01,T031,Deportes,228277658,282,Base
2025-01,T031,Electrohogar,195225105,1172,Base
2025-01,T031,Jugueteria,104613453,1072,Base
2025-01,T031,Moda,144551995,233,Base
2025-01,T031,Muebles,76736936,1275,Base
2025-01,T031,Tecnologia,340176046,987,Base
2025-01,T032,Alimentos,269122745,891,Base
2025-01,T032,Belleza,71556728,528,Base
2025-01,T032,Deportes,234161692,990,Base
2025-01,T032,Electrohogar,164432928,513,Base
2025-01,T032,Jugueteria,319111927,1236,Base
2025-01,T032,Moda,247974455,1201,Base
2025-01,T032,Muebles,68558858,804,Base
2025-01,T032,Tecnologia,380492836,443,Base
2025-01,T033,Alimentos,123698642,1134,Base
2025-01,T033,Belleza,47431263,223,Base
2025-01,T033,Deportes,379683518,996,Base
2025-01,T033,Electrohogar,416091367,613,Base
2025-01,T033,Jugueteria,298389210,1391,Base
2025-01,T033,Moda,284405594,876,Base
2025-01,T033,Muebles,78517676,125,Base
2025-01,T033,Tecnologia,373897073,709,Base
2025-01,T034,Alimentos,228156380,680,Base
2025-01,T034,Belleza,211798294,1141,Base
2025-01,T034,Deportes,192432973,254,Base
2025-01,T034,Electrohogar,361194286,1138,Base
2025-01,T034,Jugueteria,291530634,177,Base
2025-01,T034,Moda,189987669,389,Base
2025-01,T034,Muebles,65952553,1378,Base
2025-01,T034,Tecnologia,318104730,1014,Base
2025-01,T035,Alimentos,120766724,543,Base
2025-01,T035,Belleza,348192052,287,Base
2025-01,T035,Deportes,232833769,191,Base
2025-01,T035,Electrohogar,251135849,719,Base
2025-01,T035,Jugueteria,129803251,1134,Base
2025-01,T035,Moda,161021797,454,Base
2025-01,T035,Muebles,367916835,164,Base
2025-01,T035,Tecnologia,52006202,304,Base
2025-01,T036,Alimentos,62934974,161,Base
2025-01,T036,Belleza,181501826,1182,Base
2025-01,T036,Deportes,306121342,849,Base
2025-01,T036,Electrohogar,320936038,126,Base
2025-01,T036,Jugueteria,127600939,1149,Base
2025-01,T036,Moda,138077039,146,Base
2025-01,T036,Muebles,384714628,647,Base
2025-01,T036,Tecnologia,121519776,642,Base
2025-01,T037,Alimentos,100521027,199,Base
2025-01,T037,Belleza,154731700,545,Base
2025-01,T037,Deportes,271514634,560,Base
2025-01,T037,Electrohogar,295078886,582,Base
2025-01,T037,Jugueteria,223655111,1308,Base
2025-01,T037,Moda,170807692,206,Base
2025-01,T037,Muebles,79803691,562,Base
2025-01,T037,Tecnologia,214072349,776,Base
2025-01,T038,Alimentos,120169271,187,Base
2025-01,T038,Belleza,64925147,678,Base
2025-01,T038,Deportes,334118106,140,Base
2025-01,T038,Electrohogar,316453037,531,Base
2025-01,T038,Jugueteria,270397465,587,Base
2025-01,T038,Moda,253778478,290,Base
2025-01,T038,Muebles,292613409,1040,Base
2025-01,T038,Tecnologia,401113221,707,Base
2025-01,T039,Alimentos,302314481,1042,Base
2025-01,T039,Belleza,234041111,1379,Base
2025-01,T039,Deportes,80979358,448,Base
2025-01,T039,Electrohogar,59743733,1160,Base
2025-01,T039,Jugueteria,374731772,979,Base
2025-01,T039,Moda,393195234,847,Base
2025-01,T039,Muebles,290873232,134,Base
2025-01,T039,Tecnologia,348019482,434,Base
2025-01,T040,Alimentos,218049312,1044,Base
2025-01,T040,Belleza,91109230,923,Base
2025-01,T040,Deportes,306192783,1087,Base
2025-01,T040,Electrohogar,183964672,141,Base
2025-01,T040,Jugueteria,183743012,437,Base
2025-01,T040,Moda,119683802,181,Base
2025-01,T040,Muebles,82227922,1221,Base
2025-01,T040,Tecnologia,130987294,825,Base
2025-01,T041,Alimentos,383181832,1000,Base
2025-01,T041,Belleza,130163741,1163,Base
2025-01,T041,Deportes,142220933,589,Base
2025-01,T041,Electrohogar,337910575,1069,Base
2025-01,T041,Jugueteria,345811903,730,Base
2025-01,T041,Moda,407273419,473,Base
2025-01,T041,Muebles,235176199,220,Base
2025-01,T041,Tecnologia,355619265,822,Base
2025-01,T042,Alimentos,137306592,970,Base
2025-01,T042,Belleza,65496607,470,Base
2025-01,T042,Deportes,113532504,843,Base
2025-01,T042,Electrohogar,390094907,1239,Base
2025-01,T042,Jugueteria,214944579,1001,Base
2025-01,T042,Moda,327682090,1067,Base
2025-01,T042,Muebles,324535504,1273,Base
2025-01,T042,Tecnologia,351245719,267,Base
2025-01,T043,Alimentos,406459409,464,Base
2025-01,T043,Belleza,376930616,453,Base
2025-01,T043,Deportes,84753787,298,Base
2025-01,T043,Electrohogar,108405983,311,Base
2025-01,T043,Jugueteria,342720259,672,Base
2025-01,T043,Moda,152309412,512,Base
2025-01,T043,Muebles,209530588,1279,Base
2025-01,T043,Tecnologia,249849312,566,Base
2025-01,T044,Alimentos,337069643,542,Base
2025-01,T044,Belleza,232280071,1217,Base
2025-01,T044,Deportes,393156439,497,Base
2025-01,T044,Electrohogar,69869707,1304,Base
2025-01,T044,Jugueteria,121970853,1249,Base
2025-01,T044,Moda,170516899,1064,Base
2025-01,T044,Muebles,109582646,686,Base
2025-01,T044,Tecnologia,131290556,509,Base
2025-01,T045,Alimentos,99793045,1259,Base
2025-01,T045,Belleza,177969457,863,Base
2025-01,T045,Deportes,61579838,1374,Base
2025-01,T045,Electrohogar,415280145,1186,Base
2025-01,T045,Jugueteria,347702580,318,Base
2025-01,T045,Moda,344400357,1263,Base
2025-01,T045,Muebles,191577937,854,Base
2025-01,T045,Tecnologia,404679730,1178,Base
2025-01,T046,Alimentos,398667040,1389,Base
2025-01,T046,Belleza,187295998,292,Base
2025-01,T046,Deportes,173229458,735,Base
2025-01,T046,Electrohogar,266653220,918,Base
2025-01,T046,Jugueteria,60114605,520,Base
2025-01,T046,Moda,167499296,1023,Base
2025-01,T046,Muebles,364314024,349,Base
2025-01,T046,Tecnologia,253349142,380,Base
2025-01,T047,Alimentos,205609222,1157,Base
2025-01,T047,Belleza,119100080,1211,Base
2025-01,T047,Deportes,389784058,219,Base
2025-01,T047,Electrohogar,127751511,404,Base
2025-01,T047,Jugueteria,56152593,182,Base
2025-01,T047,Moda,180793210,893,Base
2025-01,T047,Muebles,125671087,1226,Base
2025-01,T047,Tecnologia,353105104,1232,Base
2025-01,T048,Alimentos,245012279,158,Base
2025-01,T048,Belleza,201333174,713,Base
2025-01,T048,Deportes,333561708,569,Base
2025-01,T048,Electrohogar,333385922,848,Base
2025-01,T048,Jugueteria,46492943,845,Base
2025-01,T048,Moda,349125046,732,Base
2025-01,T048,Muebles,182582532,915,Base
2025-01,T048,Tecnologia,371426737,871,Base
2025-01,T049,Alimentos,121528625,1235,Base
2025-01,T049,Belleza,379653437,554,Base
2025-01,T049,Deportes,92538950,342,Base
2025-01,T049,Electrohogar,71324618,932,Base
2025-01,T049,Jugueteria,116760722,339,Base
2025-01,T049,Moda,322355855,1077,Base
2025-01,T049,Muebles,241093789,374,Base
2025-01,T049,Tecnologia,219086095,1099,Base
2025-01,T050,Alimentos,111614830,528,Base
2025-01,T050,Belleza,262269444,592,Base
2025-01,T050,Deportes,214408222,1310,Base
2025-01,T050,Electrohogar,264951580,266,Base
2025-01,T050,Jugueteria,201033117,499,Base
2025-01,T050,Moda,418013541,714,Base
2025-01,T050,Muebles,188697432,419,Base
2025-01,T050,Tecnologia,105226122,1328,Base
2025-01,T051,Alimentos,254150268,827,Base
2025-01,T051,Belleza,235281621,911,Base
2025-01,T051,Deportes,170679069,701,Base
2025-01,T051,Electrohogar,107119096,1348,Base
2025-01,T051,Jugueteria,342517685,697,Base
2025-01,T051,Moda,364299360,508,Base
2025-01,T051,Muebles,133687915,224,Base
2025-01,T051,Tecnologia,284492834,369,Base
2025-01,T052,Alimentos,329310148,1361,Base
2025-01,T052,Belleza,396371540,219,Base
2025-01,T052,Deportes,178410415,430,Base
2025-01,T052,Electrohogar,206810758,801,Base
2025-01,T052,Jugueteria,400218561,379,Base
2025-01,T052,Moda,157481391,1089,Base
2025-01,T052,Muebles,378107278,1163,Base
2025-01,T052,Tecnologia,347620733,1208,Base
2025-01,T053,Alimentos,398132892,867,Base
2025-01,T053,Belleza,324503037,307,Base
2025-01,T053,Deportes,106140144,642,Base
2025-01,T053,Electrohogar,310788566,683,Base
2025-01,T053,Jugueteria,185978502,194,Base
2025-01,T053,Moda,309462078,871,Base
2025-01,T053,Muebles,151946812,359,Base
2025-01,T053,Tecnologia,49136216,619,Base
2025-01,T054,Alimentos,193532200,243,Base
2025-01,T054,Belleza,305712656,147,Base
2025-01,T054,Deportes,242685505,580,Base
2025-01,T054,Electrohogar,94336727,865,Base
2025-01,T054,Jugueteria,217721812,397,Base
2025-01,T054,Moda,137698004,1093,Base
2025-01,T054,Muebles,225041649,269,Base
2025-01,T054,Tecnologia,243964361,743,Base
2025-01,T055,Alimentos,95220252,379,Base
2025-01,T055,Belleza,245183686,694,Base
2025-01,T055,Deportes,133578862,936,Base
2025-01,T055,Electrohogar,317141832,838,Base
2025-01,T055,Jugueteria,53276063,1282,Base
2025-01,T055,Moda,157843299,1011,Base
2025-01,T055,Muebles,178672289,216,Base
2025-01,T055,Tecnologia,303255193,902,Base
2025-01,T056,Alimentos,277307931,1106,Base
2025-01,T056,Belleza,215269684,560,Base
2025-01,T056,Deportes,147586799,1015,Base
2025-01,T056,Electrohogar,256091145,345,Base
2025-01,T056,Jugueteria,70739641,1374,Base
2025-01,T056,Moda,163059256,1376,Base
2025-01,T056,Muebles,80726131,1368,Base
2025-01,T056,Tecnologia,202063353,605,Base
2025-01,T057,Alimentos,393676108,1245,Base
2025-01,T057,Belleza,354236271,572,Base
2025-01,T057,Deportes,76102917,1218,Base
2025-01,T057,Electrohogar,98319525,838,Base
2025-01,T057,Jugueteria,262294326,1385,Base
2025-01,T057,Moda,366948030,666,Base
2025-01,T057,Muebles,60086518,1342,Base
2025-01,T057,Tecnologia,374931864,687,Base
2025-01,T058,Alimentos,239920189,1264,Base
2025-01,T058,Belleza,74940988,674,Base
2025-01,T058,Deportes,253565477,832,Base
2025-01,T058,Electrohogar,182324654,196,Base
2025-01,T058,Jugueteria,345107016,754,Base
2025-01,T058,Moda,403159552,381,Base
2025-01,T058,Muebles,358859695,1318,Base
2025-01,T058,Tecnologia,82576828,782,Base
2025-01,T059,Alimentos,338327444,1314,Base
2025-01,T059,Belleza,124306541,1336,Base
2025-01,T059,Deportes,142933333,1380,Base
2025-01,T059,Electrohogar,107940997,1249,Base
2025-01,T059,Jugueteria,52104104,1052,Base
2025-01,T059,Moda,346853040,1009,Base
2025-01,T059,Muebles,245609926,582,Base
2025-01,T059,Tecnologia,123127206,653,Base
2025-01,T060,Alimentos,112050051,187,Base
2025-01,T060,Belleza,387474275,269,Base
2025-01,T060,Deportes,110364115,696,Base
2025-01,T060,Electrohogar,280046336,978,Base
2025-01,T060,Jugueteria,393674664,466,Base
2025-01,T060,Moda,171048036,1040,Base
2025-01,T060,Muebles,271448449,311,Base
2025-01,T060,Tecnologia,150511181,818,Base
2025-02,T001,Alimentos,148358079,438,Base
2025-02,T001,Belleza,367755823,507,Base
2025-02,T001,Deportes,87917049,589,Base
2025-02,T001,Electrohogar,135043326,354,Base
2025-02,T001,Jugueteria,249269429,901,Base
2025-02,T001,Moda,411110699,257,Base
2025-02,T001,Muebles,399883291,860,Base
2025-02,T001,Tecnologia,340842440,1041,Base
2025-02,T002,Alimentos,69437872,363,Base
2025-02,T002,Belleza,159405273,1358,Base
2025-02,T002,Deportes,91116933,900,Base
2025-02,T002,Electrohogar,100276312,128,Base
2025-02,T002,Jugueteria,345749504,572,Base
2025-02,T002,Moda,345973258,802,Base
2025-02,T002,Muebles,256336604,712,Base
2025-02,T002,Tecnologia,119467009,480,Base
2025-02,T003,Alimentos,375554971,419,Base
2025-02,T003,Belleza,93739373,532,Base
2025-02,T003,Deportes,410198968,1021,Base
2025-02,T003,Electrohogar,140416175,1055,Base
2025-02,T003,Jugueteria,97642660,479,Base
2025-02,T003,Moda,350377899,756,Base
2025-02,T003,Muebles,253930472,1368,Base
2025-02,T003,Tecnologia,304024347,202,Base
2025-02,T004,Alimentos,337084830,695,Base
2025-02,T004,Belleza,102519974,919,Base
2025-02,T004,Deportes,311168112,1300,Base
2025-02,T004,Electrohogar,253012583,412,Base
2025-02,T004,Jugueteria,57082855,583,Base
2025-02,T004,Moda,193799411,632,Base
2025-02,T004,Muebles,279308120,199,Base
2025-02,T004,Tecnologia,114557212,1072,Base
2025-02,T005,Alimentos,129306424,648,Base
2025-02,T005,Belleza,416499996,146,Base
2025-02,T005,Deportes,126796263,467,Base
2025-02,T005,Electrohogar,115582292,760,Base
2025-02,T005,Jugueteria,378135882,838,Base
2025-02,T005,Moda,199677601,336,Base
2025-02,T005,Muebles,307778270,380,Base
2025-02,T005,Tecnologia,218533134,124,Base
2025-02,T006,Alimentos,221136394,809,Base
2025-02,T006,Belleza,410992151,139,Base
2025-02,T006,Deportes,312567247,753,Base
2025-02,T006,Electrohogar,288213301,902,Base
2025-02,T006,Jugueteria,333706564,200,Base
2025-02,T006,Moda,412796896,1143,Base
2025-02,T006,Muebles,355256109,1041,Base
2025-02,T006,Tecnologia,63819707,471,Base
2025-02,T007,Alimentos,228585703,329,Base
2025-02,T007,Belleza,318048089,455,Base
2025-02,T007,Deportes,246409901,1139,Base
2025-02,T007,Electrohogar,78410843,1117,Base
2025-02,T007,Jugueteria,400899806,1103,Base
2025-02,T007,Moda,57994528,924,Base
2025-02,T007,Muebles,221040298,1279,Base
2025-02,T007,Tecnologia,171291272,1213,Base
2025-02,T008,Alimentos,71008452,203,Base
2025-02,T008,Belleza,120541784,619,Base
2025-02,T008,Deportes,130982630,848,Base
2025-02,T008,Electrohogar,211714187,174,Base
2025-02,T008,Jugueteria,328730953,532,Base
2025-02,T008,Moda,339117783,1359,Base
2025-02,T008,Muebles,347903853,213,Base
2025-02,T008,Tecnologia,173977009,1341,Base
2025-02,T009,Alimentos,230782072,1089,Base
2025-02,T009,Belleza,348107719,264,Base
2025-02,T009,Deportes,145081193,914,Base
2025-02,T009,Electrohogar,356421085,499,Base
2025-02,T009,Jugueteria,100153677,616,Base
2025-02,T009,Moda,334074422,290,Base
2025-02,T009,Muebles,112030483,631,Base
2025-02,T009,Tecnologia,100365832,1086,Base
2025-02,T010,Alimentos,210448548,223,Base
2025-02,T010,Belleza,181521854,683,Base
2025-02,T010,Deportes,240049594,1048,Base
2025-02,T010,Electrohogar,119414815,917,Base
2025-02,T010,Jugueteria,279750474,1323,Base
2025-02,T010,Moda,183493562,1281,Base
2025-02,T010,Muebles,419789115,745,Base
2025-02,T010,Tecnologia,131645922,982,Base
2025-02,T011,Alimentos,270099047,805,Base
2025-02,T011,Belleza,215520601,378,Base
2025-02,T011,Deportes,113137734,156,Base
2025-02,T011,Electrohogar,210220906,499,Base
2025-02,T011,Jugueteria,92038655,875,Base
2025-02,T011,Moda,124990743,208,Base
2025-02,T011,Muebles,64338474,961,Base
2025-02,T011,Tecnologia,319986194,1059,Base
2025-02,T012,Alimentos,396575444,1294,Base
2025-02,T012,Belleza,256489230,500,Base
2025-02,T012,Deportes,243702751,263,Base
2025-02,T012,Electrohogar,179685507,980,Base
2025-02,T012,Jugueteria,349449183,1056,Base
2025-02,T012,Moda,320499543,1370,Base
2025-02,T012,Muebles,187666140,697,Base
2025-02,T012,Tecnologia,343693594,653,Base
2025-02,T013,Alimentos,289118884,734,Base
2025-02,T013,Belleza,132069625,1293,Base
2025-02,T013,Deportes,226018263,130,Base
2025-02,T013,Electrohogar,338716404,839,Base
2025-02,T013,Jugueteria,348605446,759,Base
2025-02,T013,Moda,366212913,359,Base
2025-02,T013,Muebles,83615284,792,Base
2025-02,T013,Tecnologia,195365082,1369,Base
2025-02,T014,Alimentos,117543199,1050,Base
2025-02,T014,Belleza,128091505,193,Base
2025-02,T014,Deportes,56932121,690,Base
2025-02,T014,Electrohogar,101090334,1337,Base
2025-02,T014,Jugueteria,233869919,505,Base
2025-02,T014,Moda,99947923,765,Base
2025-02,T014,Muebles,267512088,614,Base
2025-02,T014,Tecnologia,86368888,1314,Base
2025-02,T015,Alimentos,375520755,667,Base
2025-02,T015,Belleza,302278114,1389,Base
2025-02,T015,Deportes,388497776,721,Base
2025-02,T015,Electrohogar,99076723,1310,Base
2025-02,T015,Jugueteria,206185737,1309,Base
2025-02,T015,Moda,115934508,287,Base
2025-02,T015,Muebles,133170315,1099,Base
2025-02,T015,Tecnologia,95981028,287,Base
2025-02,T016,Alimentos,193915084,936,Base
2025-02,T016,Belleza,252608825,1249,Base
2025-02,T016,Deportes,128601832,191,Base
2025-02,T016,Electrohogar,128965677,665,Base
2025-02,T016,Jugueteria,389509713,551,Base
2025-02,T016,Moda,371861569,1328,Base
2025-02,T016,Muebles,147751133,639,Base
2025-02,T016,Tecnologia,273295772,704,Base
2025-02,T017,Alimentos,299543413,534,Base
2025-02,T017,Belleza,313713214,1294,Base
2025-02,T017,Deportes,210402290,684,Base
2025-02,T017,Electrohogar,343448513,1287,Base
2025-02,T017,Jugueteria,151545367,859,Base
2025-02,T017,Moda,299012941,340,Base
2025-02,T017,Muebles,288221144,724,Base
2025-02,T017,Tecnologia,338028041,489,Base
2025-02,T018,Alimentos,153868825,1121,Base
2025-02,T018,Belleza,173404931,1117,Base
2025-02,T018,Deportes,285503590,142,Base
2025-02,T018,Electrohogar,362419254,1056,Base
2025-02,T018,Jugueteria,341002810,483,Base
2025-02,T018,Moda,229610842,666,Base
2025-02,T018,Muebles,86388986,927,Base
2025-02,T018,Tecnologia,83398435,701,Base
2025-02,T019,Alimentos,203374009,565,Base
2025-02,T019,Belleza,402990882,846,Base
2025-02,T019,Deportes,382679444,436,Base
2025-02,T019,Electrohogar,264955416,506,Base
2025-02,T019,Jugueteria,372753198,335,Base
2025-02,T019,Moda,71549409,1244,Base
2025-02,T019,Muebles,280843175,588,Base
2025-02,T019,Tecnologia,55174829,1229,Base
2025-02,T020,Alimentos,300928877,349,Base
2025-02,T020,Belleza,139696762,833,Base
2025-02,T020,Deportes,261560981,366,Base
2025-02,T020,Electrohogar,361670660,1045,Base
2025-02,T020,Jugueteria,315618415,732,Base
2025-02,T020,Moda,54709811,829,Base
2025-02,T020,Muebles,200831154,137,Base
2025-02,T020,Tecnologia,308927609,1084,Base
2025-02,T021,Alimentos,58733163,252,Base
2025-02,T021,Belleza,235062855,1097,Base
2025-02,T021,Deportes,319932478,1398,Base
2025-02,T021,Electrohogar,156798222,1111,Base
2025-02,T021,Jugueteria,112610207,1209,Base
2025-02,T021,Moda,146255394,343,Base
2025-02,T021,Muebles,55072394,532,Base
2025-02,T021,Tecnologia,359728544,362,Base
2025-02,T022,Alimentos,182206993,1103,Base
2025-02,T022,Belleza,105902995,868,Base
2025-02,T022,Deportes,91281450,985,Base
2025-02,T022,Electrohogar,301942287,977,Base
2025-02,T022,Jugueteria,194928781,443,Base
2025-02,T022,Moda,287056892,487,Base
2025-02,T022,Muebles,54651886,403,Base
2025-02,T022,Tecnologia,79421033,1038,Base
2025-02,T023,Alimentos,142855230,771,Base
2025-02,T023,Belleza,54525154,124,Base
2025-02,T023,Deportes,270167013,554,Base
2025-02,T023,Electrohogar,68053611,773,Base
2025-02,T023,Jugueteria,193238228,1159,Base
2025-02,T023,Moda,196031836,1024,Base
2025-02,T023,Muebles,256396455,899,Base
2025-02,T023,Tecnologia,337697502,1282,Base
2025-02,T024,Alimentos,393679383,198,Base
2025-02,T024,Belleza,315421107,467,Base
2025-02,T024,Deportes,366599702,1001,Base
2025-02,T024,Electrohogar,109259696,162,Base
2025-02,T024,Jugueteria,110097165,236,Base
2025-02,T024,Moda,97208898,473,Base
2025-02,T024,Muebles,58047970,304,Base
2025-02,T024,Tecnologia,328257756,854,Base
2025-02,T025,Alimentos,134767916,416,Base
2025-02,T025,Belleza,285851987,424,Base
2025-02,T025,Deportes,271218696,193,Base
2025-02,T025,Electrohogar,143204208,1033,Base
2025-02,T025,Jugueteria,244332544,123,Base
2025-02,T025,Moda,59670613,402,Base
2025-02,T025,Muebles,404126641,1388,Base
2025-02,T025,Tecnologia,74120626,1201,Base
2025-02,T026,Alimentos,263185490,625,Base
2025-02,T026,Belleza,114103615,1148,Base
2025-02,T026,Deportes,289559933,265,Base
2025-02,T026,Electrohogar,163820325,573,Base
2025-02,T026,Jugueteria,352129410,169,Base
2025-02,T026,Moda,311142649,537,Base
2025-02,T026,Muebles,250351378,658,Base
2025-02,T026,Tecnologia,111414327,853,Base
2025-02,T027,Alimentos,166917460,168,Base
2025-02,T027,Belleza,142943988,1221,Base
2025-02,T027,Deportes,340155035,1189,Base
2025-02,T027,Electrohogar,254241290,583,Base
2025-02,T027,Jugueteria,411430687,1128,Base
2025-02,T027,Moda,73217152,473,Base
2025-02,T027,Muebles,371772974,1268,Base
2025-02,T027,Tecnologia,288000154,457,Base
2025-02,T028,Alimentos,160165964,1008,Base
2025-02,T028,Belleza,280771964,413,Base
2025-02,T028,Deportes,354281826,586,Base
2025-02,T028,Electrohogar,274413173,290,Base
2025-02,T028,Jugueteria,202656812,594,Base
2025-02,T028,Moda,409872866,976,Base
2025-02,T028,Muebles,76128433,1257,Base
2025-02,T028,Tecnologia,47433856,281,Base
2025-02,T029,Alimentos,145766032,1141,Base
2025-02,T029,Belleza,176144816,626,Base
2025-02,T029,Deportes,70087173,1135,Base
2025-02,T029,Electrohogar,254465426,530,Base
2025-02,T029,Jugueteria,306562440,327,Base
2025-02,T029,Moda,371573015,952,Base
2025-02,T029,Muebles,159768489,241,Base
2025-02,T029,Tecnologia,218771207,733,Base
2025-02,T030,Alimentos,279807951,538,Base
2025-02,T030,Belleza,140929590,686,Base
2025-02,T030,Deportes,396718022,1177,Base
2025-02,T030,Electrohogar,350174499,312,Base
2025-02,T030,Jugueteria,390746121,889,Base
2025-02,T030,Moda,114768661,380,Base
2025-02,T030,Muebles,138559574,1156,Base
2025-02,T030,Tecnologia,419491024,1362,Base
2025-02,T031,Alimentos,246290700,870,Base
2025-02,T031,Belleza,368582496,944,Base
2025-02,T031,Deportes,371397529,508,Base
2025-02,T031,Electrohogar,326192123,764,Base
2025-02,T031,Jugueteria,407953767,1128,Base
2025-02,T031,Moda,55285917,325,Base
2025-02,T031,Muebles,138001435,162,Base
2025-02,T031,Tecnologia,98906075,987,Base
2025-02,T032,Alimentos,210656338,430,Base
2025-02,T032,Belleza,65984493,1038,Base
2025-02,T032,Deportes,274510810,1209,Base
2025-02,T032,Electrohogar,331029373,1125,Base
2025-02,T032,Jugueteria,260695565,679,Base
2025-02,T032,Moda,253036579,337,Base
2025-02,T032,Muebles,368508943,477,Base
2025-02,T032,Tecnologia,406576613,286,Base
2025-02,T033,Alimentos,180094139,1097,Base
2025-02,T033,Belleza,193175639,314,Base
2025-02,T033,Deportes,354375803,974,Base
2025-02,T033,Electrohogar,110003008,126,Base
2025-02,T033,Jugueteria,335560189,652,Base
2025-02,T033,Moda,51806079,464,Base
2025-02,T033,Muebles,314018025,1055,Base
2025-02,T033,Tecnologia,398200770,1071,Base
2025-02,T034,Alimentos,391150580,1392,Base
2025-02,T034,Belleza,305250783,1039,Base
2025-02,T034,Deportes,221833159,1385,Base
2025-02,T034,Electrohogar,404242620,1330,Base
2025-02,T034,Jugueteria,145379187,128,Base
2025-02,T034,Moda,239466235,631,Base
2025-02,T034,Muebles,246246300,572,Base
2025-02,T034,Tecnologia,374159970,165,Base
2025-02,T035,Alimentos,374221693,521,Base
2025-02,T035,Belleza,279172312,674,Base
2025-02,T035,Deportes,389050110,1339,Base
2025-02,T035,Electrohogar,156976967,1187,Base
2025-02,T035,Jugueteria,360663922,1136,Base
2025-02,T035,Moda,141285716,755,Base
2025-02,T035,Muebles,96817455,1073,Base
2025-02,T035,Tecnologia,241520157,686,Base
2025-02,T036,Alimentos,116213781,243,Base
2025-02,T036,Belleza,290946672,957,Base
2025-02,T036,Deportes,154543223,914,Base
2025-02,T036,Electrohogar,77741349,1367,Base
2025-02,T036,Jugueteria,51216417,583,Base
2025-02,T036,Moda,121310338,227,Base
2025-02,T036,Muebles,252394710,1181,Base
2025-02,T036,Tecnologia,339916628,1143,Base
2025-02,T037,Alimentos,168752780,851,Base
2025-02,T037,Belleza,391363636,1237,Base
2025-02,T037,Deportes,322949845,336,Base
2025-02,T037,Electrohogar,99633577,731,Base
2025-02,T037,Jugueteria,315079736,158,Base
2025-02,T037,Moda,380194709,1396,Base
2025-02,T037,Muebles,103359461,1143,Base
2025-02,T037,Tecnologia,220755490,1324,Base
2025-02,T038,Alimentos,351289775,1304,Base
2025-02,T038,Belleza,209883474,968,Base
2025-02,T038,Deportes,160312817,1182,Base
2025-02,T038,Electrohogar,265307714,348,Base
2025-02,T038,Jugueteria,118030244,611,Base
2025-02,T038,Moda,347059730,678,Base
2025-02,T038,Muebles,86663536,437,Base
2025-02,T038,Tecnologia,400053158,164,Base
2025-02,T039,Alimentos,109469674,478,Base
2025-02,T039,Belleza,276260386,1315,Base
2025-02,T039,Deportes,224339489,226,Base
2025-02,T039,Electrohogar,412159948,1074,Base
2025-02,T039,Jugueteria,60214373,1208,Base
2025-02,T039,Moda,179779567,1065,Base
2025-02,T039,Muebles,253619769,1198,Base
2025-02,T039,Tecnologia,148562759,1347,Base
2025-02,T040,Alimentos,313050609,336,Base
2025-02,T040,Belleza,209083285,375,Base
2025-02,T040,Deportes,78026579,1227,Base
2025-02,T040,Electrohogar,195427835,388,Base
2025-02,T040,Jugueteria,206183133,198,Base
2025-02,T040,Moda,390051272,443,Base
2025-02,T040,Muebles,249794460,678,Base
2025-02,T040,Tecnologia,413266605,769,Base
2025-02,T041,Alimentos,205741677,719,Base
2025-02,T041,Belleza,273558912,774,Base
2025-02,T041,Deportes,318003593,368,Base
2025-02,T041,Electrohogar,413377113,1127,Base
2025-02,T041,Jugueteria,106002790,1069,Base
2025-02,T041,Moda,382475135,601,Base
2025-02,T041,Muebles,368516635,684,Base
2025-02,T041,Tecnologia,236090609,133,Base
2025-02,T042,Alimentos,255152993,1370,Base
2025-02,T042,Belleza,129930356,453,Base
2025-02,T042,Deportes,234221254,1263,Base
2025-02,T042,Electrohogar,235663925,1003,Base
2025-02,T042,Jugueteria,278864334,765,Base
2025-02,T042,Moda,61007555,638,Base
2025-02,T042,Muebles,388813445,1209,Base
2025-02,T042,Tecnologia,87248878,1251,Base
2025-02,T043,Alimentos,92865535,1177,Base
2025-02,T043,Belleza,162854539,196,Base
2025-02,T043,Deportes,347206524,1129,Base
2025-02,T043,Electrohogar,230234106,916,Base
2025-02,T043,Jugueteria,391023715,1132,Base
2025-02,T043,Moda,408735702,682,Base
2025-02,T043,Muebles,324680645,329,Base
2025-02,T043,Tecnologia,254169338,624,Base
2025-02,T044,Alimentos,168131449,1247,Base
2025-02,T044,Belleza,86255535,132,Base
2025-02,T044,Deportes,317498248,137,Base
2025-02,T044,Electrohogar,223482795,395,Base
2025-02,T044,Jugueteria,96415198,1062,Base
2025-02,T044,Moda,137546014,1147,Base
2025-02,T044,Muebles,390176697,802,Base
2025-02,T044,Tecnologia,116501911,1282,Base
2025-02,T045,Alimentos,288934166,1122,Base
2025-02,T045,Belleza,348034788,548,Base
2025-02,T045,Deportes,382143521,608,Base
2025-02,T045,Electrohogar,377797398,497,Base
2025-02,T045,Jugueteria,354053144,929,Base
2025-02,T045,Moda,112094578,478,Base
2025-02,T045,Muebles,310365392,1070,Base
2025-02,T045,Tecnologia,52668847,666,Base
2025-02,T046,Alimentos,398429304,1340,Base
2025-02,T046,Belleza,115383645,1054,Base
2025-02,T046,Deportes,368659789,127,Base
2025-02,T046,Electrohogar,310294513,653,Base
2025-02,T046,Jugueteria,297934933,1027,Base
2025-02,T046,Moda,126720373,1318,Base
2025-02,T046,Muebles,392205312,686,Base
2025-02,T046,Tecnologia,141780315,179,Base
2025-02,T047,Alimentos,69003879,231,Base
2025-02,T047,Belleza,176152439,705,Base
2025-02,T047,Deportes,360473137,722,Base
2025-02,T047,Electrohogar,412322787,701,Base
2025-02,T047,Jugueteria,216212142,830,Base
2025-02,T047,Moda,345401856,766,Base
2025-02,T047,Muebles,211531312,1274,Base
2025-02,T047,Tecnologia,392623380,585,Base
2025-02,T048,Alimentos,203066660,527,Base
2025-02,T048,Belleza,249949529,202,Base
2025-02,T048,Deportes,176075222,640,Base
2025-02,T048,Electrohogar,274898569,968,Base
2025-02,T048,Jugueteria,256638530,789,Base
2025-02,T048,Moda,61524183,441,Base
2025-02,T048,Muebles,391485685,629,Base
2025-02,T048,Tecnologia,382172723,1235,Base
2025-02,T049,Alimentos,281024227,423,Base
2025-02,T049,Belleza,389411618,1034,Base
2025-02,T049,Deportes,324164962,853,Base
2025-02,T049,Electrohogar,64673563,405,Base
2025-02,T049,Jugueteria,155114015,347,Base
2025-02,T049,Moda,324875840,623,Base
2025-02,T049,Muebles,170227635,364,Base
2025-02,T049,Tecnologia,394955646,237,Base
2025-02,T050,Alimentos,294706158,885,Base
2025-02,T050,Belleza,64901263,269,Base
2025-02,T050,Deportes,150353525,463,Base
2025-02,T050,Electrohogar,121617689,934,Base
2025-02,T050,Jugueteria,271245184,750,Base
2025-02,T050,Moda,153271259,765,Base
2025-02,T050,Muebles,182927237,1105,Base
2025-02,T050,Tecnologia,157252489,696,Base
2025-02,T051,Alimentos,348119043,595,Base
2025-02,T051,Belleza,353691403,605,Base
2025-02,T051,Deportes,80471441,935,Base
2025-02,T051,Electrohogar,409716980,656,Base
2025-02,T051,Jugueteria,215674110,338,Base
2025-02,T051,Moda,51712770,934,Base
2025-02,T051,Muebles,410354861,832,Base
2025-02,T051,Tecnologia,272045572,938,Base
2025-02,T052,Alimentos,101387873,260,Base
2025-02,T052,Belleza,346392071,1297,Base
2025-02,T052,Deportes,203667107,1095,Base
2025-02,T052,Electrohogar,413298969,500,Base
2025-02,T052,Jugueteria,396715203,374,Base
2025-02,T052,Moda,250362845,623,Base
2025-02,T052,Muebles,119422003,241,Base
2025-02,T052,Tecnologia,123374819,1260,Base
2025-02,T053,Alimentos,55448342,1004,Base
2025-02,T053,Belleza,286321505,1262,Base
2025-02,T053,Deportes,331687044,834,Base
2025-02,T053,Electrohogar,271417434,1158,Base
2025-02,T053,Jugueteria,137448525,1236,Base
2025-02,T053,Moda,331004192,1012,Base
2025-02,T053,Muebles,75172330,1190,Base
2025-02,T053,Tecnologia,356832936,936,Base
2025-02,T054,Alimentos,132883993,129,Base
2025-02,T054,Belleza,359592649,293,Base
2025-02,T054,Deportes,293820487,821,Base
2025-02,T054,Electrohogar,150745577,1189,Base
2025-02,T054,Jugueteria,366657699,201,Base
2025-02,T054,Moda,393916301,1338,Base
2025-02,T054,Muebles,161615751,617,Base
2025-02,T054,Tecnologia,79052637,747,Base
2025-02,T055,Alimentos,320061021,1338,Base
2025-02,T055,Belleza,199619089,893,Base
2025-02,T055,Deportes,108039102,561,Base
2025-02,T055,Electrohogar,275859150,738,Base
2025-02,T055,Jugueteria,45045626,1333,Base
2025-02,T055,Moda,163868654,263,Base
2025-02,T055,Muebles,127982935,1398,Base
2025-02,T055,Tecnologia,83359986,325,Base
2025-02,T056,Alimentos,218985440,358,Base
2025-02,T056,Belleza,105255479,1057,Base
2025-02,T056,Deportes,263048154,1251,Base
2025-02,T056,Electrohogar,372085192,179,Base
2025-02,T056,Jugueteria,325548480,1294,Base
2025-02,T056,Moda,244275729,213,Base
2025-02,T056,Muebles,337397836,831,Base
2025-02,T056,Tecnologia,57530641,158,Base
2025-02,T057,Alimentos,338308327,686,Base
2025-02,T057,Belleza,78239362,692,Base
2025-02,T057,Deportes,192714690,1089,Base
2025-02,T057,Electrohogar,244983409,915,Base
2025-02,T057,Jugueteria,199489228,432,Base
2025-02,T057,Moda,217560810,225,Base
2025-02,T057,Muebles,52769541,287,Base
2025-02,T057,Tecnologia,165736449,823,Base
2025-02,T058,Alimentos,344444194,598,Base
2025-02,T058,Belleza,300603799,226,Base
2025-02,T058,Deportes,312661875,849,Base
2025-02,T058,Electrohogar,260296200,299,Base
2025-02,T058,Jugueteria,293409752,999,Base
2025-02,T058,Moda,225436481,653,Base
2025-02,T058,Muebles,292402044,131,Base
2025-02,T058,Tecnologia,203732023,121,Base
2025-02,T059,Alimentos,133377698,872,Base
2025-02,T059,Belleza,378145434,256,Base
2025-02,T059,Deportes,64909214,346,Base
2025-02,T059,Electrohogar,343471097,759,Base
2025-02,T059,Jugueteria,145179184,1027,Base
2025-02,T059,Moda,402095512,695,Base
2025-02,T059,Muebles,137226692,1022,Base
2025-02,T059,Tecnologia,47322664,1309,Base
2025-02,T060,Alimentos,326070018,237,Base
2025-02,T060,Belleza,257224458,249,Base
2025-02,T060,Deportes,98592233,458,Base
2025-02,T060,Electrohogar,341330618,787,Base
2025-02,T060,Jugueteria,408551122,1011,Base
2025-02,T060,Moda,252195148,716,Base
2025-02,T060,Muebles,399816034,1109,Base
2025-02,T060,Tecnologia,164324199,1145,Base
2025-03,T001,Alimentos,397459419,857,Base
2025-03,T001,Belleza,406240182,829,Base
2025-03,T001,Deportes,291592362,838,Base
2025-03,T001,Electrohogar,275594855,626,Base
2025-03,T001,Jugueteria,244427709,879,Base
2025-03,T001,Moda,101002144,558,Base
2025-03,T001,Muebles,63657806,438,Base
2025-03,T001,Tecnologia,67645752,349,Base
2025-03,T002,Alimentos,242707765,514,Base
2025-03,T002,Belleza,142643488,323,Base
2025-03,T002,Deportes,153542781,800,Base
2025-03,T002,Electrohogar,200430407,1100,Base
2025-03,T002,Jugueteria,366320827,392,Base
2025-03,T002,Moda,204563574,474,Base
2025-03,T002,Muebles,96947052,819,Base
2025-03,T002,Tecnologia,144071211,1344,Base
2025-03,T003,Alimentos,201750673,1070,Base
2025-03,T003,Belleza,244826956,707,Base
2025-03,T003,Deportes,403484987,772,Base
2025-03,T003,Electrohogar,407970489,525,Base
2025-03,T003,Jugueteria,49227673,1221,Base
2025-03,T003,Moda,134324595,1064,Base
2025-03,T003,Muebles,260950524,772,Base
2025-03,T003,Tecnologia,156003698,796,Base
2025-03,T004,Alimentos,328238700,856,Base
2025-03,T004,Belleza,260006049,1273,Base
2025-03,T004,Deportes,88532188,534,Base
2025-03,T004,Electrohogar,351458673,1088,Base
2025-03,T004,Jugueteria,131373930,473,Base
2025-03,T004,Moda,122780082,409,Base
2025-03,T004,Muebles,320791403,1257,Base
2025-03,T004,Tecnologia,294986204,480,Base
2025-03,T005,Alimentos,99311806,1245,Base
2025-03,T005,Belleza,242538755,1201,Base
2025-03,T005,Deportes,314377258,724,Base
2025-03,T005,Electrohogar,121746098,1278,Base
2025-03,T005,Jugueteria,162262750,279,Base
2025-03,T005,Moda,161681797,305,Base
2025-03,T005,Muebles,401420704,747,Base
2025-03,T005,Tecnologia,166489910,1298,Base
2025-03,T006,Alimentos,134957635,730,Base
2025-03,T006,Belleza,224947926,136,Base
2025-03,T006,Deportes,89302433,834,Base
2025-03,T006,Electrohogar,398804472,807,Base
2025-03,T006,Jugueteria,365244527,863,Base
2025-03,T006,Moda,100651312,176,Base
2025-03,T006,Muebles,315492638,1227,Base
2025-03,T006,Tecnologia,65814625,907,Base
2025-03,T007,Alimentos,203310198,1050,Base
2025-03,T007,Belleza,337891999,858,Base
2025-03,T007,Deportes,278877367,1185,Base
2025-03,T007,Electrohogar,391659088,1321,Base
2025-03,T007,Jugueteria,384449992,268,Base
2025-03,T007,Moda,135409840,1261,Base
2025-03,T007,Muebles,301588099,920,Base
2025-03,T007,Tecnologia,410521101,1264,Base
2025-03,T008,Alimentos,320535783,1359,Base
2025-03,T008,Belleza,417070271,1192,Base
2025-03,T008,Deportes,299164618,299,Base
2025-03,T008,Electrohogar,87679440,1054,Base
2025-03,T008,Jugueteria,114537675,1085,Base
2025-03,T008,Moda,239609091,1171,Base
2025-03,T008,Muebles,215966629,537,Base
2025-03,T008,Tecnologia,373377210,416,Base
2025-03,T009,Alimentos,79572979,531,Base
2025-03,T009,Belleza,391234696,318,Base
2025-03,T009,Deportes,229123762,1084,Base
2025-03,T009,Electrohogar,215806372,1347,Base
2025-03,T009,Jugueteria,281596800,134,Base
2025-03,T009,Moda,111267510,986,Base
2025-03,T009,Muebles,355032591,1037,Base
2025-03,T009,Tecnologia,79096486,1035,Base
2025-03,T010,Alimentos,331162969,558,Base
2025-03,T010,Belleza,331859574,364,Base
2025-03,T010,Deportes,46132430,388,Base
2025-03,T010,Electrohogar,94798715,1155,Base
2025-03,T010,Jugueteria,169154150,612,Base
2025-03,T010,Moda,202250050,479,Base
2025-03,T010,Muebles,347483978,500,Base
2025-03,T010,Tecnologia,196559385,1282,Base
2025-03,T011,Alimentos,49412718,1222,Base
2025-03,T011,Belleza,102476250,546,Base
2025-03,T011,Deportes,109689087,1157,Base
2025-03,T011,Electrohogar,287751326,504,Base
2025-03,T011,Jugueteria,396988954,472,Base
2025-03,T011,Moda,99257090,988,Base
2025-03,T011,Muebles,350568307,1029,Base
2025-03,T011,Tecnologia,167816092,413,Base
2025-03,T012,Alimentos,388215059,1081,Base
2025-03,T012,Belleza,178614092,495,Base
2025-03,T012,Deportes,372024851,1287,Base
2025-03,T012,Electrohogar,317479382,276,Base
2025-03,T012,Jugueteria,73512503,1024,Base
2025-03,T012,Moda,261608739,384,Base
2025-03,T012,Muebles,274723091,1395,Base
2025-03,T012,Tecnologia,94077456,497,Base
2025-03,T013,Alimentos,282445818,654,Base
2025-03,T013,Belleza,267415919,1091,Base
2025-03,T013,Deportes,77532982,903,Base
2025-03,T013,Electrohogar,266513460,810,Base
2025-03,T013,Jugueteria,142787059,1353,Base
2025-03,T013,Moda,410625860,329,Base
2025-03,T013,Muebles,368019357,1222,Base
2025-03,T013,Tecnologia,65285679,1097,Base
2025-03,T014,Alimentos,258374258,1049,Base
2025-03,T014,Belleza,128901876,1274,Base
2025-03,T014,Deportes,149872379,464,Base
2025-03,T014,Electrohogar,201582203,347,Base
2025-03,T014,Jugueteria,178566034,400,Base
2025-03,T014,Moda,213321543,467,Base
2025-03,T014,Muebles,64908467,637,Base
2025-03,T014,Tecnologia,254069540,216,Base
2025-03,T015,Alimentos,164985452,1111,Base
2025-03,T015,Belleza,339780930,411,Base
2025-03,T015,Deportes,349033247,1351,Base
2025-03,T015,Electrohogar,187344988,1094,Base
2025-03,T015,Jugueteria,93747510,1128,Base
2025-03,T015,Moda,388486219,490,Base
2025-03,T015,Muebles,86768200,593,Base
2025-03,T015,Tecnologia,404406329,1158,Base
2025-03,T016,Alimentos,378663959,1070,Base
2025-03,T016,Belleza,393930004,597,Base
2025-03,T016,Deportes,292047703,323,Base
2025-03,T016,Electrohogar,63269219,988,Base
2025-03,T016,Jugueteria,237486675,965,Base
2025-03,T016,Moda,239103118,311,Base
2025-03,T016,Muebles,71062693,207,Base
2025-03,T016,Tecnologia,253002486,448,Base
2025-03,T017,Alimentos,292411372,175,Base
2025-03,T017,Belleza,333901088,1004,Base
2025-03,T017,Deportes,58562024,918,Base
2025-03,T017,Electrohogar,368862645,770,Base
2025-03,T017,Jugueteria,408693958,511,Base
2025-03,T017,Moda,164473501,573,Base
2025-03,T017,Muebles,216131968,922,Base
2025-03,T017,Tecnologia,384074137,902,Base
2025-03,T018,Alimentos,311172451,461,Base
2025-03,T018,Belleza,57636957,499,Base
2025-03,T018,Deportes,345924701,944,Base
2025-03,T018,Electrohogar,205790206,485,Base
2025-03,T018,Jugueteria,333988787,1294,Base
2025-03,T018,Moda,197902887,1343,Base
2025-03,T018,Muebles,156686595,825,Base
2025-03,T018,Tecnologia,86118363,447,Base
2025-03,T019,Alimentos,306959728,628,Base
2025-03,T019,Belleza,114699627,447,Base
2025-03,T019,Deportes,275855621,1288,Base
2025-03,T019,Electrohogar,265338894,343,Base
2025-03,T019,Jugueteria,111743427,1265,Base
2025-03,T019,Moda,256703031,1028,Base
2025-03,T019,Muebles,346194168,1336,Base
2025-03,T019,Tecnologia,296664908,1302,Base
2025-03,T020,Alimentos,258449124,206,Base
2025-03,T020,Belleza,255017648,585,Base
2025-03,T020,Deportes,93492275,562,Base
2025-03,T020,Electrohogar,385499197,959,Base
2025-03,T020,Jugueteria,240151377,229,Base
2025-03,T020,Moda,77582269,339,Base
2025-03,T020,Muebles,126419866,1346,Base
2025-03,T020,Tecnologia,121235798,245,Base
2025-03,T021,Alimentos,224302742,419,Base
2025-03,T021,Belleza,182535979,698,Base
2025-03,T021,Deportes,257044062,1074,Base
2025-03,T021,Electrohogar,417036356,836,Base
2025-03,T021,Jugueteria,325382233,945,Base
2025-03,T021,Moda,273593935,986,Base
2025-03,T021,Muebles,344102183,1126,Base
2025-03,T021,Tecnologia,69786253,1082,Base
2025-03,T022,Alimentos,281528217,1374,Base
2025-03,T022,Belleza,121354472,792,Base
2025-03,T022,Deportes,147499383,860,Base
2025-03,T022,Electrohogar,204975528,586,Base
2025-03,T022,Jugueteria,402254169,409,Base
2025-03,T022,Moda,411757412,422,Base
2025-03,T022,Muebles,274768688,141,Base
2025-03,T022,Tecnologia,345047432,1153,Base
2025-03,T023,Alimentos,169488889,895,Base
2025-03,T023,Belleza,316075978,1314,Base
2025-03,T023,Deportes,226459847,887,Base
2025-03,T023,Electrohogar,353967143,1026,Base
2025-03,T023,Jugueteria,397629528,983,Base
2025-03,T023,Moda,350392350,677,Base
2025-03,T023,Muebles,364049856,694,Base
2025-03,T023,Tecnologia,94358589,1240,Base
2025-03,T024,Alimentos,352466880,1208,Base
2025-03,T024,Belleza,110796171,1092,Base
2025-03,T024,Deportes,366344314,1033,Base
2025-03,T024,Electrohogar,406904736,521,Base
2025-03,T024,Jugueteria,188056608,654,Base
2025-03,T024,Moda,239586020,804,Base
2025-03,T024,Muebles,142163653,283,Base
2025-03,T024,Tecnologia,94477771,973,Base
2025-03,T025,Alimentos,297912305,1321,Base
2025-03,T025,Belleza,106627814,916,Base
2025-03,T025,Deportes,165465440,450,Base
2025-03,T025,Electrohogar,308842880,1170,Base
2025-03,T025,Jugueteria,370677111,1070,Base
2025-03,T025,Moda,81846017,441,Base
2025-03,T025,Muebles,115977975,1307,Base
2025-03,T025,Tecnologia,259692587,1076,Base
2025-03,T026,Alimentos,100294849,827,Base
2025-03,T026,Belleza,238078393,952,Base
2025-03,T026,Deportes,274393215,373,Base
2025-03,T026,Electrohogar,45671435,772,Base
2025-03,T026,Jugueteria,103125454,170,Base
2025-03,T026,Moda,337991756,1125,Base
2025-03,T026,Muebles,316564099,526,Base
2025-03,T026,Tecnologia,369915726,1304,Base
2025-03,T027,Alimentos,175876082,1047,Base
2025-03,T027,Belleza,237122987,603,Base
2025-03,T027,Deportes,140680048,841,Base
2025-03,T027,Electrohogar,263732166,253,Base
2025-03,T027,Jugueteria,294114216,943,Base
2025-03,T027,Moda,167660155,1375,Base
2025-03,T027,Muebles,209293640,805,Base
2025-03,T027,Tecnologia,45042852,1267,Base
2025-03,T028,Alimentos,205032085,1090,Base
2025-03,T028,Belleza,56606067,206,Base
2025-03,T028,Deportes,193635098,1142,Base
2025-03,T028,Electrohogar,210184980,562,Base
2025-03,T028,Jugueteria,327003726,808,Base
2025-03,T028,Moda,395667940,586,Base
2025-03,T028,Muebles,413378930,1046,Base
2025-03,T028,Tecnologia,369824025,1348,Base
2025-03,T029,Alimentos,50970294,304,Base
2025-03,T029,Belleza,91387943,659,Base
2025-03,T029,Deportes,337565956,761,Base
2025-03,T029,Electrohogar,145265099,140,Base
2025-03,T029,Jugueteria,168830878,1392,Base
2025-03,T029,Moda,101047264,427,Base
2025-03,T029,Muebles,241478184,1195,Base
2025-03,T029,Tecnologia,308080713,1304,Base
2025-03,T030,Alimentos,363103020,1019,Base
2025-03,T030,Belleza,383370688,1008,Base
2025-03,T030,Deportes,127878978,717,Base
2025-03,T030,Electrohogar,276647604,1288,Base
2025-03,T030,Jugueteria,193893766,335,Base
2025-03,T030,Moda,118180551,323,Base
2025-03,T030,Muebles,302510359,766,Base
2025-03,T030,Tecnologia,154517509,1052,Base
2025-03,T031,Alimentos,309657324,883,Base
2025-03,T031,Belleza,259747759,195,Base
2025-03,T031,Deportes,295087625,1014,Base
2025-03,T031,Electrohogar,407299847,1021,Base
2025-03,T031,Jugueteria,135508473,396,Base
2025-03,T031,Moda,170816801,1255,Base
2025-03,T031,Muebles,54679964,630,Base
2025-03,T031,Tecnologia,274756436,526,Base
2025-03,T032,Alimentos,156003233,640,Base
2025-03,T032,Belleza,309106288,1256,Base
2025-03,T032,Deportes,169919782,1176,Base
2025-03,T032,Electrohogar,255810729,1391,Base
2025-03,T032,Jugueteria,159766921,176,Base
2025-03,T032,Moda,340597113,211,Base
2025-03,T032,Muebles,53154487,139,Base
2025-03,T032,Tecnologia,63691084,1268,Base
2025-03,T033,Alimentos,344155389,1278,Base
2025-03,T033,Belleza,320108384,1113,Base
2025-03,T033,Deportes,79168756,313,Base
2025-03,T033,Electrohogar,330102688,495,Base
2025-03,T033,Jugueteria,77086831,662,Base
2025-03,T033,Moda,225564926,608,Base
2025-03,T033,Muebles,145947232,1015,Base
2025-03,T033,Tecnologia,84478453,189,Base
2025-03,T034,Alimentos,365193287,660,Base
2025-03,T034,Belleza,288691792,873,Base
2025-03,T034,Deportes,365998800,155,Base
2025-03,T034,Electrohogar,368064653,810,Base
2025-03,T034,Jugueteria,162251961,249,Base
2025-03,T034,Moda,203382705,298,Base
2025-03,T034,Muebles,345260236,724,Base
2025-03,T034,Tecnologia,273528441,954,Base
2025-03,T035,Alimentos,266008526,655,Base
2025-03,T035,Belleza,229273508,781,Base
2025-03,T035,Deportes,152527440,514,Base
2025-03,T035,Electrohogar,349872321,237,Base
2025-03,T035,Jugueteria,87993566,1389,Base
2025-03,T035,Moda,171624599,550,Base
2025-03,T035,Muebles,130858529,853,Base
2025-03,T035,Tecnologia,197558784,545,Base
2025-03,T036,Alimentos,300014087,337,Base
2025-03,T036,Belleza,144113298,714,Base
2025-03,T036,Deportes,112083103,144,Base
2025-03,T036,Electrohogar,275101207,721,Base
2025-03,T036,Jugueteria,363436647,1357,Base
2025-03,T036,Moda,163898811,902,Base
2025-03,T036,Muebles,57165375,997,Base
2025-03,T036,Tecnologia,107609872,1188,Base
2025-03,T037,Alimentos,348866451,896,Base
2025-03,T037,Belleza,237943931,1342,Base
2025-03,T037,Deportes,94828797,1092,Base
2025-03,T037,Electrohogar,314452783,484,Base
2025-03,T037,Jugueteria,93611197,552,Base
2025-03,T037,Moda,115394157,749,Base
2025-03,T037,Muebles,240095119,695,Base
2025-03,T037,Tecnologia,144195359,540,Base
2025-03,T038,Alimentos,171697790,1237,Base
2025-03,T038,Belleza,386365942,767,Base
2025-03,T038,Deportes,149836582,526,Base
2025-03,T038,Electrohogar,414442799,452,Base
2025-03,T038,Jugueteria,331664562,1205,Base
2025-03,T038,Moda,376479246,1297,Base
2025-03,T038,Muebles,207550647,1250,Base
2025-03,T038,Tecnologia,219585798,680,Base
2025-03,T039,Alimentos,69962618,332,Base
2025-03,T039,Belleza,220070675,1177,Base
2025-03,T039,Deportes,74110713,997,Base
2025-03,T039,Electrohogar,148719583,1277,Base
2025-03,T039,Jugueteria,234143322,254,Base
2025-03,T039,Moda,233601692,521,Base
2025-03,T039,Muebles,418509692,453,Base
2025-03,T039,Tecnologia,128941306,1316,Base
2025-03,T040,Alimentos,371529361,598,Base
2025-03,T040,Belleza,223919813,403,Base
2025-03,T040,Deportes,355440330,373,Base
2025-03,T040,Electrohogar,182814784,554,Base
2025-03,T040,Jugueteria,144898094,684,Base
2025-03,T040,Moda,202823808,978,Base
2025-03,T040,Muebles,256556382,995,Base
2025-03,T040,Tecnologia,328373423,233,Base
2025-03,T041,Alimentos,126861905,701,Base
2025-03,T041,Belleza,158802392,724,Base
2025-03,T041,Deportes,138751129,554,Base
2025-03,T041,Electrohogar,417939027,751,Base
2025-03,T041,Jugueteria,323460999,1315,Base
2025-03,T041,Moda,259083054,445,Base
2025-03,T041,Muebles,156542434,561,Base
2025-03,T041,Tecnologia,224798730,517,Base
2025-03,T042,Alimentos,278892660,390,Base
2025-03,T042,Belleza,178145324,541,Base
2025-03,T042,Deportes,242981748,834,Base
2025-03,T042,Electrohogar,193434831,699,Base
2025-03,T042,Jugueteria,290419325,714,Base
2025-03,T042,Moda,266625441,1168,Base
2025-03,T042,Muebles,217530511,319,Base
2025-03,T042,Tecnologia,397053002,948,Base
2025-03,T043,Alimentos,178832424,911,Base
2025-03,T043,Belleza,344348173,350,Base
2025-03,T043,Deportes,111313878,337,Base
2025-03,T043,Electrohogar,80352838,366,Base
2025-03,T043,Jugueteria,412075982,914,Base
2025-03,T043,Moda,178026330,448,Base
2025-03,T043,Muebles,156452485,869,Base
2025-03,T043,Tecnologia,188152022,307,Base
2025-03,T044,Alimentos,194510212,1393,Base
2025-03,T044,Belleza,395221699,943,Base
2025-03,T044,Deportes,336112180,472,Base
2025-03,T044,Electrohogar,247943596,1304,Base
2025-03,T044,Jugueteria,357665322,600,Base
2025-03,T044,Moda,355269713,431,Base
2025-03,T044,Muebles,411136837,180,Base
2025-03,T044,Tecnologia,277232255,152,Base
2025-03,T045,Alimentos,170379633,387,Base
2025-03,T045,Belleza,251998274,432,Base
2025-03,T045,Deportes,86536873,1215,Base
2025-03,T045,Electrohogar,326117048,625,Base
2025-03,T045,Jugueteria,380596405,924,Base
2025-03,T045,Moda,91745695,833,Base
2025-03,T045,Muebles,244953603,530,Base
2025-03,T045,Tecnologia,134911449,1154,Base
2025-03,T046,Alimentos,196878760,739,Base
2025-03,T046,Belleza,105192332,1251,Base
2025-03,T046,Deportes,108720629,903,Base
2025-03,T046,Electrohogar,203381918,1179,Base
2025-03,T046,Jugueteria,142736505,473,Base
2025-03,T046,Moda,139306840,1139,Base
2025-03,T046,Muebles,404837215,253,Base
2025-03,T046,Tecnologia,303051327,151,Base
2025-03,T047,Alimentos,98536672,812,Base
2025-03,T047,Belleza,363085798,995,Base
2025-03,T047,Deportes,350090858,134,Base
2025-03,T047,Electrohogar,55296713,904,Base
2025-03,T047,Jugueteria,192512633,1160,Base
2025-03,T047,Moda,315201817,739,Base
2025-03,T047,Muebles,46150929,158,Base
2025-03,T047,Tecnologia,55482931,140,Base
2025-03,T048,Alimentos,58585299,972,Base
2025-03,T048,Belleza,247108434,1285,Base
2025-03,T048,Deportes,93671473,171,Base
2025-03,T048,Electrohogar,378600402,454,Base
2025-03,T048,Jugueteria,208633833,486,Base
2025-03,T048,Moda,86481285,657,Base
2025-03,T048,Muebles,291169510,1149,Base
2025-03,T048,Tecnologia,209894757,948,Base
2025-03,T049,Alimentos,275731708,893,Base
2025-03,T049,Belleza,96550220,813,Base
2025-03,T049,Deportes,283584110,1368,Base
2025-03,T049,Electrohogar,80512456,1079,Base
2025-03,T049,Jugueteria,270990935,510,Base
2025-03,T049,Moda,391858272,1225,Base
2025-03,T049,Muebles,253021000,428,Base
2025-03,T049,Tecnologia,389200307,1350,Base
2025-03,T050,Alimentos,263079283,616,Base
2025-03,T050,Belleza,110031984,1015,Base
2025-03,T050,Deportes,235908482,854,Base
2025-03,T050,Electrohogar,93189337,425,Base
2025-03,T050,Jugueteria,99657271,1198,Base
2025-03,T050,Moda,319306371,1150,Base
2025-03,T050,Muebles,388989982,985,Base
2025-03,T050,Tecnologia,117368594,1195,Base
2025-03,T051,Alimentos,169035608,1153,Base
2025-03,T051,Belleza,84285101,573,Base
2025-03,T051,Deportes,271548462,276,Base
2025-03,T051,Electrohogar,299401045,748,Base
2025-03,T051,Jugueteria,153757923,1195,Base
2025-03,T051,Moda,80827302,143,Base
2025-03,T051,Muebles,151300487,391,Base
2025-03,T051,Tecnologia,67660299,281,Base
2025-03,T052,Alimentos,239125435,155,Base
2025-03,T052,Belleza,160270379,1021,Base
2025-03,T052,Deportes,112104981,232,Base
2025-03,T052,Electrohogar,208277544,405,Base
2025-03,T052,Jugueteria,333519490,1176,Base
2025-03,T052,Moda,132094820,1138,Base
2025-03,T052,Muebles,293209013,818,Base
2025-03,T052,Tecnologia,394092708,1102,Base
2025-03,T053,Alimentos,352938607,957,Base
2025-03,T053,Belleza,248634868,1185,Base
2025-03,T053,Deportes,178410020,935,Base
2025-03,T053,Electrohogar,352359349,715,Base
2025-03,T053,Jugueteria,321358907,882,Base
2025-03,T053,Moda,416338863,763,Base
2025-03,T053,Muebles,383938351,650,Base
2025-03,T053,Tecnologia,410965721,1063,Base
2025-03,T054,Alimentos,327154646,657,Base
2025-03,T054,Belleza,205106368,494,Base
2025-03,T054,Deportes,113299413,1087,Base
2025-03,T054,Electrohogar,52070777,492,Base
2025-03,T054,Jugueteria,367151170,1114,Base
2025-03,T054,Moda,209821120,1195,Base
2025-03,T054,Muebles,412511274,1043,Base
2025-03,T054,Tecnologia,72998424,1310,Base
2025-03,T055,Alimentos,391016182,1174,Base
2025-03,T055,Belleza,100807033,635,Base
2025-03,T055,Deportes,304872937,1242,Base
2025-03,T055,Electrohogar,119088434,212,Base
2025-03,T055,Jugueteria,194964982,416,Base
2025-03,T055,Moda,200789997,140,Base
2025-03,T055,Muebles,227464446,1002,Base
2025-03,T055,Tecnologia,296315751,425,Base
2025-03,T056,Alimentos,83617673,1296,Base
2025-03,T056,Belleza,116326104,445,Base
2025-03,T056,Deportes,98628846,143,Base
2025-03,T056,Electrohogar,96879119,743,Base
2025-03,T056,Jugueteria,134808635,220,Base
2025-03,T056,Moda,150744719,1097,Base
2025-03,T056,Muebles,73411404,424,Base
2025-03,T056,Tecnologia,196212197,276,Base
2025-03,T057,Alimentos,172466539,345,Base
2025-03,T057,Belleza,203643545,319,Base
2025-03,T057,Deportes,378695516,382,Base
2025-03,T057,Electrohogar,193791401,914,Base
2025-03,T057,Jugueteria,330897300,753,Base
2025-03,T057,Moda,418883122,1009,Base
2025-03,T057,Muebles,195382719,992,Base
2025-03,T057,Tecnologia,388834264,671,Base
2025-03,T058,Alimentos,111008051,443,Base
2025-03,T058,Belleza,256882545,453,Base
2025-03,T058,Deportes,228556357,597,Base
2025-03,T058,Electrohogar,284111370,1389,Base
2025-03,T058,Jugueteria,336938667,235,Base
2025-03,T058,Moda,285777653,785,Base
2025-03,T058,Muebles,124006489,1364,Base
2025-03,T058,Tecnologia,72135658,162,Base
2025-03,T059,Alimentos,66961459,264,Base
2025-03,T059,Belleza,207091561,1155,Base
2025-03,T059,Deportes,195086257,604,Base
2025-03,T059,Electrohogar,90115646,1177,Base
2025-03,T059,Jugueteria,79930645,1353,Base
2025-03,T059,Moda,219743470,159,Base
2025-03,T059,Muebles,312065679,263,Base
2025-03,T059,Tecnologia,186390744,1139,Base
2025-03,T060,Alimentos,189799894,152,Base
2025-03,T060,Belleza,94919764,943,Base
2025-03,T060,Deportes,85140235,512,Base
2025-03,T060,Electrohogar,297098523,1082,Base
2025-03,T060,Jugueteria,365781346,628,Base
2025-03,T060,Moda,240134583,391,Base
2025-03,T060,Muebles,248391569,203,Base
2025-03,T060,Tecnologia,57757857,1053,Base
2025-04,T001,Alimentos,253363812,1072,Base
2025-04,T001,Belleza,341040152,646,Base
2025-04,T001,Deportes,371964722,1202,Base
2025-04,T001,Electrohogar,281091949,1392,Base
2025-04,T001,Jugueteria,112747709,1216,Base
2025-04,T001,Moda,210816280,605,Base
2025-04,T001,Muebles,59348032,742,Base
2025-04,T001,Tecnologia,159034708,1328,Base
2025-04,T002,Alimentos,286589859,1357,Base
2025-04,T002,Belleza,343664334,1017,Base
2025-04,T002,Deportes,140189872,741,Base
2025-04,T002,Electrohogar,196536912,537,Base
2025-04,T002,Jugueteria,83834798,1033,Base
2025-04,T002,Moda,47681007,692,Base
2025-04,T002,Muebles,235987641,735,Base
2025-04,T002,Tecnologia,379575340,694,Base
2025-04,T003,Alimentos,162936639,910,Base
2025-04,T003,Belleza,319239657,641,Base
2025-04,T003,Deportes,239071845,567,Base
2025-04,T003,Electrohogar,136941723,535,Base
2025-04,T003,Jugueteria,405588658,1061,Base
2025-04,T003,Moda,199540647,668,Base
2025-04,T003,Muebles,269982366,717,Base
2025-04,T003,Tecnologia,319395032,669,Base
2025-04,T004,Alimentos,346483371,550,Base
2025-04,T004,Belleza,372768543,217,Base
2025-04,T004,Deportes,180789223,569,Base
2025-04,T004,Electrohogar,190023273,1333,Base
2025-04,T004,Jugueteria,293719811,386,Base
2025-04,T004,Moda,81142313,141,Base
2025-04,T004,Muebles,150169516,240,Base
2025-04,T004,Tecnologia,309757334,1339,Base
2025-04,T005,Alimentos,119205874,538,Base
2025-04,T005,Belleza,291865099,919,Base
2025-04,T005,Deportes,181197508,711,Base
2025-04,T005,Electrohogar,174304888,586,Base
2025-04,T005,Jugueteria,112647367,505,Base
2025-04,T005,Moda,206804756,1248,Base
2025-04,T005,Muebles,254751874,1078,Base
2025-04,T005,Tecnologia,79766987,431,Base
2025-04,T006,Alimentos,172968732,1001,Base
2025-04,T006,Belleza,257209399,890,Base
2025-04,T006,Deportes,280130782,207,Base
2025-04,T006,Electrohogar,49810348,286,Base
2025-04,T006,Jugueteria,358179608,887,Base
2025-04,T006,Moda,62928659,146,Base
2025-04,T006,Muebles,57943423,146,Base
2025-04,T006,Tecnologia,48803506,323,Base
2025-04,T007,Alimentos,109962558,1252,Base
2025-04,T007,Belleza,263560369,1234,Base
2025-04,T007,Deportes,387949047,432,Base
2025-04,T007,Electrohogar,315585745,483,Base
2025-04,T007,Jugueteria,357176058,1281,Base
2025-04,T007,Moda,366035993,824,Base
2025-04,T007,Muebles,349755714,737,Base
2025-04,T007,Tecnologia,205865708,1067,Base
2025-04,T008,Alimentos,310603746,1198,Base
2025-04,T008,Belleza,116598075,1110,Base
2025-04,T008,Deportes,323029281,834,Base
2025-04,T008,Electrohogar,197286172,249,Base
2025-04,T008,Jugueteria,278996483,751,Base
2025-04,T008,Moda,363474383,951,Base
2025-04,T008,Muebles,402330421,1254,Base
2025-04,T008,Tecnologia,417651065,342,Base
2025-04,T009,Alimentos,237151584,551,Base
2025-04,T009,Belleza,341131676,756,Base
2025-04,T009,Deportes,128897281,524,Base
2025-04,T009,Electrohogar,320968568,497,Base
2025-04,T009,Jugueteria,54832832,1164,Base
2025-04,T009,Moda,90133711,1049,Base
2025-04,T009,Muebles,325395234,296,Base
2025-04,T009,Tecnologia,224832601,878,Base
2025-04,T010,Alimentos,327507781,174,Base
2025-04,T010,Belleza,280059431,484,Base
2025-04,T010,Deportes,356951815,749,Base
2025-04,T010,Electrohogar,366858113,877,Base
2025-04,T010,Jugueteria,146206876,617,Base
2025-04,T010,Moda,168317618,703,Base
2025-04,T010,Muebles,350402838,510,Base
2025-04,T010,Tecnologia,324680338,1037,Base
2025-04,T011,Alimentos,51179945,864,Base
2025-04,T011,Belleza,256864371,951,Base
2025-04,T011,Deportes,273126181,365,Base
2025-04,T011,Electrohogar,165321289,596,Base
2025-04,T011,Jugueteria,153229911,474,Base
2025-04,T011,Moda,127920048,441,Base
2025-04,T011,Muebles,178550062,801,Base
2025-04,T011,Tecnologia,403801167,434,Base
2025-04,T012,Alimentos,408078494,922,Base
2025-04,T012,Belleza,136057574,821,Base
2025-04,T012,Deportes,364593967,592,Base
2025-04,T012,Electrohogar,217150413,1183,Base
2025-04,T012,Jugueteria,302980048,901,Base
2025-04,T012,Moda,380613006,1270,Base
2025-04,T012,Muebles,66108860,1306,Base
2025-04,T012,Tecnologia,60860751,953,Base
2025-04,T013,Alimentos,316617082,308,Base
2025-04,T013,Belleza,368772277,337,Base
2025-04,T013,Deportes,283104806,1247,Base
2025-04,T013,Electrohogar,254647313,290,Base
2025-04,T013,Jugueteria,80492118,1341,Base
2025-04,T013,Moda,381405489,615,Base
2025-04,T013,Muebles,166347978,395,Base
2025-04,T013,Tecnologia,135142716,933,Base
2025-04,T014,Alimentos,84821622,1281,Base
2025-04,T014,Belleza,115054628,1054,Base
2025-04,T014,Deportes,124794740,527,Base
2025-04,T014,Electrohogar,396690020,503,Base
2025-04,T014,Jugueteria,275492101,524,Base
2025-04,T014,Moda,120369754,859,Base
2025-04,T014,Muebles,62016224,801,Base
2025-04,T014,Tecnologia,239089851,551,Base
2025-04,T015,Alimentos,91338426,342,Base
2025-04,T015,Belleza,136769306,196,Base
2025-04,T015,Deportes,58456888,1207,Base
2025-04,T015,Electrohogar,335187438,182,Base
2025-04,T015,Jugueteria,115160463,491,Base
2025-04,T015,Moda,154337360,1344,Base
2025-04,T015,Muebles,164518518,1097,Base
2025-04,T015,Tecnologia,293933150,269,Base
2025-04,T016,Alimentos,274294479,739,Base
2025-04,T016,Belleza,410631243,864,Base
2025-04,T016,Deportes,386507686,833,Base
2025-04,T016,Electrohogar,330154393,585,Base
2025-04,T016,Jugueteria,101521958,374,Base
2025-04,T016,Moda,311530394,859,Base
2025-04,T016,Muebles,187239108,1238,Base
2025-04,T016,Tecnologia,415131939,390,Base
2025-04,T017,Alimentos,407919022,1358,Base
2025-04,T017,Belleza,175673679,540,Base
2025-04,T017,Deportes,145102842,561,Base
2025-04,T017,Electrohogar,302267402,695,Base
2025-04,T017,Jugueteria,63016782,1379,Base
2025-04,T017,Moda,51122755,1272,Base
2025-04,T017,Muebles,318319041,724,Base
2025-04,T017,Tecnologia,409409004,615,Base
2025-04,T018,Alimentos,120916176,810,Base
2025-04,T018,Belleza,151836720,947,Base
2025-04,T018,Deportes,107566021,514,Base
2025-04,T018,Electrohogar,244063913,1000,Base
2025-04,T018,Jugueteria,215320936,633,Base
2025-04,T018,Moda,261588991,1184,Base
2025-04,T018,Muebles,393314003,853,Base
2025-04,T018,Tecnologia,385959551,1178,Base
2025-04,T019,Alimentos,257253527,393,Base
2025-04,T019,Belleza,260009326,1241,Base
2025-04,T019,Deportes,186353366,149,Base
2025-04,T019,Electrohogar,63899975,1125,Base
2025-04,T019,Jugueteria,162150117,193,Base
2025-04,T019,Moda,343714675,1220,Base
2025-04,T019,Muebles,82824433,427,Base
2025-04,T019,Tecnologia,308073138,844,Base
2025-04,T020,Alimentos,75980491,269,Base
2025-04,T020,Belleza,74134030,936,Base
2025-04,T020,Deportes,357137463,389,Base
2025-04,T020,Electrohogar,303823614,398,Base
2025-04,T020,Jugueteria,389150074,940,Base
2025-04,T020,Moda,282591547,1175,Base
2025-04,T020,Muebles,371763043,593,Base
2025-04,T020,Tecnologia,344360195,1096,Base
2025-04,T021,Alimentos,331698422,1243,Base
2025-04,T021,Belleza,311026504,1234,Base
2025-04,T021,Deportes,119722454,230,Base
2025-04,T021,Electrohogar,206485137,382,Base
2025-04,T021,Jugueteria,134847596,1243,Base
2025-04,T021,Moda,128556740,283,Base
2025-04,T021,Muebles,245695423,328,Base
2025-04,T021,Tecnologia,416243633,951,Base
2025-04,T022,Alimentos,150519948,668,Base
2025-04,T022,Belleza,264379342,631,Base
2025-04,T022,Deportes,289607802,346,Base
2025-04,T022,Electrohogar,406498050,1194,Base
2025-04,T022,Jugueteria,348049835,583,Base
2025-04,T022,Moda,89066600,309,Base
2025-04,T022,Muebles,303936544,217,Base
2025-04,T022,Tecnologia,133597781,309,Base
2025-04,T023,Alimentos,418166480,502,Base
2025-04,T023,Belleza,131646482,818,Base
2025-04,T023,Deportes,290149251,1046,Base
2025-04,T023,Electrohogar,215680655,748,Base
2025-04,T023,Jugueteria,384457869,605,Base
2025-04,T023,Moda,120342724,1349,Base
2025-04,T023,Muebles,180996701,224,Base
2025-04,T023,Tecnologia,358304073,1310,Base
2025-04,T024,Alimentos,154753667,1223,Base
2025-04,T024,Belleza,339403840,503,Base
2025-04,T024,Deportes,371261409,883,Base
2025-04,T024,Electrohogar,192063419,1192,Base
2025-04,T024,Jugueteria,260967233,286,Base
2025-04,T024,Moda,145988765,729,Base
2025-04,T024,Muebles,348927419,1368,Base
2025-04,T024,Tecnologia,238113672,339,Base
2025-04,T025,Alimentos,372513413,939,Base
2025-04,T025,Belleza,300067686,575,Base
2025-04,T025,Deportes,265368108,881,Base
2025-04,T025,Electrohogar,313905186,387,Base
2025-04,T025,Jugueteria,331906893,962,Base
2025-04,T025,Moda,142179430,1087,Base
2025-04,T025,Muebles,96752845,445,Base
2025-04,T025,Tecnologia,352173478,543,Base
2025-04,T026,Alimentos,180115872,1374,Base
2025-04,T026,Belleza,187131208,606,Base
2025-04,T026,Deportes,296530993,1347,Base
2025-04,T026,Electrohogar,298000488,425,Base
2025-04,T026,Jugueteria,243276440,913,Base
2025-04,T026,Moda,357125758,1242,Base
2025-04,T026,Muebles,94388269,882,Base
2025-04,T026,Tecnologia,209768219,1044,Base
2025-04,T027,Alimentos,145608407,440,Base
2025-04,T027,Belleza,272255100,630,Base
2025-04,T027,Deportes,356996441,151,Base
2025-04,T027,Electrohogar,282233224,810,Base
2025-04,T027,Jugueteria,118462969,148,Base
2025-04,T027,Moda,292644443,1251,Base
2025-04,T027,Muebles,58139563,1290,Base
2025-04,T027,Tecnologia,104584933,243,Base
2025-04,T028,Alimentos,193498823,1382,Base
2025-04,T028,Belleza,178177896,1264,Base
2025-04,T028,Deportes,254690644,693,Base
2025-04,T028,Electrohogar,370897694,925,Base
2025-04,T028,Jugueteria,104838894,1069,Base
2025-04,T028,Moda,409887808,465,Base
2025-04,T028,Muebles,396442018,1027,Base
2025-04,T028,Tecnologia,45736474,783,Base
2025-04,T029,Alimentos,45923912,1024,Base
2025-04,T029,Belleza,113675914,946,Base
2025-04,T029,Deportes,288958339,895,Base
2025-04,T029,Electrohogar,374319659,792,Base
2025-04,T029,Jugueteria,266279176,466,Base
2025-04,T029,Moda,277726819,775,Base
2025-04,T029,Muebles,130095051,853,Base
2025-04,T029,Tecnologia,240860673,1074,Base
2025-04,T030,Alimentos,82516567,1194,Base
2025-04,T030,Belleza,321430228,524,Base
2025-04,T030,Deportes,393501240,138,Base
2025-04,T030,Electrohogar,362539865,1237,Base
2025-04,T030,Jugueteria,95526781,599,Base
2025-04,T030,Moda,394608377,1086,Base
2025-04,T030,Muebles,85638629,423,Base
2025-04,T030,Tecnologia,281865775,295,Base
2025-04,T031,Alimentos,355585298,1120,Base
2025-04,T031,Belleza,356539972,746,Base
2025-04,T031,Deportes,302391542,130,Base
2025-04,T031,Electrohogar,98286910,514,Base
2025-04,T031,Jugueteria,377095757,1308,Base
2025-04,T031,Moda,315038469,1121,Base
2025-04,T031,Muebles,395283307,138,Base
2025-04,T031,Tecnologia,378161115,373,Base
2025-04,T032,Alimentos,104928202,324,Base
2025-04,T032,Belleza,263783792,986,Base
2025-04,T032,Deportes,245071925,672,Base
2025-04,T032,Electrohogar,394146891,1296,Base
2025-04,T032,Jugueteria,122850523,1296,Base
2025-04,T032,Moda,253060911,920,Base
2025-04,T032,Muebles,386808875,346,Base
2025-04,T032,Tecnologia,105805717,1080,Base
2025-04,T033,Alimentos,275865504,1117,Base
2025-04,T033,Belleza,129895293,838,Base
2025-04,T033,Deportes,129675318,537,Base
2025-04,T033,Electrohogar,104102195,477,Base
2025-04,T033,Jugueteria,98837612,1216,Base
2025-04,T033,Moda,414845515,1091,Base
2025-04,T033,Muebles,75641777,1288,Base
2025-04,T033,Tecnologia,153368783,580,Base
2025-04,T034,Alimentos,406341614,526,Base
2025-04,T034,Belleza,210212443,1204,Base
2025-04,T034,Deportes,405088653,1370,Base
2025-04,T034,Electrohogar,370850452,1346,Base
2025-04,T034,Jugueteria,87850566,1341,Base
2025-04,T034,Moda,67329853,1132,Base
2025-04,T034,Muebles,384007272,499,Base
2025-04,T034,Tecnologia,151293743,471,Base
2025-04,T035,Alimentos,406993045,556,Base
2025-04,T035,Belleza,171765534,361,Base
2025-04,T035,Deportes,239839812,1366,Base
2025-04,T035,Electrohogar,91984750,1263,Base
2025-04,T035,Jugueteria,94591286,1117,Base
2025-04,T035,Moda,58368730,454,Base
2025-04,T035,Muebles,163672969,516,Base
2025-04,T035,Tecnologia,269754143,1260,Base
2025-04,T036,Alimentos,130504885,1160,Base
2025-04,T036,Belleza,403484360,875,Base
2025-04,T036,Deportes,316777080,312,Base
2025-04,T036,Electrohogar,362297630,374,Base
2025-04,T036,Jugueteria,66916302,939,Base
2025-04,T036,Moda,224744483,136,Base
2025-04,T036,Muebles,262043062,846,Base
2025-04,T036,Tecnologia,397673399,1065,Base
2025-04,T037,Alimentos,61269681,279,Base
2025-04,T037,Belleza,196940298,1257,Base
2025-04,T037,Deportes,253494969,933,Base
2025-04,T037,Electrohogar,413976597,607,Base
2025-04,T037,Jugueteria,237011627,521,Base
2025-04,T037,Moda,186293504,1347,Base
2025-04,T037,Muebles,338460845,834,Base
2025-04,T037,Tecnologia,340339527,1190,Base
2025-04,T038,Alimentos,412310762,718,Base
2025-04,T038,Belleza,57826508,1269,Base
2025-04,T038,Deportes,64375063,321,Base
2025-04,T038,Electrohogar,295433175,732,Base
2025-04,T038,Jugueteria,349098431,1179,Base
2025-04,T038,Moda,81111504,754,Base
2025-04,T038,Muebles,254416696,389,Base
2025-04,T038,Tecnologia,113376920,413,Base
2025-04,T039,Alimentos,390721551,1220,Base
2025-04,T039,Belleza,346082144,1014,Base
2025-04,T039,Deportes,192783820,166,Base
2025-04,T039,Electrohogar,252345803,761,Base
2025-04,T039,Jugueteria,260754128,992,Base
2025-04,T039,Moda,317794443,553,Base
2025-04,T039,Muebles,391488946,567,Base
2025-04,T039,Tecnologia,51575538,1196,Base
2025-04,T040,Alimentos,400161631,1083,Base
2025-04,T040,Belleza,406107471,252,Base
2025-04,T040,Deportes,74691053,258,Base
2025-04,T040,Electrohogar,237286248,696,Base
2025-04,T040,Jugueteria,131358435,1041,Base
2025-04,T040,Moda,132352994,1263,Base
2025-04,T040,Muebles,170863313,796,Base
2025-04,T040,Tecnologia,167750355,585,Base
2025-04,T041,Alimentos,50176563,856,Base
2025-04,T041,Belleza,228087669,960,Base
2025-04,T041,Deportes,345328077,569,Base
2025-04,T041,Electrohogar,119195747,843,Base
2025-04,T041,Jugueteria,314545792,363,Base
2025-04,T041,Moda,112603160,401,Base
2025-04,T041,Muebles,234019322,940,Base
2025-04,T041,Tecnologia,352826834,979,Base
2025-04,T042,Alimentos,204396903,369,Base
2025-04,T042,Belleza,173491778,542,Base
2025-04,T042,Deportes,290880286,720,Base
2025-04,T042,Electrohogar,206749597,855,Base
2025-04,T042,Jugueteria,208977862,424,Base
2025-04,T042,Moda,241689776,1356,Base
2025-04,T042,Muebles,404677579,287,Base
2025-04,T042,Tecnologia,176599231,842,Base
2025-04,T043,Alimentos,262372589,605,Base
2025-04,T043,Belleza,288055228,866,Base
2025-04,T043,Deportes,387291699,1241,Base
2025-04,T043,Electrohogar,298888271,1063,Base
2025-04,T043,Jugueteria,277547304,425,Base
2025-04,T043,Moda,394999606,805,Base
2025-04,T043,Muebles,363229435,895,Base
2025-04,T043,Tecnologia,357795621,1107,Base
2025-04,T044,Alimentos,139305203,871,Base
2025-04,T044,Belleza,248787451,867,Base
2025-04,T044,Deportes,269082226,1161,Base
2025-04,T044,Electrohogar,45936204,1381,Base
2025-04,T044,Jugueteria,109299006,379,Base
2025-04,T044,Moda,401702491,791,Base
2025-04,T044,Muebles,391830006,1266,Base
2025-04,T044,Tecnologia,276895015,1261,Base
2025-04,T045,Alimentos,286155319,145,Base
2025-04,T045,Belleza,276620582,642,Base
2025-04,T045,Deportes,389826149,944,Base
2025-04,T045,Electrohogar,392252995,661,Base
2025-04,T045,Jugueteria,343259706,770,Base
2025-04,T045,Moda,363023881,1211,Base
2025-04,T045,Muebles,184290148,267,Base
2025-04,T045,Tecnologia,77495182,980,Base
2025-04,T046,Alimentos,297609530,570,Base
2025-04,T046,Belleza,192495996,805,Base
2025-04,T046,Deportes,326322079,497,Base
2025-04,T046,Electrohogar,226296847,1261,Base
2025-04,T046,Jugueteria,83951958,157,Base
2025-04,T046,Moda,275057330,808,Base
2025-04,T046,Muebles,152647495,1003,Base
2025-04,T046,Tecnologia,361209213,823,Base
2025-04,T047,Alimentos,411650222,915,Base
2025-04,T047,Belleza,338049939,944,Base
2025-04,T047,Deportes,414459823,1045,Base
2025-04,T047,Electrohogar,334398735,674,Base
2025-04,T047,Jugueteria,263743460,172,Base
2025-04,T047,Moda,57004497,1264,Base
2025-04,T047,Muebles,304587033,1258,Base
2025-04,T047,Tecnologia,372650507,1113,Base
2025-04,T048,Alimentos,110392063,751,Base
2025-04,T048,Belleza,112408660,1124,Base
2025-04,T048,Deportes,164885100,543,Base
2025-04,T048,Electrohogar,407262009,381,Base
2025-04,T048,Jugueteria,50489223,392,Base
2025-04,T048,Moda,315892939,730,Base
2025-04,T048,Muebles,252775137,529,Base
2025-04,T048,Tecnologia,296161868,1238,Base
2025-04,T049,Alimentos,257325078,703,Base
2025-04,T049,Belleza,208662316,854,Base
2025-04,T049,Deportes,286113866,290,Base
2025-04,T049,Electrohogar,213758755,251,Base
2025-04,T049,Jugueteria,355634827,179,Base
2025-04,T049,Moda,67157088,1175,Base
2025-04,T049,Muebles,389739495,436,Base
2025-04,T049,Tecnologia,67179380,1270,Base
2025-04,T050,Alimentos,224683544,162,Base
2025-04,T050,Belleza,375289598,1034,Base
2025-04,T050,Deportes,269869393,311,Base
2025-04,T050,Electrohogar,169220611,1161,Base
2025-04,T050,Jugueteria,123442795,908,Base
2025-04,T050,Moda,164337229,656,Base
2025-04,T050,Muebles,322275809,1014,Base
2025-04,T050,Tecnologia,365577677,664,Base
2025-04,T051,Alimentos,69969582,715,Base
2025-04,T051,Belleza,92754913,582,Base
2025-04,T051,Deportes,93835003,910,Base
2025-04,T051,Electrohogar,306295661,265,Base
2025-04,T051,Jugueteria,91312570,780,Base
2025-04,T051,Moda,143230988,1308,Base
2025-04,T051,Muebles,212160097,888,Base
2025-04,T051,Tecnologia,362521430,691,Base
2025-04,T052,Alimentos,83011088,1366,Base
2025-04,T052,Belleza,258201613,582,Base
2025-04,T052,Deportes,215475711,244,Base
2025-04,T052,Electrohogar,254373335,1041,Base
2025-04,T052,Jugueteria,292555759,619,Base
2025-04,T052,Moda,359552837,248,Base
2025-04,T052,Muebles,145065043,747,Base
2025-04,T052,Tecnologia,330321022,990,Base
2025-04,T053,Alimentos,401281141,1381,Base
2025-04,T053,Belleza,332853320,1017,Base
2025-04,T053,Deportes,390684291,481,Base
2025-04,T053,Electrohogar,80218151,1213,Base
2025-04,T053,Jugueteria,277137688,1025,Base
2025-04,T053,Moda,309873967,161,Base
2025-04,T053,Muebles,308034939,732,Base
2025-04,T053,Tecnologia,249053117,1355,Base
2025-04,T054,Alimentos,71159739,225,Base
2025-04,T054,Belleza,416104805,1219,Base
2025-04,T054,Deportes,412965962,936,Base
2025-04,T054,Electrohogar,233500250,368,Base
2025-04,T054,Jugueteria,125247591,455,Base
2025-04,T054,Moda,82274986,760,Base
2025-04,T054,Muebles,123221750,842,Base
2025-04,T054,Tecnologia,177475127,280,Base
2025-04,T055,Alimentos,135570929,318,Base
2025-04,T055,Belleza,328528733,308,Base
2025-04,T055,Deportes,351408887,517,Base
2025-04,T055,Electrohogar,46468217,1264,Base
2025-04,T055,Jugueteria,77852052,520,Base
2025-04,T055,Moda,184122935,1202,Base
2025-04,T055,Muebles,68879131,1366,Base
2025-04,T055,Tecnologia,72359403,297,Base
2025-04,T056,Alimentos,262592288,1252,Base
2025-04,T056,Belleza,162146863,196,Base
2025-04,T056,Deportes,52117753,959,Base
2025-04,T056,Electrohogar,83080352,528,Base
2025-04,T056,Jugueteria,159703229,852,Base
2025-04,T056,Moda,309417184,1069,Base
2025-04,T056,Muebles,52450439,890,Base
2025-04,T056,Tecnologia,127198684,551,Base
2025-04,T057,Alimentos,105058509,479,Base
2025-04,T057,Belleza,57101678,961,Base
2025-04,T057,Deportes,416728683,1378,Base
2025-04,T057,Electrohogar,122845400,1145,Base
2025-04,T057,Jugueteria,341183684,712,Base
2025-04,T057,Moda,412381293,455,Base
2025-04,T057,Muebles,288068703,856,Base
2025-04,T057,Tecnologia,311666079,403,Base
2025-04,T058,Alimentos,45032453,1284,Base
2025-04,T058,Belleza,144639676,381,Base
2025-04,T058,Deportes,182876588,501,Base
2025-04,T058,Electrohogar,401511526,214,Base
2025-04,T058,Jugueteria,106049323,389,Base
2025-04,T058,Moda,265801233,1089,Base
2025-04,T058,Muebles,367150236,737,Base
2025-04,T058,Tecnologia,259630439,459,Base
2025-04,T059,Alimentos,172587234,485,Base
2025-04,T059,Belleza,261778942,625,Base
2025-04,T059,Deportes,277473198,1145,Base
2025-04,T059,Electrohogar,130845067,525,Base
2025-04,T059,Jugueteria,303397089,749,Base
2025-04,T059,Moda,315192902,1089,Base
2025-04,T059,Muebles,210746855,762,Base
2025-04,T059,Tecnologia,125106905,126,Base
2025-04,T060,Alimentos,142780446,791,Base
2025-04,T060,Belleza,63837417,349,Base
2025-04,T060,Deportes,101162846,1044,Base
2025-04,T060,Electrohogar,398316203,369,Base
2025-04,T060,Jugueteria,95666251,1142,Base
2025-04,T060,Moda,371788699,865,Base
2025-04,T060,Muebles,407383700,1119,Base
2025-04,T060,Tecnologia,162843769,424,Base
2025-05,T001,Alimentos,381352315,1295,Base
2025-05,T001,Belleza,313688376,1341,Base
2025-05,T001,Deportes,342182193,374,Base
2025-05,T001,Electrohogar,419844838,1328,Base
2025-05,T001,Jugueteria,344235650,558,Base
2025-05,T001,Moda,254643776,562,Base
2025-05,T001,Muebles,452258526,541,Base
2025-05,T001,Tecnologia,474228966,209,Base
2025-05,T002,Alimentos,267759148,1393,Base
2025-05,T002,Belleza,206922232,649,Base
2025-05,T002,Deportes,180645218,139,Base
2025-05,T002,Electrohogar,129222428,407,Base
2025-05,T002,Jugueteria,139922221,955,Base
2025-05,T002,Moda,413730917,214,Base
2025-05,T002,Muebles,512528363,251,Base
2025-05,T002,Tecnologia,491359362,1287,Base
2025-05,T003,Alimentos,452305546,952,Base
2025-05,T003,Belleza,156592233,883,Base
2025-05,T003,Deportes,481549437,639,Base
2025-05,T003,Electrohogar,405015363,1041,Base
2025-05,T003,Jugueteria,474649416,336,Base
2025-05,T003,Moda,215825793,1194,Base
2025-05,T003,Muebles,168773778,967,Base
2025-05,T003,Tecnologia,106693228,996,Base
2025-05,T004,Alimentos,178241227,427,Base
2025-05,T004,Belleza,162702632,1100,Base
2025-05,T004,Deportes,173955147,474,Base
2025-05,T004,Electrohogar,121977093,225,Base
2025-05,T004,Jugueteria,88119545,440,Base
2025-05,T004,Moda,443127548,372,Base
2025-05,T004,Muebles,356669312,323,Base
2025-05,T004,Tecnologia,98249886,723,Base
2025-05,T005,Alimentos,442295681,252,Base
2025-05,T005,Belleza,427794827,537,Base
2025-05,T005,Deportes,332465323,371,Base
2025-05,T005,Electrohogar,360367022,1312,Base
2025-05,T005,Jugueteria,178984152,627,Base
2025-05,T005,Moda,494599898,548,Base
2025-05,T005,Muebles,184900347,1061,Base
2025-05,T005,Tecnologia,335110476,669,Base
2025-05,T006,Alimentos,392010005,325,Base
2025-05,T006,Belleza,401568310,290,Base
2025-05,T006,Deportes,257267748,398,Base
2025-05,T006,Electrohogar,107623135,852,Base
2025-05,T006,Jugueteria,300525482,351,Base
2025-05,T006,Moda,420100056,699,Base
2025-05,T006,Muebles,102444312,929,Base
2025-05,T006,Tecnologia,303992668,714,Base
2025-05,T007,Alimentos,361817291,1169,Base
2025-05,T007,Belleza,229967026,799,Base
2025-05,T007,Deportes,57435863,493,Base
2025-05,T007,Electrohogar,118345435,671,Base
2025-05,T007,Jugueteria,353123873,491,Base
2025-05,T007,Moda,508956815,643,Base
2025-05,T007,Muebles,510571818,162,Base
2025-05,T007,Tecnologia,68006678,881,Base
2025-05,T008,Alimentos,247745450,502,Base
2025-05,T008,Belleza,357707022,230,Base
2025-05,T008,Deportes,335372686,632,Base
2025-05,T008,Electrohogar,482379138,1163,Base
2025-05,T008,Jugueteria,386500415,503,Base
2025-05,T008,Moda,411428801,822,Base
2025-05,T008,Muebles,467811632,942,Base
2025-05,T008,Tecnologia,446666986,1177,Base
2025-05,T009,Alimentos,369764523,832,Base
2025-05,T009,Belleza,349886757,1215,Base
2025-05,T009,Deportes,304339786,1060,Base
2025-05,T009,Electrohogar,419132540,375,Base
2025-05,T009,Jugueteria,83770408,322,Base
2025-05,T009,Moda,109212631,1085,Base
2025-05,T009,Muebles,513740585,626,Base
2025-05,T009,Tecnologia,361301946,1238,Base
2025-05,T010,Alimentos,448585586,621,Base
2025-05,T010,Belleza,204956705,1134,Base
2025-05,T010,Deportes,65477922,1170,Base
2025-05,T010,Electrohogar,370578826,1165,Base
2025-05,T010,Jugueteria,436636137,667,Base
2025-05,T010,Moda,277243893,438,Base
2025-05,T010,Muebles,70956873,1137,Base
2025-05,T010,Tecnologia,196101196,598,Base
2025-05,T011,Alimentos,368987827,1024,Base
2025-05,T011,Belleza,236924380,359,Base
2025-05,T011,Deportes,408116717,809,Base
2025-05,T011,Electrohogar,273340310,1245,Base
2025-05,T011,Jugueteria,456424848,1261,Base
2025-05,T011,Moda,505813595,778,Base
2025-05,T011,Muebles,257530901,890,Base
2025-05,T011,Tecnologia,237589377,1099,Base
2025-05,T012,Alimentos,366761766,1098,Base
2025-05,T012,Belleza,342882947,1228,Base
2025-05,T012,Deportes,486711472,707,Base
2025-05,T012,Electrohogar,299213851,187,Base
2025-05,T012,Jugueteria,160059778,562,Base
2025-05,T012,Moda,336047378,1051,Base
2025-05,T012,Muebles,468511730,382,Base
2025-05,T012,Tecnologia,127517535,605,Base
2025-05,T013,Alimentos,295972995,1003,Base
2025-05,T013,Belleza,109601791,971,Base
2025-05,T013,Deportes,406228081,984,Base
2025-05,T013,Electrohogar,485062985,1077,Base
2025-05,T013,Jugueteria,353608215,1083,Base
2025-05,T013,Moda,130625197,194,Base
2025-05,T013,Muebles,232621913,772,Base
2025-05,T013,Tecnologia,491976411,888,Base
2025-05,T014,Alimentos,484790676,1006,Base
2025-05,T014,Belleza,299769263,450,Base
2025-05,T014,Deportes,445352240,1385,Base
2025-05,T014,Electrohogar,509468700,204,Base
2025-05,T014,Jugueteria,369107357,582,Base
2025-05,T014,Moda,517015446,266,Base
2025-05,T014,Muebles,279526495,705,Base
2025-05,T014,Tecnologia,283532727,1019,Base
2025-05,T015,Alimentos,433414870,920,Base
2025-05,T015,Belleza,492631271,183,Base
2025-05,T015,Deportes,94535473,728,Base
2025-05,T015,Electrohogar,262727231,468,Base
2025-05,T015,Jugueteria,228955002,1027,Base
2025-05,T015,Moda,180734521,866,Base
2025-05,T015,Muebles,308170531,384,Base
2025-05,T015,Tecnologia,403685688,469,Base
2025-05,T016,Alimentos,203499948,252,Base
2025-05,T016,Belleza,253128930,212,Base
2025-05,T016,Deportes,155141056,922,Base
2025-05,T016,Electrohogar,356414665,586,Base
2025-05,T016,Jugueteria,386438342,417,Base
2025-05,T016,Moda,221200178,494,Base
2025-05,T016,Muebles,180281038,180,Base
2025-05,T016,Tecnologia,290296861,380,Base
2025-05,T017,Alimentos,405201000,391,Base
2025-05,T017,Belleza,228447718,983,Base
2025-05,T017,Deportes,112031630,356,Base
2025-05,T017,Electrohogar,108545177,1154,Base
2025-05,T017,Jugueteria,386928012,984,Base
2025-05,T017,Moda,518816726,830,Base
2025-05,T017,Muebles,300320657,503,Base
2025-05,T017,Tecnologia,257490165,1306,Base
2025-05,T018,Alimentos,168850886,972,Base
2025-05,T018,Belleza,263869181,518,Base
2025-05,T018,Deportes,171216171,412,Base
2025-05,T018,Electrohogar,255522573,694,Base
2025-05,T018,Jugueteria,77726260,580,Base
2025-05,T018,Moda,507611717,612,Base
2025-05,T018,Muebles,257994470,307,Base
2025-05,T018,Tecnologia,91233810,317,Base
2025-05,T019,Alimentos,395380102,859,Base
2025-05,T019,Belleza,504399506,642,Base
2025-05,T019,Deportes,484969440,1158,Base
2025-05,T019,Electrohogar,396427820,1190,Base
2025-05,T019,Jugueteria,120344686,925,Base
2025-05,T019,Moda,520449031,295,Base
2025-05,T019,Muebles,362658761,992,Base
2025-05,T019,Tecnologia,425530876,1377,Base
2025-05,T020,Alimentos,226548322,1314,Base
2025-05,T020,Belleza,500844807,608,Base
2025-05,T020,Deportes,287663473,884,Base
2025-05,T020,Electrohogar,333104985,656,Base
2025-05,T020,Jugueteria,141344746,1025,Base
2025-05,T020,Moda,287219038,352,Base
2025-05,T020,Muebles,499730877,188,Base
2025-05,T020,Tecnologia,141449140,321,Base
2025-05,T021,Alimentos,220596221,550,Base
2025-05,T021,Belleza,143262397,932,Base
2025-05,T021,Deportes,470378611,1232,Base
2025-05,T021,Electrohogar,392581725,994,Base
2025-05,T021,Jugueteria,419085178,541,Base
2025-05,T021,Moda,371838281,930,Base
2025-05,T021,Muebles,256792502,384,Base
2025-05,T021,Tecnologia,376519980,744,Base
2025-05,T022,Alimentos,516769113,483,Base
2025-05,T022,Belleza,103687495,943,Base
2025-05,T022,Deportes,397412413,604,Base
2025-05,T022,Electrohogar,213038251,302,Base
2025-05,T022,Jugueteria,78010645,352,Base
2025-05,T022,Moda,518193160,622,Base
2025-05,T022,Muebles,473862381,205,Base
2025-05,T022,Tecnologia,175367571,869,Base
2025-05,T023,Alimentos,207604913,260,Base
2025-05,T023,Belleza,252514742,923,Base
2025-05,T023,Deportes,395294861,937,Base
2025-05,T023,Electrohogar,232215575,974,Base
2025-05,T023,Jugueteria,259985490,278,Base
2025-05,T023,Moda,183562545,1313,Base
2025-05,T023,Muebles,270118062,1034,Base
2025-05,T023,Tecnologia,223258033,428,Base
2025-05,T024,Alimentos,175391996,344,Base
2025-05,T024,Belleza,356262263,1254,Base
2025-05,T024,Deportes,133621876,401,Base
2025-05,T024,Electrohogar,64821423,1318,Base
2025-05,T024,Jugueteria,70484031,391,Base
2025-05,T024,Moda,203110866,681,Base
2025-05,T024,Muebles,339783516,808,Base
2025-05,T024,Tecnologia,103790945,232,Base
2025-05,T025,Alimentos,197536460,136,Base
2025-05,T025,Belleza,268533386,753,Base
2025-05,T025,Deportes,158538485,992,Base
2025-05,T025,Electrohogar,242099377,176,Base
2025-05,T025,Jugueteria,99421515,473,Base
2025-05,T025,Moda,510305928,140,Base
2025-05,T025,Muebles,519593130,414,Base
2025-05,T025,Tecnologia,238116481,1391,Base
2025-05,T026,Alimentos,339007967,668,Base
2025-05,T026,Belleza,488231701,575,Base
2025-05,T026,Deportes,511555286,1270,Base
2025-05,T026,Electrohogar,178180335,802,Base
2025-05,T026,Jugueteria,77721778,720,Base
2025-05,T026,Moda,278088446,955,Base
2025-05,T026,Muebles,254877413,1225,Base
2025-05,T026,Tecnologia,246718522,256,Base
2025-05,T027,Alimentos,184002856,863,Base
2025-05,T027,Belleza,119196147,1122,Base
2025-05,T027,Deportes,452987890,1306,Base
2025-05,T027,Electrohogar,107825231,459,Base
2025-05,T027,Jugueteria,222379333,297,Base
2025-05,T027,Moda,73683298,992,Base
2025-05,T027,Muebles,199504368,128,Base
2025-05,T027,Tecnologia,274252897,1083,Base
2025-05,T028,Alimentos,357662793,1229,Base
2025-05,T028,Belleza,180554297,294,Base
2025-05,T028,Deportes,420730245,725,Base
2025-05,T028,Electrohogar,411173046,1313,Base
2025-05,T028,Jugueteria,404153371,1123,Base
2025-05,T028,Moda,212102551,485,Base
2025-05,T028,Muebles,57710428,824,Base
2025-05,T028,Tecnologia,401101332,552,Base
2025-05,T029,Alimentos,202586203,671,Base
2025-05,T029,Belleza,469164063,303,Base
2025-05,T029,Deportes,353387778,638,Base
2025-05,T029,Electrohogar,502299900,531,Base
2025-05,T029,Jugueteria,372127830,574,Base
2025-05,T029,Moda,213146861,1238,Base
2025-05,T029,Muebles,463399397,1362,Base
2025-05,T029,Tecnologia,144912200,156,Base
2025-05,T030,Alimentos,142409973,744,Base
2025-05,T030,Belleza,367691117,1107,Base
2025-05,T030,Deportes,371053480,618,Base
2025-05,T030,Electrohogar,115900240,1348,Base
2025-05,T030,Jugueteria,453714208,339,Base
2025-05,T030,Moda,243073001,1320,Base
2025-05,T030,Muebles,501033141,187,Base
2025-05,T030,Tecnologia,407320472,376,Base
2025-05,T031,Alimentos,302898671,1159,Base
2025-05,T031,Belleza,129781825,1389,Base
2025-05,T031,Deportes,492054282,786,Base
2025-05,T031,Electrohogar,464925955,1194,Base
2025-05,T031,Jugueteria,146423147,189,Base
2025-05,T031,Moda,437728163,1150,Base
2025-05,T031,Muebles,289035312,769,Base
2025-05,T031,Tecnologia,101944062,909,Base
2025-05,T032,Alimentos,392397835,747,Base
2025-05,T032,Belleza,253184032,296,Base
2025-05,T032,Deportes,249608058,1229,Base
2025-05,T032,Electrohogar,163002983,1302,Base
2025-05,T032,Jugueteria,366184728,716,Base
2025-05,T032,Moda,219459710,402,Base
2025-05,T032,Muebles,313195403,1086,Base
2025-05,T032,Tecnologia,244283633,1366,Base
2025-05,T033,Alimentos,431634582,1109,Base
2025-05,T033,Belleza,389262642,857,Base
2025-05,T033,Deportes,210590780,125,Base
2025-05,T033,Electrohogar,297387815,233,Base
2025-05,T033,Jugueteria,163394808,1041,Base
2025-05,T033,Moda,188263226,540,Base
2025-05,T033,Muebles,211860456,640,Base
2025-05,T033,Tecnologia,231254132,1111,Base
2025-05,T034,Alimentos,395222927,161,Base
2025-05,T034,Belleza,492450995,206,Base
2025-05,T034,Deportes,310899058,577,Base
2025-05,T034,Electrohogar,237838218,261,Base
2025-05,T034,Jugueteria,99815276,750,Base
2025-05,T034,Moda,58818785,536,Base
2025-05,T034,Muebles,164719573,341,Base
2025-05,T034,Tecnologia,399882030,129,Base
2025-05,T035,Alimentos,400971611,781,Base
2025-05,T035,Belleza,66301830,435,Base
2025-05,T035,Deportes,369054315,306,Base
2025-05,T035,Electrohogar,151097868,983,Base
2025-05,T035,Jugueteria,420304783,749,Base
2025-05,T035,Moda,378102193,1097,Base
2025-05,T035,Muebles,341157088,441,Base
2025-05,T035,Tecnologia,263552402,1060,Base
2025-05,T036,Alimentos,350587381,591,Base
2025-05,T036,Belleza,229446925,266,Base
2025-05,T036,Deportes,507987086,1165,Base
2025-05,T036,Electrohogar,163662520,1389,Base
2025-05,T036,Jugueteria,82687618,906,Base
2025-05,T036,Moda,222924136,1081,Base
2025-05,T036,Muebles,302420930,1359,Base
2025-05,T036,Tecnologia,342096965,597,Base
2025-05,T037,Alimentos,391753827,649,Base
2025-05,T037,Belleza,182167027,285,Base
2025-05,T037,Deportes,59703863,166,Base
2025-05,T037,Electrohogar,484022487,363,Base
2025-05,T037,Jugueteria,129811818,939,Base
2025-05,T037,Moda,356388711,502,Base
2025-05,T037,Muebles,260337867,1013,Base
2025-05,T037,Tecnologia,449176176,547,Base
2025-05,T038,Alimentos,338063655,1269,Base
2025-05,T038,Belleza,356760436,284,Base
2025-05,T038,Deportes,128093037,902,Base
2025-05,T038,Electrohogar,156780592,523,Base
2025-05,T038,Jugueteria,134838423,453,Base
2025-05,T038,Moda,417134533,249,Base
2025-05,T038,Muebles,417829807,157,Base
2025-05,T038,Tecnologia,174330302,268,Base
2025-05,T039,Alimentos,436362256,770,Base
2025-05,T039,Belleza,177459747,383,Base
2025-05,T039,Deportes,478290977,1125,Base
2025-05,T039,Electrohogar,351075030,150,Base
2025-05,T039,Jugueteria,243977981,1359,Base
2025-05,T039,Moda,106459516,563,Base
2025-05,T039,Muebles,259647033,1389,Base
2025-05,T039,Tecnologia,390532670,1294,Base
2025-05,T040,Alimentos,223700181,1188,Base
2025-05,T040,Belleza,517844506,125,Base
2025-05,T040,Deportes,355027433,427,Base
2025-05,T040,Electrohogar,140060633,515,Base
2025-05,T040,Jugueteria,82438363,1119,Base
2025-05,T040,Moda,203485672,148,Base
2025-05,T040,Muebles,471993331,925,Base
2025-05,T040,Tecnologia,244735523,875,Base
2025-05,T041,Alimentos,143027721,282,Base
2025-05,T041,Belleza,148786082,491,Base
2025-05,T041,Deportes,233025662,620,Base
2025-05,T041,Electrohogar,145238195,337,Base
2025-05,T041,Jugueteria,405117651,609,Base
2025-05,T041,Moda,354997990,407,Base
2025-05,T041,Muebles,158139202,692,Base
2025-05,T041,Tecnologia,183379406,213,Base
2025-05,T042,Alimentos,276280067,630,Base
2025-05,T042,Belleza,408629516,834,Base
2025-05,T042,Deportes,405462543,1272,Base
2025-05,T042,Electrohogar,198672341,680,Base
2025-05,T042,Jugueteria,94229843,1013,Base
2025-05,T042,Moda,513076912,398,Base
2025-05,T042,Muebles,332005683,342,Base
2025-05,T042,Tecnologia,139274393,1344,Base
2025-05,T043,Alimentos,70904856,316,Base
2025-05,T043,Belleza,463598020,1082,Base
2025-05,T043,Deportes,173572512,1248,Base
2025-05,T043,Electrohogar,264871710,384,Base
2025-05,T043,Jugueteria,250410492,589,Base
2025-05,T043,Moda,260484282,281,Base
2025-05,T043,Muebles,266324962,885,Base
2025-05,T043,Tecnologia,93628968,1094,Base
2025-05,T044,Alimentos,149529920,1099,Base
2025-05,T044,Belleza,161002002,1307,Base
2025-05,T044,Deportes,86270632,274,Base
2025-05,T044,Electrohogar,314886012,1114,Base
2025-05,T044,Jugueteria,156507052,883,Base
2025-05,T044,Moda,279479825,431,Base
2025-05,T044,Muebles,104599753,594,Base
2025-05,T044,Tecnologia,268814877,258,Base
2025-05,T045,Alimentos,188394278,1015,Base
2025-05,T045,Belleza,120428665,1127,Base
2025-05,T045,Deportes,179906111,619,Base
2025-05,T045,Electrohogar,282006660,1069,Base
2025-05,T045,Jugueteria,217079112,1012,Base
2025-05,T045,Moda,348236157,957,Base
2025-05,T045,Muebles,451437302,328,Base
2025-05,T045,Tecnologia,411695701,1113,Base
2025-05,T046,Alimentos,391504151,561,Base
2025-05,T046,Belleza,430696223,1218,Base
2025-05,T046,Deportes,227879943,538,Base
2025-05,T046,Electrohogar,321843676,1010,Base
2025-05,T046,Jugueteria,176860267,505,Base
2025-05,T046,Moda,367468200,745,Base
2025-05,T046,Muebles,476825386,868,Base
2025-05,T046,Tecnologia,85811048,787,Base
2025-05,T047,Alimentos,165367545,1138,Base
2025-05,T047,Belleza,361048458,499,Base
2025-05,T047,Deportes,459746540,614,Base
2025-05,T047,Electrohogar,103073138,148,Base
2025-05,T047,Jugueteria,238550458,708,Base
2025-05,T047,Moda,176687891,1316,Base
2025-05,T047,Muebles,356937800,802,Base
2025-05,T047,Tecnologia,264233070,249,Base
2025-05,T048,Alimentos,139904247,1202,Base
2025-05,T048,Belleza,103997175,988,Base
2025-05,T048,Deportes,203546772,609,Base
2025-05,T048,Electrohogar,89028902,478,Base
2025-05,T048,Jugueteria,413380978,1002,Base
2025-05,T048,Moda,128059247,488,Base
2025-05,T048,Muebles,302502056,296,Base
2025-05,T048,Tecnologia,427827351,357,Base
2025-05,T049,Alimentos,335587283,445,Base
2025-05,T049,Belleza,323412505,1268,Base
2025-05,T049,Deportes,278912925,873,Base
2025-05,T049,Electrohogar,423630595,1344,Base
2025-05,T049,Jugueteria,409972305,228,Base
2025-05,T049,Moda,187075573,532,Base
2025-05,T049,Muebles,81149295,544,Base
2025-05,T049,Tecnologia,418403448,1023,Base
2025-05,T050,Alimentos,202873197,1161,Base
2025-05,T050,Belleza,332792468,418,Base
2025-05,T050,Deportes,499420896,580,Base
2025-05,T050,Electrohogar,201359436,1339,Base
2025-05,T050,Jugueteria,431952758,1279,Base
2025-05,T050,Moda,384542798,502,Base
2025-05,T050,Muebles,72776257,1278,Base
2025-05,T050,Tecnologia,205647625,1212,Base
2025-05,T051,Alimentos,70515388,1216,Base
2025-05,T051,Belleza,327859717,1061,Base
2025-05,T051,Deportes,318091943,437,Base
2025-05,T051,Electrohogar,349685617,1342,Base
2025-05,T051,Jugueteria,506530723,408,Base
2025-05,T051,Moda,101428507,1098,Base
2025-05,T051,Muebles,391024556,1016,Base
2025-05,T051,Tecnologia,524218857,466,Base
2025-05,T052,Alimentos,292282965,897,Base
2025-05,T052,Belleza,127788381,281,Base
2025-05,T052,Deportes,265733966,768,Base
2025-05,T052,Electrohogar,170429777,150,Base
2025-05,T052,Jugueteria,82960875,921,Base
2025-05,T052,Moda,226947237,1275,Base
2025-05,T052,Muebles,521848486,1097,Base
2025-05,T052,Tecnologia,410157680,1036,Base
2025-05,T053,Alimentos,496464100,874,Base
2025-05,T053,Belleza,339384730,341,Base
2025-05,T053,Deportes,65886685,1379,Base
2025-05,T053,Electrohogar,516172470,940,Base
2025-05,T053,Jugueteria,414468883,1063,Base
2025-05,T053,Moda,229496688,900,Base
2025-05,T053,Muebles,124590320,1332,Base
2025-05,T053,Tecnologia,268556860,1116,Base
2025-05,T054,Alimentos,174343298,1314,Base
2025-05,T054,Belleza,121184935,341,Base
2025-05,T054,Deportes,509670018,1220,Base
2025-05,T054,Electrohogar,207202851,389,Base
2025-05,T054,Jugueteria,160637927,449,Base
2025-05,T054,Moda,196120926,1117,Base
2025-05,T054,Muebles,312301357,521,Base
2025-05,T054,Tecnologia,439499190,376,Base
2025-05,T055,Alimentos,145436741,814,Base
2025-05,T055,Belleza,57431501,525,Base
2025-05,T055,Deportes,77859626,596,Base
2025-05,T055,Electrohogar,251091140,662,Base
2025-05,T055,Jugueteria,371022186,637,Base
2025-05,T055,Moda,85875545,185,Base
2025-05,T055,Muebles,368473105,151,Base
2025-05,T055,Tecnologia,420160648,155,Base
2025-05,T056,Alimentos,82805281,1395,Base
2025-05,T056,Belleza,159000110,361,Base
2025-05,T056,Deportes,121322906,775,Base
2025-05,T056,Electrohogar,472935813,977,Base
2025-05,T056,Jugueteria,74641897,1111,Base
2025-05,T056,Moda,359180338,1363,Base
2025-05,T056,Muebles,273832348,799,Base
2025-05,T056,Tecnologia,445964176,318,Base
2025-05,T057,Alimentos,258714526,252,Base
2025-05,T057,Belleza,319490021,192,Base
2025-05,T057,Deportes,421002578,352,Base
2025-05,T057,Electrohogar,61290983,298,Base
2025-05,T057,Jugueteria,146926196,200,Base
2025-05,T057,Moda,292912835,652,Base
2025-05,T057,Muebles,470542893,1048,Base
2025-05,T057,Tecnologia,277581826,415,Base
2025-05,T058,Alimentos,503663001,786,Base
2025-05,T058,Belleza,120258086,635,Base
2025-05,T058,Deportes,356454892,696,Base
2025-05,T058,Electrohogar,401684897,812,Base
2025-05,T058,Jugueteria,116194036,502,Base
2025-05,T058,Moda,152153146,370,Base
2025-05,T058,Muebles,288543300,1103,Base
2025-05,T058,Tecnologia,522770706,522,Base
2025-05,T059,Alimentos,417965262,957,Base
2025-05,T059,Belleza,229585603,1282,Base
2025-05,T059,Deportes,122027662,124,Base
2025-05,T059,Electrohogar,452276261,855,Base
2025-05,T059,Jugueteria,206856538,415,Base
2025-05,T059,Moda,489846213,1078,Base
2025-05,T059,Muebles,382197857,1032,Base
2025-05,T059,Tecnologia,383430332,634,Base
2025-05,T060,Alimentos,187359888,1177,Base
2025-05,T060,Belleza,487473635,732,Base
2025-05,T060,Deportes,498734240,824,Base
2025-05,T060,Electrohogar,249211510,975,Base
2025-05,T060,Jugueteria,315336048,1073,Base
2025-05,T060,Moda,301756438,302,Base
2025-05,T060,Muebles,403955133,791,Base
2025-05,T060,Tecnologia,301280730,1317,Base
2025-06,T001,Alimentos,342524815,918,Base
2025-06,T001,Belleza,277286757,1326,Base
2025-06,T001,Deportes,508035631,982,Base
2025-06,T001,Electrohogar,416374918,407,Base
2025-06,T001,Jugueteria,124839245,877,Base
2025-06,T001,Moda,246144122,217,Base
2025-06,T001,Muebles,260412133,559,Base
2025-06,T001,Tecnologia,70215856,375,Base
2025-06,T002,Alimentos,486967825,568,Base
2025-06,T002,Belleza,220051686,1374,Base
2025-06,T002,Deportes,476129946,879,Base
2025-06,T002,Electrohogar,114302203,1350,Base
2025-06,T002,Jugueteria,72737823,1212,Base
2025-06,T002,Moda,410345230,835,Base
2025-06,T002,Muebles,185015136,396,Base
2025-06,T002,Tecnologia,304391833,780,Base
2025-06,T003,Alimentos,296535738,528,Base
2025-06,T003,Belleza,98907037,1067,Base
2025-06,T003,Deportes,433853590,294,Base
2025-06,T003,Electrohogar,378485987,564,Base
2025-06,T003,Jugueteria,262550363,847,Base
2025-06,T003,Moda,293768378,869,Base
2025-06,T003,Muebles,476812362,1132,Base
2025-06,T003,Tecnologia,329024855,860,Base
2025-06,T004,Alimentos,467912005,800,Base
2025-06,T004,Belleza,285568190,661,Base
2025-06,T004,Deportes,298955153,922,Base
2025-06,T004,Electrohogar,332022470,1249,Base
2025-06,T004,Jugueteria,340405635,459,Base
2025-06,T004,Moda,405498993,1323,Base
2025-06,T004,Muebles,69280893,1233,Base
2025-06,T004,Tecnologia,235262725,408,Base
2025-06,T005,Alimentos,108336581,1065,Base
2025-06,T005,Belleza,204285808,1138,Base
2025-06,T005,Deportes,215277661,1280,Base
2025-06,T005,Electrohogar,232988475,300,Base
2025-06,T005,Jugueteria,85353093,1353,Base
2025-06,T005,Moda,176901088,745,Base
2025-06,T005,Muebles,511114441,1189,Base
2025-06,T005,Tecnologia,156783488,1197,Base
2025-06,T006,Alimentos,442283043,159,Base
2025-06,T006,Belleza,220394842,364,Base
2025-06,T006,Deportes,461825732,194,Base
2025-06,T006,Electrohogar,245148326,614,Base
2025-06,T006,Jugueteria,340690152,420,Base
2025-06,T006,Moda,514930710,286,Base
2025-06,T006,Muebles,66422785,1091,Base
2025-06,T006,Tecnologia,259036912,1327,Base
2025-06,T007,Alimentos,476849322,1100,Base
2025-06,T007,Belleza,331130817,1061,Base
2025-06,T007,Deportes,446093831,444,Base
2025-06,T007,Electrohogar,336451075,750,Base
2025-06,T007,Jugueteria,381650140,316,Base
2025-06,T007,Moda,427201603,1024,Base
2025-06,T007,Muebles,419363933,920,Base
2025-06,T007,Tecnologia,132708350,1187,Base
2025-06,T008,Alimentos,251222585,1208,Base
2025-06,T008,Belleza,258712676,1311,Base
2025-06,T008,Deportes,451526645,1015,Base
2025-06,T008,Electrohogar,142266347,757,Base
2025-06,T008,Jugueteria,266237188,945,Base
2025-06,T008,Moda,439930243,647,Base
2025-06,T008,Muebles,396774801,888,Base
2025-06,T008,Tecnologia,212790046,194,Base
2025-06,T009,Alimentos,400208371,1180,Base
2025-06,T009,Belleza,167530126,316,Base
2025-06,T009,Deportes,335216473,914,Base
2025-06,T009,Electrohogar,284650388,325,Base
2025-06,T009,Jugueteria,459418690,922,Base
2025-06,T009,Moda,357320472,965,Base
2025-06,T009,Muebles,93061991,983,Base
2025-06,T009,Tecnologia,140938356,477,Base
2025-06,T010,Alimentos,223377660,1234,Base
2025-06,T010,Belleza,278701005,1191,Base
2025-06,T010,Deportes,169299780,719,Base
2025-06,T010,Electrohogar,398085476,456,Base
2025-06,T010,Jugueteria,416752425,921,Base
2025-06,T010,Moda,461775957,1008,Base
2025-06,T010,Muebles,126173345,288,Base
2025-06,T010,Tecnologia,78467333,963,Base
2025-06,T011,Alimentos,383881501,166,Base
2025-06,T011,Belleza,364199310,1265,Base
2025-06,T011,Deportes,499259443,219,Base
2025-06,T011,Electrohogar,429014606,1163,Base
2025-06,T011,Jugueteria,336987686,271,Base
2025-06,T011,Moda,205520596,715,Base
2025-06,T011,Muebles,260759185,1071,Base
2025-06,T011,Tecnologia,179565196,335,Base
2025-06,T012,Alimentos,153807708,1359,Base
2025-06,T012,Belleza,487697267,1332,Base
2025-06,T012,Deportes,441291676,147,Base
2025-06,T012,Electrohogar,107941505,1065,Base
2025-06,T012,Jugueteria,146996082,881,Base
2025-06,T012,Moda,182223853,1269,Base
2025-06,T012,Muebles,361582536,603,Base
2025-06,T012,Tecnologia,405909601,569,Base
2025-06,T013,Alimentos,466712882,855,Base
2025-06,T013,Belleza,202962102,1385,Base
2025-06,T013,Deportes,68054706,427,Base
2025-06,T013,Electrohogar,188296501,287,Base
2025-06,T013,Jugueteria,212355877,817,Base
2025-06,T013,Moda,266575653,604,Base
2025-06,T013,Muebles,443372766,949,Base
2025-06,T013,Tecnologia,390952710,411,Base
2025-06,T014,Alimentos,441462495,222,Base
2025-06,T014,Belleza,519363448,1191,Base
2025-06,T014,Deportes,247219281,1266,Base
2025-06,T014,Electrohogar,251203556,588,Base
2025-06,T014,Jugueteria,224842872,174,Base
2025-06,T014,Moda,509376656,892,Base
2025-06,T014,Muebles,469144562,183,Base
2025-06,T014,Tecnologia,64875197,341,Base
2025-06,T015,Alimentos,201113555,1054,Base
2025-06,T015,Belleza,144810792,1049,Base
2025-06,T015,Deportes,244056041,1379,Base
2025-06,T015,Electrohogar,201305457,326,Base
2025-06,T015,Jugueteria,377116487,309,Base
2025-06,T015,Moda,504697497,1237,Base
2025-06,T015,Muebles,164002258,1124,Base
2025-06,T015,Tecnologia,86444222,1241,Base
2025-06,T016,Alimentos,362953875,1147,Base
2025-06,T016,Belleza,329637917,1199,Base
2025-06,T016,Deportes,140177970,737,Base
2025-06,T016,Electrohogar,516436468,810,Base
2025-06,T016,Jugueteria,430073555,242,Base
2025-06,T016,Moda,205604417,143,Base
2025-06,T016,Muebles,303946227,897,Base
2025-06,T016,Tecnologia,184052940,427,Base
2025-06,T017,Alimentos,109050640,804,Base
2025-06,T017,Belleza,215067792,280,Base
2025-06,T017,Deportes,397980115,936,Base
2025-06,T017,Electrohogar,464841420,1337,Base
2025-06,T017,Jugueteria,123323037,450,Base
2025-06,T017,Moda,227172143,1057,Base
2025-06,T017,Muebles,177648633,276,Base
2025-06,T017,Tecnologia,79059780,1290,Base
2025-06,T018,Alimentos,224128373,1132,Base
2025-06,T018,Belleza,375766620,1173,Base
2025-06,T018,Deportes,483111697,880,Base
2025-06,T018,Electrohogar,218384330,735,Base
2025-06,T018,Jugueteria,461163573,1135,Base
2025-06,T018,Moda,444650850,308,Base
2025-06,T018,Muebles,182801336,1195,Base
2025-06,T018,Tecnologia,57472456,998,Base
2025-06,T019,Alimentos,74393130,1063,Base
2025-06,T019,Belleza,456417687,1070,Base
2025-06,T019,Deportes,111574802,938,Base
2025-06,T019,Electrohogar,228857753,1101,Base
2025-06,T019,Jugueteria,162010437,1339,Base
2025-06,T019,Moda,244133992,355,Base
2025-06,T019,Muebles,76236136,415,Base
2025-06,T019,Tecnologia,427018763,953,Base
2025-06,T020,Alimentos,320241161,1337,Base
2025-06,T020,Belleza,524927798,594,Base
2025-06,T020,Deportes,182855395,233,Base
2025-06,T020,Electrohogar,490622307,1142,Base
2025-06,T020,Jugueteria,310528265,1238,Base
2025-06,T020,Moda,308725766,1380,Base
2025-06,T020,Muebles,433570947,668,Base
2025-06,T020,Tecnologia,146868412,1389,Base
2025-06,T021,Alimentos,398332988,851,Base
2025-06,T021,Belleza,256108240,1311,Base
2025-06,T021,Deportes,405633270,356,Base
2025-06,T021,Electrohogar,96430775,1225,Base
2025-06,T021,Jugueteria,98625442,922,Base
2025-06,T021,Moda,463067248,1021,Base
2025-06,T021,Muebles,62915713,1078,Base
2025-06,T021,Tecnologia,167087018,285,Base
2025-06,T022,Alimentos,270498777,431,Base
2025-06,T022,Belleza,496873666,1297,Base
2025-06,T022,Deportes,120578121,876,Base
2025-06,T022,Electrohogar,434007510,511,Base
2025-06,T022,Jugueteria,478106546,1282,Base
2025-06,T022,Moda,393265910,465,Base
2025-06,T022,Muebles,482969730,1111,Base
2025-06,T022,Tecnologia,507702755,226,Base
2025-06,T023,Alimentos,448874795,394,Base
2025-06,T023,Belleza,60830957,882,Base
2025-06,T023,Deportes,314561571,567,Base
2025-06,T023,Electrohogar,177909261,584,Base
2025-06,T023,Jugueteria,222351603,529,Base
2025-06,T023,Moda,236142461,161,Base
2025-06,T023,Muebles,138386821,713,Base
2025-06,T023,Tecnologia,520628568,433,Base
2025-06,T024,Alimentos,254626586,655,Base
2025-06,T024,Belleza,492656161,932,Base
2025-06,T024,Deportes,317347173,735,Base
2025-06,T024,Electrohogar,172594206,474,Base
2025-06,T024,Jugueteria,129180022,1183,Base
2025-06,T024,Moda,386948362,540,Base
2025-06,T024,Muebles,204534086,1131,Base
2025-06,T024,Tecnologia,405191722,162,Base
2025-06,T025,Alimentos,186672863,262,Base
2025-06,T025,Belleza,499999202,1062,Base
2025-06,T025,Deportes,221599388,897,Base
2025-06,T025,Electrohogar,227397691,522,Base
2025-06,T025,Jugueteria,449415531,779,Base
2025-06,T025,Moda,145954440,724,Base
2025-06,T025,Muebles,177002386,1356,Base
2025-06,T025,Tecnologia,311137368,1171,Base
2025-06,T026,Alimentos,326500951,372,Base
2025-06,T026,Belleza,497436887,1351,Base
2025-06,T026,Deportes,130383677,623,Base
2025-06,T026,Electrohogar,191077060,175,Base
2025-06,T026,Jugueteria,338497448,1061,Base
2025-06,T026,Moda,461670511,943,Base
2025-06,T026,Muebles,99622551,1221,Base
2025-06,T026,Tecnologia,102969263,727,Base
2025-06,T027,Alimentos,467497440,968,Base
2025-06,T027,Belleza,438182817,203,Base
2025-06,T027,Deportes,203332286,942,Base
2025-06,T027,Electrohogar,198985545,1046,Base
2025-06,T027,Jugueteria,499786088,923,Base
2025-06,T027,Moda,240555622,736,Base
2025-06,T027,Muebles,70651217,1102,Base
2025-06,T027,Tecnologia,412669261,264,Base
2025-06,T028,Alimentos,411732236,674,Base
2025-06,T028,Belleza,371192010,551,Base
2025-06,T028,Deportes,184323016,1372,Base
2025-06,T028,Electrohogar,121059308,1038,Base
2025-06,T028,Jugueteria,265575138,1102,Base
2025-06,T028,Moda,450594180,1289,Base
2025-06,T028,Muebles,331013240,1054,Base
2025-06,T028,Tecnologia,238970225,832,Base
2025-06,T029,Alimentos,506145987,830,Base
2025-06,T029,Belleza,224454753,715,Base
2025-06,T029,Deportes,386837158,1210,Base
2025-06,T029,Electrohogar,263608661,293,Base
2025-06,T029,Jugueteria,131547761,960,Base
2025-06,T029,Moda,123133900,425,Base
2025-06,T029,Muebles,328378121,1245,Base
2025-06,T029,Tecnologia,155061091,1255,Base
2025-06,T030,Alimentos,193577935,275,Base
2025-06,T030,Belleza,192605248,1027,Base
2025-06,T030,Deportes,360646290,838,Base
2025-06,T030,Electrohogar,104160301,947,Base
2025-06,T030,Jugueteria,510759511,271,Base
2025-06,T030,Moda,165320885,1021,Base
2025-06,T030,Muebles,78358247,573,Base
2025-06,T030,Tecnologia,496829795,841,Base
2025-06,T031,Alimentos,357552748,586,Base
2025-06,T031,Belleza,348027362,811,Base
2025-06,T031,Deportes,265307748,859,Base
2025-06,T031,Electrohogar,173629555,297,Base
2025-06,T031,Jugueteria,463361216,658,Base
2025-06,T031,Moda,73703762,1270,Base
2025-06,T031,Muebles,488117885,1363,Base
2025-06,T031,Tecnologia,227172045,609,Base
2025-06,T032,Alimentos,477785853,254,Base
2025-06,T032,Belleza,413676785,650,Base
2025-06,T032,Deportes,230204085,663,Base
2025-06,T032,Electrohogar,309645365,402,Base
2025-06,T032,Jugueteria,334437833,635,Base
2025-06,T032,Moda,456542337,1085,Base
2025-06,T032,Muebles,239805241,1134,Base
2025-06,T032,Tecnologia,168884298,318,Base
2025-06,T033,Alimentos,179680470,806,Base
2025-06,T033,Belleza,507605282,534,Base
2025-06,T033,Deportes,311611235,142,Base
2025-06,T033,Electrohogar,275885992,1267,Base
2025-06,T033,Jugueteria,412355150,375,Base
2025-06,T033,Moda,471497751,168,Base
2025-06,T033,Muebles,219313185,1139,Base
2025-06,T033,Tecnologia,449442390,179,Base
2025-06,T034,Alimentos,210521566,203,Base
2025-06,T034,Belleza,101173411,1081,Base
2025-06,T034,Deportes,165494782,417,Base
2025-06,T034,Electrohogar,288230312,1204,Base
2025-06,T034,Jugueteria,510697255,224,Base
2025-06,T034,Moda,325048245,1052,Base
2025-06,T034,Muebles,68258700,1319,Base
2025-06,T034,Tecnologia,161743880,377,Base
2025-06,T035,Alimentos,365486322,912,Base
2025-06,T035,Belleza,484934495,706,Base
2025-06,T035,Deportes,391019815,835,Base
2025-06,T035,Electrohogar,518935132,665,Base
2025-06,T035,Jugueteria,57962921,1316,Base
2025-06,T035,Moda,277791595,312,Base
2025-06,T035,Muebles,287211017,497,Base
2025-06,T035,Tecnologia,328212166,674,Base
2025-06,T036,Alimentos,297290550,1135,Base
2025-06,T036,Belleza,181027625,286,Base
2025-06,T036,Deportes,433710776,722,Base
2025-06,T036,Electrohogar,134151853,746,Base
2025-06,T036,Jugueteria,259208675,132,Base
2025-06,T036,Moda,128314403,793,Base
2025-06,T036,Muebles,239069447,769,Base
2025-06,T036,Tecnologia,364748485,247,Base
2025-06,T037,Alimentos,413165686,800,Base
2025-06,T037,Belleza,214830498,1210,Base
2025-06,T037,Deportes,483434666,1107,Base
2025-06,T037,Electrohogar,425376068,1219,Base
2025-06,T037,Jugueteria,250466506,1255,Base
2025-06,T037,Moda,505736508,1023,Base
2025-06,T037,Muebles,197618652,1220,Base
2025-06,T037,Tecnologia,319461333,598,Base
2025-06,T038,Alimentos,394098916,416,Base
2025-06,T038,Belleza,524220618,1309,Base
2025-06,T038,Deportes,254558728,696,Base
2025-06,T038,Electrohogar,216603847,230,Base
2025-06,T038,Jugueteria,440049660,1187,Base
2025-06,T038,Moda,303924091,604,Base
2025-06,T038,Muebles,442472616,1398,Base
2025-06,T038,Tecnologia,459267361,426,Base
2025-06,T039,Alimentos,516533731,1197,Base
2025-06,T039,Belleza,186973690,488,Base
2025-06,T039,Deportes,442841647,132,Base
2025-06,T039,Electrohogar,279892467,828,Base
2025-06,T039,Jugueteria,432749042,1043,Base
2025-06,T039,Moda,72786521,983,Base
2025-06,T039,Muebles,464273640,194,Base
2025-06,T039,Tecnologia,140906118,855,Base
2025-06,T040,Alimentos,479860980,142,Base
2025-06,T040,Belleza,162127757,1084,Base
2025-06,T040,Deportes,447553233,902,Base
2025-06,T040,Electrohogar,119521700,1083,Base
2025-06,T040,Jugueteria,250249813,625,Base
2025-06,T040,Moda,415268226,1084,Base
2025-06,T040,Muebles,400982570,950,Base
2025-06,T040,Tecnologia,262636865,432,Base
2025-06,T041,Alimentos,397700625,824,Base
2025-06,T041,Belleza,333169566,966,Base
2025-06,T041,Deportes,170689396,482,Base
2025-06,T041,Electrohogar,118408275,253,Base
2025-06,T041,Jugueteria,499145192,496,Base
2025-06,T041,Moda,344941142,393,Base
2025-06,T041,Muebles,325782183,604,Base
2025-06,T041,Tecnologia,418853161,1124,Base
2025-06,T042,Alimentos,376635740,719,Base
2025-06,T042,Belleza,58732567,1233,Base
2025-06,T042,Deportes,379320702,984,Base
2025-06,T042,Electrohogar,468796150,791,Base
2025-06,T042,Jugueteria,488854475,1092,Base
2025-06,T042,Moda,98638280,351,Base
2025-06,T042,Muebles,75769448,917,Base
2025-06,T042,Tecnologia,248029455,780,Base
2025-06,T043,Alimentos,434766743,465,Base
2025-06,T043,Belleza,507887371,879,Base
2025-06,T043,Deportes,110468298,1366,Base
2025-06,T043,Electrohogar,472416287,1129,Base
2025-06,T043,Jugueteria,396398813,843,Base
2025-06,T043,Moda,161848577,936,Base
2025-06,T043,Muebles,489462375,883,Base
2025-06,T043,Tecnologia,432141226,1370,Base
2025-06,T044,Alimentos,62749231,530,Base
2025-06,T044,Belleza,193063956,143,Base
2025-06,T044,Deportes,184527640,376,Base
2025-06,T044,Electrohogar,496571027,138,Base
2025-06,T044,Jugueteria,264541808,554,Base
2025-06,T044,Moda,182466051,487,Base
2025-06,T044,Muebles,509501176,776,Base
2025-06,T044,Tecnologia,297223726,672,Base
2025-06,T045,Alimentos,356199906,1054,Base
2025-06,T045,Belleza,166065187,747,Base
2025-06,T045,Deportes,359492160,174,Base
2025-06,T045,Electrohogar,415789850,249,Base
2025-06,T045,Jugueteria,437302435,739,Base
2025-06,T045,Moda,230862400,265,Base
2025-06,T045,Muebles,455135440,1144,Base
2025-06,T045,Tecnologia,497956233,1298,Base
2025-06,T046,Alimentos,330209737,868,Base
2025-06,T046,Belleza,147655156,977,Base
2025-06,T046,Deportes,284897373,718,Base
2025-06,T046,Electrohogar,343945313,915,Base
2025-06,T046,Jugueteria,488912091,846,Base
2025-06,T046,Moda,247337397,1092,Base
2025-06,T046,Muebles,250254797,895,Base
2025-06,T046,Tecnologia,144268752,369,Base
2025-06,T047,Alimentos,366969843,937,Base
2025-06,T047,Belleza,115421287,354,Base
2025-06,T047,Deportes,74456707,298,Base
2025-06,T047,Electrohogar,105022893,1065,Base
2025-06,T047,Jugueteria,380995305,181,Base
2025-06,T047,Moda,230262616,849,Base
2025-06,T047,Muebles,382666841,283,Base
2025-06,T047,Tecnologia,119345131,279,Base
2025-06,T048,Alimentos,68066720,1110,Base
2025-06,T048,Belleza,310613293,592,Base
2025-06,T048,Deportes,91545087,441,Base
2025-06,T048,Electrohogar,357554333,544,Base
2025-06,T048,Jugueteria,439274525,1201,Base
2025-06,T048,Moda,334101690,614,Base
2025-06,T048,Muebles,87220996,1257,Base
2025-06,T048,Tecnologia,202136428,203,Base
2025-06,T049,Alimentos,435717843,384,Base
2025-06,T049,Belleza,344444071,612,Base
2025-06,T049,Deportes,414655871,161,Base
2025-06,T049,Electrohogar,172558131,653,Base
2025-06,T049,Jugueteria,495424898,330,Base
2025-06,T049,Moda,244685786,691,Base
2025-06,T049,Muebles,298101815,982,Base
2025-06,T049,Tecnologia,522969705,236,Base
2025-06,T050,Alimentos,452561018,220,Base
2025-06,T050,Belleza,360993067,832,Base
2025-06,T050,Deportes,197925868,510,Base
2025-06,T050,Electrohogar,101914536,225,Base
2025-06,T050,Jugueteria,325272006,787,Base
2025-06,T050,Moda,285315227,202,Base
2025-06,T050,Muebles,229887633,1332,Base
2025-06,T050,Tecnologia,97571473,572,Base
2025-06,T051,Alimentos,257280196,1274,Base
2025-06,T051,Belleza,334200007,1018,Base
2025-06,T051,Deportes,332220343,483,Base
2025-06,T051,Electrohogar,207117800,623,Base
2025-06,T051,Jugueteria,163415465,1125,Base
2025-06,T051,Moda,228171791,298,Base
2025-06,T051,Muebles,474502211,739,Base
2025-06,T051,Tecnologia,184575700,710,Base
2025-06,T052,Alimentos,61854140,728,Base
2025-06,T052,Belleza,338236711,878,Base
2025-06,T052,Deportes,270143435,1382,Base
2025-06,T052,Electrohogar,442754472,1376,Base
2025-06,T052,Jugueteria,318980815,725,Base
2025-06,T052,Moda,170679920,251,Base
2025-06,T052,Muebles,351057868,825,Base
2025-06,T052,Tecnologia,167508565,1163,Base
2025-06,T053,Alimentos,299858088,978,Base
2025-06,T053,Belleza,274190132,694,Base
2025-06,T053,Deportes,245738545,812,Base
2025-06,T053,Electrohogar,409176052,785,Base
2025-06,T053,Jugueteria,325275222,595,Base
2025-06,T053,Moda,158524657,982,Base
2025-06,T053,Muebles,363593932,1159,Base
2025-06,T053,Tecnologia,393081950,1375,Base
2025-06,T054,Alimentos,248287110,374,Base
2025-06,T054,Belleza,236693097,587,Base
2025-06,T054,Deportes,427540892,1241,Base
2025-06,T054,Electrohogar,230024186,1303,Base
2025-06,T054,Jugueteria,144648330,884,Base
2025-06,T054,Moda,467915892,800,Base
2025-06,T054,Muebles,286500020,846,Base
2025-06,T054,Tecnologia,512269002,1083,Base
2025-06,T055,Alimentos,495182832,1167,Base
2025-06,T055,Belleza,149663615,1356,Base
2025-06,T055,Deportes,390588273,825,Base
2025-06,T055,Electrohogar,512859923,640,Base
2025-06,T055,Jugueteria,99461795,1024,Base
2025-06,T055,Moda,488217095,989,Base
2025-06,T055,Muebles,500857626,1198,Base
2025-06,T055,Tecnologia,271006012,807,Base
2025-06,T056,Alimentos,180358455,1103,Base
2025-06,T056,Belleza,268743560,529,Base
2025-06,T056,Deportes,292136018,569,Base
2025-06,T056,Electrohogar,162390610,1299,Base
2025-06,T056,Jugueteria,483198507,808,Base
2025-06,T056,Moda,184254821,974,Base
2025-06,T056,Muebles,367476902,923,Base
2025-06,T056,Tecnologia,399125270,163,Base
2025-06,T057,Alimentos,346839087,1083,Base
2025-06,T057,Belleza,413909301,720,Base
2025-06,T057,Deportes,389949877,386,Base
2025-06,T057,Electrohogar,64134921,425,Base
2025-06,T057,Jugueteria,240216422,669,Base
2025-06,T057,Moda,255481033,1370,Base
2025-06,T057,Muebles,365282906,205,Base
2025-06,T057,Tecnologia,395308561,1048,Base
2025-06,T058,Alimentos,62038826,1150,Base
2025-06,T058,Belleza,381682128,1267,Base
2025-06,T058,Deportes,400532165,771,Base
2025-06,T058,Electrohogar,436865740,1221,Base
2025-06,T058,Jugueteria,358746057,788,Base
2025-06,T058,Moda,85425191,986,Base
2025-06,T058,Muebles,516650958,127,Base
2025-06,T058,Tecnologia,480230020,454,Base
2025-06,T059,Alimentos,507118107,427,Base
2025-06,T059,Belleza,412213891,382,Base
2025-06,T059,Deportes,294361502,227,Base
2025-06,T059,Electrohogar,239085382,174,Base
2025-06,T059,Jugueteria,510862863,192,Base
2025-06,T059,Moda,201831636,386,Base
2025-06,T059,Muebles,200433831,356,Base
2025-06,T059,Tecnologia,388075996,629,Base
2025-06,T060,Alimentos,324092932,490,Base
2025-06,T060,Belleza,522080358,377,Base
2025-06,T060,Deportes,511908787,341,Base
2025-06,T060,Electrohogar,316150770,1187,Base
2025-06,T060,Jugueteria,160752910,372,Base
2025-06,T060,Moda,213700342,1077,Base
2025-06,T060,Muebles,118095236,1130,Base
2025-06,T060,Tecnologia,276114977,894,Base
2025-07,T001,Alimentos,119768611,1094,Base
2025-07,T001,Belleza,302612050,179,Base
2025-07,T001,Deportes,96378153,796,Base
2025-07,T001,Electrohogar,103298019,1290,Base
2025-07,T001,Jugueteria,99477537,367,Base
2025-07,T001,Moda,81486006,1008,Base
2025-07,T001,Muebles,114276077,801,Base
2025-07,T001,Tecnologia,202043922,333,Base
2025-07,T002,Alimentos,305999131,222,Base
2025-07,T002,Belleza,376048371,1361,Base
2025-07,T002,Deportes,256737825,672,Base
2025-07,T002,Electrohogar,262472053,1125,Base
2025-07,T002,Jugueteria,98260311,439,Base
2025-07,T002,Moda,211260629,1305,Base
2025-07,T002,Muebles,171052972,1317,Base
2025-07,T002,Tecnologia,59446060,1339,Base
2025-07,T003,Alimentos,238194759,1287,Base
2025-07,T003,Belleza,262429046,1225,Base
2025-07,T003,Deportes,299369056,155,Base
2025-07,T003,Electrohogar,151453281,1096,Base
2025-07,T003,Jugueteria,353764937,1159,Base
2025-07,T003,Moda,409870635,1156,Base
2025-07,T003,Muebles,155973136,1143,Base
2025-07,T003,Tecnologia,277752320,178,Base
2025-07,T004,Alimentos,416463311,651,Base
2025-07,T004,Belleza,348112918,359,Base
2025-07,T004,Deportes,356029956,1298,Base
2025-07,T004,Electrohogar,349327141,729,Base
2025-07,T004,Jugueteria,414519579,1264,Base
2025-07,T004,Moda,45954445,1153,Base
2025-07,T004,Muebles,364281903,889,Base
2025-07,T004,Tecnologia,160869233,1023,Base
2025-07,T005,Alimentos,91123997,1208,Base
2025-07,T005,Belleza,250741312,589,Base
2025-07,T005,Deportes,296930811,861,Base
2025-07,T005,Electrohogar,391592403,938,Base
2025-07,T005,Jugueteria,110988416,837,Base
2025-07,T005,Moda,316339551,204,Base
2025-07,T005,Muebles,167320469,149,Base
2025-07,T005,Tecnologia,204369794,768,Base
2025-07,T006,Alimentos,275866316,1364,Base
2025-07,T006,Belleza,364164622,757,Base
2025-07,T006,Deportes,404338864,846,Base
2025-07,T006,Electrohogar,72043655,1304,Base
2025-07,T006,Jugueteria,361006282,661,Base
2025-07,T006,Moda,161372518,1197,Base
2025-07,T006,Muebles,84716073,387,Base
2025-07,T006,Tecnologia,352721949,1001,Base
2025-07,T007,Alimentos,287940488,1291,Base
2025-07,T007,Belleza,408807880,866,Base
2025-07,T007,Deportes,129701727,198,Base
2025-07,T007,Electrohogar,317072957,1312,Base
2025-07,T007,Jugueteria,117003721,1006,Base
2025-07,T007,Moda,245103618,1395,Base
2025-07,T007,Muebles,235849468,525,Base
2025-07,T007,Tecnologia,387242546,1065,Base
2025-07,T008,Alimentos,375405016,1035,Base
2025-07,T008,Belleza,339130102,1373,Base
2025-07,T008,Deportes,277365253,409,Base
2025-07,T008,Electrohogar,173470910,816,Base
2025-07,T008,Jugueteria,72450948,1132,Base
2025-07,T008,Moda,407392224,1022,Base
2025-07,T008,Muebles,230014067,322,Base
2025-07,T008,Tecnologia,224002794,774,Base
2025-07,T009,Alimentos,231182685,220,Base
2025-07,T009,Belleza,92711375,880,Base
2025-07,T009,Deportes,179160342,521,Base
2025-07,T009,Electrohogar,277101476,152,Base
2025-07,T009,Jugueteria,353909690,786,Base
2025-07,T009,Moda,286813973,853,Base
2025-07,T009,Muebles,214100969,942,Base
2025-07,T009,Tecnologia,99241301,584,Base
2025-07,T010,Alimentos,46526673,639,Base
2025-07,T010,Belleza,339244347,1084,Base
2025-07,T010,Deportes,256421471,1035,Base
2025-07,T010,Electrohogar,242318197,988,Base
2025-07,T010,Jugueteria,168108050,301,Base
2025-07,T010,Moda,119405043,916,Base
2025-07,T010,Muebles,254325810,767,Base
2025-07,T010,Tecnologia,221067943,750,Base
2025-07,T011,Alimentos,107278395,357,Base
2025-07,T011,Belleza,205121893,445,Base
2025-07,T011,Deportes,355054262,566,Base
2025-07,T011,Electrohogar,353267946,620,Base
2025-07,T011,Jugueteria,309113143,614,Base
2025-07,T011,Moda,239138654,1324,Base
2025-07,T011,Muebles,287198953,1024,Base
2025-07,T011,Tecnologia,210161220,478,Base
2025-07,T012,Alimentos,45049304,1334,Base
2025-07,T012,Belleza,373711195,496,Base
2025-07,T012,Deportes,414712092,657,Base
2025-07,T012,Electrohogar,317782421,454,Base
2025-07,T012,Jugueteria,332395136,165,Base
2025-07,T012,Moda,128062145,651,Base
2025-07,T012,Muebles,115603870,1399,Base
2025-07,T012,Tecnologia,112311650,289,Base
2025-07,T013,Alimentos,52227041,603,Base
2025-07,T013,Belleza,384129149,1288,Base
2025-07,T013,Deportes,89033686,276,Base
2025-07,T013,Electrohogar,132089494,642,Base
2025-07,T013,Jugueteria,47689319,1109,Base
2025-07,T013,Moda,413278574,172,Base
2025-07,T013,Muebles,348525159,666,Base
2025-07,T013,Tecnologia,239974811,690,Base
2025-07,T014,Alimentos,175374334,1300,Base
2025-07,T014,Belleza,77121535,684,Base
2025-07,T014,Deportes,364207599,494,Base
2025-07,T014,Electrohogar,242735946,273,Base
2025-07,T014,Jugueteria,272772671,701,Base
2025-07,T014,Moda,73589494,982,Base
2025-07,T014,Muebles,242621042,636,Base
2025-07,T014,Tecnologia,412691982,1160,Base
2025-07,T015,Alimentos,231693673,271,Base
2025-07,T015,Belleza,225555207,888,Base
2025-07,T015,Deportes,304003110,163,Base
2025-07,T015,Electrohogar,78039288,1009,Base
2025-07,T015,Jugueteria,286684471,826,Base
2025-07,T015,Moda,164851977,941,Base
2025-07,T015,Muebles,341065802,434,Base
2025-07,T015,Tecnologia,179133287,635,Base
2025-07,T016,Alimentos,249275681,742,Base
2025-07,T016,Belleza,344322783,657,Base
2025-07,T016,Deportes,279507979,594,Base
2025-07,T016,Electrohogar,374900924,647,Base
2025-07,T016,Jugueteria,406349415,1076,Base
2025-07,T016,Moda,313320562,356,Base
2025-07,T016,Muebles,48260162,348,Base
2025-07,T016,Tecnologia,166347623,1327,Base
2025-07,T017,Alimentos,252099983,1358,Base
2025-07,T017,Belleza,129053805,925,Base
2025-07,T017,Deportes,314761448,1382,Base
2025-07,T017,Electrohogar,303850173,519,Base
2025-07,T017,Jugueteria,336206331,756,Base
2025-07,T017,Moda,107967505,1254,Base
2025-07,T017,Muebles,90677459,267,Base
2025-07,T017,Tecnologia,276325532,653,Base
2025-07,T018,Alimentos,223446190,865,Base
2025-07,T018,Belleza,401912552,647,Base
2025-07,T018,Deportes,171803592,1079,Base
2025-07,T018,Electrohogar,407431966,195,Base
2025-07,T018,Jugueteria,194205731,1393,Base
2025-07,T018,Moda,332562365,1068,Base
2025-07,T018,Muebles,315173054,601,Base
2025-07,T018,Tecnologia,220209780,342,Base
2025-07,T019,Alimentos,314855190,469,Base
2025-07,T019,Belleza,91556736,473,Base
2025-07,T019,Deportes,154693207,505,Base
2025-07,T019,Electrohogar,196746877,635,Base
2025-07,T019,Jugueteria,94280264,1008,Base
2025-07,T019,Moda,82120177,447,Base
2025-07,T019,Muebles,345586086,1233,Base
2025-07,T019,Tecnologia,248313784,1270,Base
2025-07,T020,Alimentos,211404823,903,Base
2025-07,T020,Belleza,136855465,581,Base
2025-07,T020,Deportes,315493251,1215,Base
2025-07,T020,Electrohogar,196278432,302,Base
2025-07,T020,Jugueteria,60334672,884,Base
2025-07,T020,Moda,70524161,1010,Base
2025-07,T020,Muebles,278471023,708,Base
2025-07,T020,Tecnologia,325748372,372,Base
2025-07,T021,Alimentos,323662789,721,Base
2025-07,T021,Belleza,291337473,259,Base
2025-07,T021,Deportes,57859341,1346,Base
2025-07,T021,Electrohogar,310229832,1299,Base
2025-07,T021,Jugueteria,297219176,1150,Base
2025-07,T021,Moda,51938326,370,Base
2025-07,T021,Muebles,183881640,672,Base
2025-07,T021,Tecnologia,185768581,258,Base
2025-07,T022,Alimentos,53906508,604,Base
2025-07,T022,Belleza,241671373,412,Base
2025-07,T022,Deportes,329789447,993,Base
2025-07,T022,Electrohogar,48250848,1199,Base
2025-07,T022,Jugueteria,197686390,1387,Base
2025-07,T022,Moda,334077042,358,Base
2025-07,T022,Muebles,380742346,1156,Base
2025-07,T022,Tecnologia,398740178,947,Base
2025-07,T023,Alimentos,156988152,958,Base
2025-07,T023,Belleza,310308407,215,Base
2025-07,T023,Deportes,145528545,966,Base
2025-07,T023,Electrohogar,370891039,774,Base
2025-07,T023,Jugueteria,259437537,899,Base
2025-07,T023,Moda,327386122,1318,Base
2025-07,T023,Muebles,359198807,1256,Base
2025-07,T023,Tecnologia,418023347,716,Base
2025-07,T024,Alimentos,410539586,778,Base
2025-07,T024,Belleza,99093649,417,Base
2025-07,T024,Deportes,256446534,1269,Base
2025-07,T024,Electrohogar,194005906,795,Base
2025-07,T024,Jugueteria,177637938,822,Base
2025-07,T024,Moda,357320694,1358,Base
2025-07,T024,Muebles,394185417,447,Base
2025-07,T024,Tecnologia,380594053,983,Base
2025-07,T025,Alimentos,381120159,287,Base
2025-07,T025,Belleza,281031204,625,Base
2025-07,T025,Deportes,406726095,726,Base
2025-07,T025,Electrohogar,258984440,691,Base
2025-07,T025,Jugueteria,311624126,474,Base
2025-07,T025,Moda,226163138,663,Base
2025-07,T025,Muebles,387128460,194,Base
2025-07,T025,Tecnologia,213100625,278,Base
2025-07,T026,Alimentos,307242118,193,Base
2025-07,T026,Belleza,202868632,480,Base
2025-07,T026,Deportes,263298334,209,Base
2025-07,T026,Electrohogar,135912901,812,Base
2025-07,T026,Jugueteria,115369726,892,Base
2025-07,T026,Moda,385263318,282,Base
2025-07,T026,Muebles,84163973,707,Base
2025-07,T026,Tecnologia,161594997,698,Base
2025-07,T027,Alimentos,127367307,761,Base
2025-07,T027,Belleza,238101419,884,Base
2025-07,T027,Deportes,309287629,945,Base
2025-07,T027,Electrohogar,183872519,836,Base
2025-07,T027,Jugueteria,298779788,1002,Base
2025-07,T027,Moda,294576418,1309,Base
2025-07,T027,Muebles,281122743,976,Base
2025-07,T027,Tecnologia,148501680,735,Base
2025-07,T028,Alimentos,234603712,321,Base
2025-07,T028,Belleza,63201065,978,Base
2025-07,T028,Deportes,406328589,495,Base
2025-07,T028,Electrohogar,273565536,469,Base
2025-07,T028,Jugueteria,181633073,241,Base
2025-07,T028,Moda,209484348,1193,Base
2025-07,T028,Muebles,46239814,1055,Base
2025-07,T028,Tecnologia,169234977,230,Base
2025-07,T029,Alimentos,357992175,335,Base
2025-07,T029,Belleza,322006460,286,Base
2025-07,T029,Deportes,366521221,904,Base
2025-07,T029,Electrohogar,127022304,594,Base
2025-07,T029,Jugueteria,175482794,711,Base
2025-07,T029,Moda,52805785,848,Base
2025-07,T029,Muebles,249705164,168,Base
2025-07,T029,Tecnologia,307542401,977,Base
2025-07,T030,Alimentos,180882200,797,Base
2025-07,T030,Belleza,231411155,573,Base
2025-07,T030,Deportes,205100677,792,Base
2025-07,T030,Electrohogar,210764651,273,Base
2025-07,T030,Jugueteria,179606346,897,Base
2025-07,T030,Moda,134383965,1248,Base
2025-07,T030,Muebles,66370723,1046,Base
2025-07,T030,Tecnologia,362584724,1025,Base
2025-07,T031,Alimentos,105290643,563,Base
2025-07,T031,Belleza,336204930,1022,Base
2025-07,T031,Deportes,112703060,522,Base
2025-07,T031,Electrohogar,283793411,221,Base
2025-07,T031,Jugueteria,105697069,1206,Base
2025-07,T031,Moda,354931602,1182,Base
2025-07,T031,Muebles,333808321,730,Base
2025-07,T031,Tecnologia,411924218,145,Base
2025-07,T032,Alimentos,347381740,1161,Base
2025-07,T032,Belleza,410989102,849,Base
2025-07,T032,Deportes,266003396,979,Base
2025-07,T032,Electrohogar,135942550,611,Base
2025-07,T032,Jugueteria,161062505,742,Base
2025-07,T032,Moda,224919997,729,Base
2025-07,T032,Muebles,77251821,383,Base
2025-07,T032,Tecnologia,165793737,859,Base
2025-07,T033,Alimentos,141568053,819,Base
2025-07,T033,Belleza,79498121,1030,Base
2025-07,T033,Deportes,99491954,1336,Base
2025-07,T033,Electrohogar,293289294,824,Base
2025-07,T033,Jugueteria,123630176,973,Base
2025-07,T033,Moda,106706617,1116,Base
2025-07,T033,Muebles,88983995,980,Base
2025-07,T033,Tecnologia,206988907,1222,Base
2025-07,T034,Alimentos,283626690,845,Base
2025-07,T034,Belleza,259483476,384,Base
2025-07,T034,Deportes,126628740,830,Base
2025-07,T034,Electrohogar,377533119,644,Base
2025-07,T034,Jugueteria,240127482,1290,Base
2025-07,T034,Moda,80149519,875,Base
2025-07,T034,Muebles,253529777,605,Base
2025-07,T034,Tecnologia,136337045,169,Base
2025-07,T035,Alimentos,125520554,150,Base
2025-07,T035,Belleza,170004637,799,Base
2025-07,T035,Deportes,398468522,437,Base
2025-07,T035,Electrohogar,210611794,381,Base
2025-07,T035,Jugueteria,413216875,802,Base
2025-07,T035,Moda,326342887,1202,Base
2025-07,T035,Muebles,210178751,1218,Base
2025-07,T035,Tecnologia,83952633,383,Base
2025-07,T036,Alimentos,78270365,1051,Base
2025-07,T036,Belleza,94423945,163,Base
2025-07,T036,Deportes,207051772,374,Base
2025-07,T036,Electrohogar,122937774,252,Base
2025-07,T036,Jugueteria,400718096,785,Base
2025-07,T036,Moda,334582421,259,Base
2025-07,T036,Muebles,134186750,801,Base
2025-07,T036,Tecnologia,323810548,243,Base
2025-07,T037,Alimentos,419091002,724,Base
2025-07,T037,Belleza,319971482,542,Base
2025-07,T037,Deportes,379874280,1328,Base
2025-07,T037,Electrohogar,290740727,1353,Base
2025-07,T037,Jugueteria,278657785,1170,Base
2025-07,T037,Moda,217157400,1257,Base
2025-07,T037,Muebles,120969802,629,Base
2025-07,T037,Tecnologia,298225968,1043,Base
2025-07,T038,Alimentos,231008135,579,Base
2025-07,T038,Belleza,333412508,441,Base
2025-07,T038,Deportes,234471141,1387,Base
2025-07,T038,Electrohogar,170024700,903,Base
2025-07,T038,Jugueteria,291587850,759,Base
2025-07,T038,Moda,230695480,331,Base
2025-07,T038,Muebles,289177277,554,Base
2025-07,T038,Tecnologia,114435665,1192,Base
2025-07,T039,Alimentos,110673067,1152,Base
2025-07,T039,Belleza,160095138,1189,Base
2025-07,T039,Deportes,161598453,134,Base
2025-07,T039,Electrohogar,363199782,1012,Base
2025-07,T039,Jugueteria,384247392,137,Base
2025-07,T039,Moda,322691232,751,Base
2025-07,T039,Muebles,301875459,1142,Base
2025-07,T039,Tecnologia,138216094,869,Base
2025-07,T040,Alimentos,287034330,636,Base
2025-07,T040,Belleza,250418138,578,Base
2025-07,T040,Deportes,418244222,897,Base
2025-07,T040,Electrohogar,366774234,405,Base
2025-07,T040,Jugueteria,235229161,524,Base
2025-07,T040,Moda,101713642,1249,Base
2025-07,T040,Muebles,247990743,1000,Base
2025-07,T040,Tecnologia,125894985,517,Base
2025-07,T041,Alimentos,100542895,1024,Base
2025-07,T041,Belleza,270229147,1208,Base
2025-07,T041,Deportes,122722791,808,Base
2025-07,T041,Electrohogar,83817592,659,Base
2025-07,T041,Jugueteria,68538634,659,Base
2025-07,T041,Moda,219632261,1012,Base
2025-07,T041,Muebles,319347578,215,Base
2025-07,T041,Tecnologia,318406597,676,Base
2025-07,T042,Alimentos,109594006,441,Base
2025-07,T042,Belleza,318816840,871,Base
2025-07,T042,Deportes,124034389,924,Base
2025-07,T042,Electrohogar,94099865,857,Base
2025-07,T042,Jugueteria,261115850,810,Base
2025-07,T042,Moda,152517968,437,Base
2025-07,T042,Muebles,85327547,766,Base
2025-07,T042,Tecnologia,178839490,746,Base
2025-07,T043,Alimentos,408342082,1211,Base
2025-07,T043,Belleza,177352153,1050,Base
2025-07,T043,Deportes,235734696,1027,Base
2025-07,T043,Electrohogar,75265689,1237,Base
2025-07,T043,Jugueteria,218677840,1310,Base
2025-07,T043,Moda,379656221,783,Base
2025-07,T043,Muebles,125701470,855,Base
2025-07,T043,Tecnologia,286378313,374,Base
2025-07,T044,Alimentos,95477933,1268,Base
2025-07,T044,Belleza,315560358,1127,Base
2025-07,T044,Deportes,185712969,362,Base
2025-07,T044,Electrohogar,284728755,702,Base
2025-07,T044,Jugueteria,122956987,144,Base
2025-07,T044,Moda,123818728,644,Base
2025-07,T044,Muebles,56582811,857,Base
2025-07,T044,Tecnologia,290650855,289,Base
2025-07,T045,Alimentos,172496292,1145,Base
2025-07,T045,Belleza,46647595,1005,Base
2025-07,T045,Deportes,127165856,968,Base
2025-07,T045,Electrohogar,85229201,454,Base
2025-07,T045,Jugueteria,406086485,1089,Base
2025-07,T045,Moda,214303805,1382,Base
2025-07,T045,Muebles,240646162,412,Base
2025-07,T045,Tecnologia,316545764,950,Base
2025-07,T046,Alimentos,204650699,192,Base
2025-07,T046,Belleza,300439964,730,Base
2025-07,T046,Deportes,327968804,1360,Base
2025-07,T046,Electrohogar,63141314,559,Base
2025-07,T046,Jugueteria,48079658,564,Base
2025-07,T046,Moda,377026363,933,Base
2025-07,T046,Muebles,54341790,1267,Base
2025-07,T046,Tecnologia,286628245,1105,Base
2025-07,T047,Alimentos,417109323,1154,Base
2025-07,T047,Belleza,191378418,1007,Base
2025-07,T047,Deportes,330066772,667,Base
2025-07,T047,Electrohogar,167797166,142,Base
2025-07,T047,Jugueteria,183963479,143,Base
2025-07,T047,Moda,324326045,223,Base
2025-07,T047,Muebles,208762504,249,Base
2025-07,T047,Tecnologia,237215057,323,Base
2025-07,T048,Alimentos,331128283,1045,Base
2025-07,T048,Belleza,322572281,426,Base
2025-07,T048,Deportes,176463629,1248,Base
2025-07,T048,Electrohogar,373361578,740,Base
2025-07,T048,Jugueteria,366197854,433,Base
2025-07,T048,Moda,259196452,1144,Base
2025-07,T048,Muebles,112074221,1200,Base
2025-07,T048,Tecnologia,314737984,1113,Base
2025-07,T049,Alimentos,205723005,729,Base
2025-07,T049,Belleza,366439063,628,Base
2025-07,T049,Deportes,91736989,818,Base
2025-07,T049,Electrohogar,112388397,1217,Base
2025-07,T049,Jugueteria,205923559,1376,Base
2025-07,T049,Moda,377937278,409,Base
2025-07,T049,Muebles,142446197,1183,Base
2025-07,T049,Tecnologia,329110962,999,Base
2025-07,T050,Alimentos,227604122,1185,Base
2025-07,T050,Belleza,284437820,772,Base
2025-07,T050,Deportes,191439360,1122,Base
2025-07,T050,Electrohogar,309410090,214,Base
2025-07,T050,Jugueteria,62917620,385,Base
2025-07,T050,Moda,302518413,1008,Base
2025-07,T050,Muebles,108400949,281,Base
2025-07,T050,Tecnologia,364287262,1043,Base
2025-07,T051,Alimentos,301320806,1290,Base
2025-07,T051,Belleza,80539910,1236,Base
2025-07,T051,Deportes,229199098,314,Base
2025-07,T051,Electrohogar,261203327,728,Base
2025-07,T051,Jugueteria,103963197,371,Base
2025-07,T051,Moda,164865238,1294,Base
2025-07,T051,Muebles,129841295,1396,Base
2025-07,T051,Tecnologia,336749064,1125,Base
2025-07,T052,Alimentos,84050946,502,Base
2025-07,T052,Belleza,116402270,1252,Base
2025-07,T052,Deportes,191171376,1357,Base
2025-07,T052,Electrohogar,342147629,142,Base
2025-07,T052,Jugueteria,312520781,656,Base
2025-07,T052,Moda,240642392,480,Base
2025-07,T052,Muebles,217435529,1032,Base
2025-07,T052,Tecnologia,348350474,449,Base
2025-07,T053,Alimentos,342036604,425,Base
2025-07,T053,Belleza,395908536,131,Base
2025-07,T053,Deportes,132006658,969,Base
2025-07,T053,Electrohogar,393264730,1090,Base
2025-07,T053,Jugueteria,201815143,698,Base
2025-07,T053,Moda,362580927,633,Base
2025-07,T053,Muebles,280385023,556,Base
2025-07,T053,Tecnologia,252823352,284,Base
2025-07,T054,Alimentos,104431783,897,Base
2025-07,T054,Belleza,123136077,937,Base
2025-07,T054,Deportes,384036255,1163,Base
2025-07,T054,Electrohogar,257531731,601,Base
2025-07,T054,Jugueteria,71154785,1214,Base
2025-07,T054,Moda,366290738,212,Base
2025-07,T054,Muebles,317395181,1200,Base
2025-07,T054,Tecnologia,94719787,628,Base
2025-07,T055,Alimentos,354426608,1023,Base
2025-07,T055,Belleza,328656651,808,Base
2025-07,T055,Deportes,385255589,737,Base
2025-07,T055,Electrohogar,127776508,310,Base
2025-07,T055,Jugueteria,80863481,698,Base
2025-07,T055,Moda,390744547,1198,Base
2025-07,T055,Muebles,109363967,718,Base
2025-07,T055,Tecnologia,116377943,656,Base
2025-07,T056,Alimentos,108980490,960,Base
2025-07,T056,Belleza,305848379,1326,Base
2025-07,T056,Deportes,380404494,458,Base
2025-07,T056,Electrohogar,116932146,446,Base
2025-07,T056,Jugueteria,92588065,1346,Base
2025-07,T056,Moda,246269958,402,Base
2025-07,T056,Muebles,275637292,1061,Base
2025-07,T056,Tecnologia,220932173,949,Base
2025-07,T057,Alimentos,122664975,1024,Base
2025-07,T057,Belleza,266277438,631,Base
2025-07,T057,Deportes,374292118,978,Base
2025-07,T057,Electrohogar,264548255,1009,Base
2025-07,T057,Jugueteria,294567474,608,Base
2025-07,T057,Moda,364057292,122,Base
2025-07,T057,Muebles,152796623,491,Base
2025-07,T057,Tecnologia,362890121,365,Base
2025-07,T058,Alimentos,299994569,1167,Base
2025-07,T058,Belleza,88852208,667,Base
2025-07,T058,Deportes,161091809,754,Base
2025-07,T058,Electrohogar,307647586,348,Base
2025-07,T058,Jugueteria,89194190,1260,Base
2025-07,T058,Moda,337435175,303,Base
2025-07,T058,Muebles,418135286,1105,Base
2025-07,T058,Tecnologia,353310116,166,Base
2025-07,T059,Alimentos,334518644,646,Base
2025-07,T059,Belleza,168578113,1183,Base
2025-07,T059,Deportes,165081603,1351,Base
2025-07,T059,Electrohogar,57828903,1322,Base
2025-07,T059,Jugueteria,238962269,970,Base
2025-07,T059,Moda,184648253,165,Base
2025-07,T059,Muebles,314361288,587,Base
2025-07,T059,Tecnologia,271703372,142,Base
2025-07,T060,Alimentos,70826872,1164,Base
2025-07,T060,Belleza,416575567,921,Base
2025-07,T060,Deportes,319889698,123,Base
2025-07,T060,Electrohogar,124339907,321,Base
2025-07,T060,Jugueteria,309567349,363,Base
2025-07,T060,Moda,204116261,597,Base
2025-07,T060,Muebles,157775849,993,Base
2025-07,T060,Tecnologia,320519163,1269,Base
2025-08,T001,Alimentos,74055025,136,Base
2025-08,T001,Belleza,115491715,625,Base
2025-08,T001,Deportes,203191885,584,Base
2025-08,T001,Electrohogar,181549474,772,Base
2025-08,T001,Jugueteria,246978285,1093,Base
2025-08,T001,Moda,173267086,227,Base
2025-08,T001,Muebles,234798746,256,Base
2025-08,T001,Tecnologia,300300075,683,Base
2025-08,T002,Alimentos,216531468,590,Base
2025-08,T002,Belleza,203726968,1060,Base
2025-08,T002,Deportes,71873066,1387,Base
2025-08,T002,Electrohogar,324018010,1321,Base
2025-08,T002,Jugueteria,177896100,245,Base
2025-08,T002,Moda,362128360,1309,Base
2025-08,T002,Muebles,273057790,936,Base
2025-08,T002,Tecnologia,140293933,1183,Base
2025-08,T003,Alimentos,412255773,1358,Base
2025-08,T003,Belleza,85041169,161,Base
2025-08,T003,Deportes,236303965,962,Base
2025-08,T003,Electrohogar,355141363,403,Base
2025-08,T003,Jugueteria,316403968,456,Base
2025-08,T003,Moda,62995977,1305,Base
2025-08,T003,Muebles,206621626,380,Base
2025-08,T003,Tecnologia,347347250,457,Base
2025-08,T004,Alimentos,69510334,1147,Base
2025-08,T004,Belleza,352252403,333,Base
2025-08,T004,Deportes,321055733,1182,Base
2025-08,T004,Electrohogar,351048403,965,Base
2025-08,T004,Jugueteria,254805507,675,Base
2025-08,T004,Moda,216736709,305,Base
2025-08,T004,Muebles,244263059,465,Base
2025-08,T004,Tecnologia,186702985,1376,Base
2025-08,T005,Alimentos,345011931,449,Base
2025-08,T005,Belleza,388121837,586,Base
2025-08,T005,Deportes,331722396,840,Base
2025-08,T005,Electrohogar,170935070,1362,Base
2025-08,T005,Jugueteria,276806710,1224,Base
2025-08,T005,Moda,122772985,796,Base
2025-08,T005,Muebles,103326310,1378,Base
2025-08,T005,Tecnologia,364014871,334,Base
2025-08,T006,Alimentos,418972003,693,Base
2025-08,T006,Belleza,417432076,694,Base
2025-08,T006,Deportes,203176523,253,Base
2025-08,T006,Electrohogar,139249050,521,Base
2025-08,T006,Jugueteria,99888944,871,Base
2025-08,T006,Moda,216123413,879,Base
2025-08,T006,Muebles,412092866,566,Base
2025-08,T006,Tecnologia,105905375,437,Base
2025-08,T007,Alimentos,217942934,935,Base
2025-08,T007,Belleza,169844570,581,Base
2025-08,T007,Deportes,275844722,795,Base
2025-08,T007,Electrohogar,414038472,264,Base
2025-08,T007,Jugueteria,114575620,172,Base
2025-08,T007,Moda,198545023,214,Base
2025-08,T007,Muebles,384619364,471,Base
2025-08,T007,Tecnologia,91409910,927,Base
2025-08,T008,Alimentos,390183667,1336,Base
2025-08,T008,Belleza,396282434,209,Base
2025-08,T008,Deportes,151197923,601,Base
2025-08,T008,Electrohogar,183656202,496,Base
2025-08,T008,Jugueteria,305870370,1117,Base
2025-08,T008,Moda,174279151,926,Base
2025-08,T008,Muebles,264829025,837,Base
2025-08,T008,Tecnologia,224576352,728,Base
2025-08,T009,Alimentos,185888370,1053,Base
2025-08,T009,Belleza,193738872,748,Base
2025-08,T009,Deportes,305004253,144,Base
2025-08,T009,Electrohogar,85407093,477,Base
2025-08,T009,Jugueteria,96359195,1215,Base
2025-08,T009,Moda,228094168,544,Base
2025-08,T009,Muebles,261336920,233,Base
2025-08,T009,Tecnologia,269105158,859,Base
2025-08,T010,Alimentos,199269459,174,Base
2025-08,T010,Belleza,385341747,1138,Base
2025-08,T010,Deportes,123375912,186,Base
2025-08,T010,Electrohogar,298660055,743,Base
2025-08,T010,Jugueteria,277481394,137,Base
2025-08,T010,Moda,62883484,1119,Base
2025-08,T010,Muebles,413787025,326,Base
2025-08,T010,Tecnologia,173080887,421,Base
2025-08,T011,Alimentos,76127057,1361,Base
2025-08,T011,Belleza,190033240,920,Base
2025-08,T011,Deportes,228872659,1056,Base
2025-08,T011,Electrohogar,246556884,436,Base
2025-08,T011,Jugueteria,414624872,761,Base
2025-08,T011,Moda,378993942,349,Base
2025-08,T011,Muebles,194084752,520,Base
2025-08,T011,Tecnologia,153620394,1332,Base
2025-08,T012,Alimentos,50768369,1376,Base
2025-08,T012,Belleza,336579325,958,Base
2025-08,T012,Deportes,134916390,652,Base
2025-08,T012,Electrohogar,315872060,215,Base
2025-08,T012,Jugueteria,369762425,1396,Base
2025-08,T012,Moda,245869333,1288,Base
2025-08,T012,Muebles,348111224,745,Base
2025-08,T012,Tecnologia,133818688,1232,Base
2025-08,T013,Alimentos,174322244,1275,Base
2025-08,T013,Belleza,227641354,549,Base
2025-08,T013,Deportes,118632346,824,Base
2025-08,T013,Electrohogar,122162248,930,Base
2025-08,T013,Jugueteria,178077089,1386,Base
2025-08,T013,Moda,340387614,743,Base
2025-08,T013,Muebles,119076318,255,Base
2025-08,T013,Tecnologia,344985933,569,Base
2025-08,T014,Alimentos,406832725,691,Base
2025-08,T014,Belleza,229921577,607,Base
2025-08,T014,Deportes,185676741,742,Base
2025-08,T014,Electrohogar,233927138,511,Base
2025-08,T014,Jugueteria,99278796,1292,Base
2025-08,T014,Moda,417548520,302,Base
2025-08,T014,Muebles,182776027,352,Base
2025-08,T014,Tecnologia,215413193,972,Base
2025-08,T015,Alimentos,168201769,1184,Base
2025-08,T015,Belleza,273548877,900,Base
2025-08,T015,Deportes,96558526,458,Base
2025-08,T015,Electrohogar,357270694,637,Base
2025-08,T015,Jugueteria,114946874,361,Base
2025-08,T015,Moda,360626488,1361,Base
2025-08,T015,Muebles,299698321,1092,Base
2025-08,T015,Tecnologia,173313409,606,Base
2025-08,T016,Alimentos,69452539,374,Base
2025-08,T016,Belleza,84016405,370,Base
2025-08,T016,Deportes,215440776,794,Base
2025-08,T016,Electrohogar,265366599,832,Base
2025-08,T016,Jugueteria,195907675,740,Base
2025-08,T016,Moda,367259984,1030,Base
2025-08,T016,Muebles,381909284,1314,Base
2025-08,T016,Tecnologia,237648414,873,Base
2025-08,T017,Alimentos,383181316,1232,Base
2025-08,T017,Belleza,416628655,597,Base
2025-08,T017,Deportes,333064289,887,Base
2025-08,T017,Electrohogar,383446879,610,Base
2025-08,T017,Jugueteria,419580876,233,Base
2025-08,T017,Moda,389321738,722,Base
2025-08,T017,Muebles,386075205,781,Base
2025-08,T017,Tecnologia,228577197,534,Base
2025-08,T018,Alimentos,358488241,462,Base
2025-08,T018,Belleza,159964977,340,Base
2025-08,T018,Deportes,324913269,1124,Base
2025-08,T018,Electrohogar,166128061,1152,Base
2025-08,T018,Jugueteria,145553374,725,Base
2025-08,T018,Moda,333334494,242,Base
2025-08,T018,Muebles,177754793,661,Base
2025-08,T018,Tecnologia,192206710,1289,Base
2025-08,T019,Alimentos,357734754,1214,Base
2025-08,T019,Belleza,141339781,1256,Base
2025-08,T019,Deportes,61437700,674,Base
2025-08,T019,Electrohogar,359170338,1190,Base
2025-08,T019,Jugueteria,181254680,535,Base
2025-08,T019,Moda,282813711,1351,Base
2025-08,T019,Muebles,239760188,138,Base
2025-08,T019,Tecnologia,106689120,1173,Base
2025-08,T020,Alimentos,310501951,782,Base
2025-08,T020,Belleza,67005155,969,Base
2025-08,T020,Deportes,311819377,168,Base
2025-08,T020,Electrohogar,225207343,1121,Base
2025-08,T020,Jugueteria,110789111,443,Base
2025-08,T020,Moda,275038594,1269,Base
2025-08,T020,Muebles,176047001,400,Base
2025-08,T020,Tecnologia,337971478,518,Base
2025-08,T021,Alimentos,369560251,764,Base
2025-08,T021,Belleza,163177026,1362,Base
2025-08,T021,Deportes,80363479,917,Base
2025-08,T021,Electrohogar,189099731,1060,Base
2025-08,T021,Jugueteria,182697658,754,Base
2025-08,T021,Moda,276456314,179,Base
2025-08,T021,Muebles,253449360,1244,Base
2025-08,T021,Tecnologia,149499758,1300,Base
2025-08,T022,Alimentos,257439341,1074,Base
2025-08,T022,Belleza,359641573,424,Base
2025-08,T022,Deportes,362369640,728,Base
2025-08,T022,Electrohogar,239830828,1285,Base
2025-08,T022,Jugueteria,210569040,658,Base
2025-08,T022,Moda,225606018,948,Base
2025-08,T022,Muebles,135431254,1359,Base
2025-08,T022,Tecnologia,180138297,907,Base
2025-08,T023,Alimentos,369659334,1342,Base
2025-08,T023,Belleza,90653740,691,Base
2025-08,T023,Deportes,243955297,795,Base
2025-08,T023,Electrohogar,371979753,1152,Base
2025-08,T023,Jugueteria,108916143,1342,Base
2025-08,T023,Moda,295675465,846,Base
2025-08,T023,Muebles,244502073,1209,Base
2025-08,T023,Tecnologia,376139832,926,Base
2025-08,T024,Alimentos,265796073,165,Base
2025-08,T024,Belleza,334750737,505,Base
2025-08,T024,Deportes,136510454,601,Base
2025-08,T024,Electrohogar,197703144,1093,Base
2025-08,T024,Jugueteria,205062073,507,Base
2025-08,T024,Moda,98542609,1095,Base
2025-08,T024,Muebles,72211079,153,Base
2025-08,T024,Tecnologia,327830130,1078,Base
2025-08,T025,Alimentos,402644824,662,Base
2025-08,T025,Belleza,329736322,212,Base
2025-08,T025,Deportes,309282262,705,Base
2025-08,T025,Electrohogar,343484815,1339,Base
2025-08,T025,Jugueteria,337667392,262,Base
2025-08,T025,Moda,386658680,1033,Base
2025-08,T025,Muebles,280641420,1024,Base
2025-08,T025,Tecnologia,296781901,905,Base
2025-08,T026,Alimentos,352398825,1163,Base
2025-08,T026,Belleza,117712900,132,Base
2025-08,T026,Deportes,68070636,360,Base
2025-08,T026,Electrohogar,359798501,1101,Base
2025-08,T026,Jugueteria,354412633,1152,Base
2025-08,T026,Moda,161266013,868,Base
2025-08,T026,Muebles,413657137,932,Base
2025-08,T026,Tecnologia,391798318,231,Base
2025-08,T027,Alimentos,392089253,246,Base
2025-08,T027,Belleza,250888053,1071,Base
2025-08,T027,Deportes,366225917,214,Base
2025-08,T027,Electrohogar,392543969,326,Base
2025-08,T027,Jugueteria,110124814,192,Base
2025-08,T027,Moda,414718425,227,Base
2025-08,T027,Muebles,243387636,1398,Base
2025-08,T027,Tecnologia,287948367,903,Base
2025-08,T028,Alimentos,67719660,1277,Base
2025-08,T028,Belleza,183177251,856,Base
2025-08,T028,Deportes,373421735,928,Base
2025-08,T028,Electrohogar,83005312,700,Base
2025-08,T028,Jugueteria,93496734,948,Base
2025-08,T028,Moda,117508191,390,Base
2025-08,T028,Muebles,313571239,1141,Base
2025-08,T028,Tecnologia,278653838,922,Base
2025-08,T029,Alimentos,292846995,436,Base
2025-08,T029,Belleza,111467435,512,Base
2025-08,T029,Deportes,390769268,1021,Base
2025-08,T029,Electrohogar,132910293,491,Base
2025-08,T029,Jugueteria,53889254,806,Base
2025-08,T029,Moda,339314041,645,Base
2025-08,T029,Muebles,193711630,1109,Base
2025-08,T029,Tecnologia,324331420,1106,Base
2025-08,T030,Alimentos,287170018,1311,Base
2025-08,T030,Belleza,232188068,948,Base
2025-08,T030,Deportes,109497324,182,Base
2025-08,T030,Electrohogar,171380112,1352,Base
2025-08,T030,Jugueteria,59316279,373,Base
2025-08,T030,Moda,387555016,291,Base
2025-08,T030,Muebles,100842119,1016,Base
2025-08,T030,Tecnologia,211729629,912,Base
2025-08,T031,Alimentos,225151560,705,Base
2025-08,T031,Belleza,334873716,669,Base
2025-08,T031,Deportes,310968972,272,Base
2025-08,T031,Electrohogar,273584944,582,Base
2025-08,T031,Jugueteria,70668442,362,Base
2025-08,T031,Moda,83850302,435,Base
2025-08,T031,Muebles,404477330,263,Base
2025-08,T031,Tecnologia,147351328,769,Base
2025-08,T032,Alimentos,125147442,277,Base
2025-08,T032,Belleza,64225963,1276,Base
2025-08,T032,Deportes,258096524,367,Base
2025-08,T032,Electrohogar,399727505,309,Base
2025-08,T032,Jugueteria,324650018,1071,Base
2025-08,T032,Moda,326475268,587,Base
2025-08,T032,Muebles,84513753,915,Base
2025-08,T032,Tecnologia,58355725,190,Base
2025-08,T033,Alimentos,254978512,981,Base
2025-08,T033,Belleza,164765001,767,Base
2025-08,T033,Deportes,167711793,861,Base
2025-08,T033,Electrohogar,199774464,1369,Base
2025-08,T033,Jugueteria,383356669,1085,Base
2025-08,T033,Moda,384138864,388,Base
2025-08,T033,Muebles,129543387,313,Base
2025-08,T033,Tecnologia,410274917,1352,Base
2025-08,T034,Alimentos,334760632,428,Base
2025-08,T034,Belleza,404323916,213,Base
2025-08,T034,Deportes,77996177,468,Base
2025-08,T034,Electrohogar,332575401,613,Base
2025-08,T034,Jugueteria,414364799,1315,Base
2025-08,T034,Moda,379426779,951,Base
2025-08,T034,Muebles,191521797,1075,Base
2025-08,T034,Tecnologia,327998268,420,Base
2025-08,T035,Alimentos,221629873,508,Base
2025-08,T035,Belleza,393785047,1045,Base
2025-08,T035,Deportes,238629941,1363,Base
2025-08,T035,Electrohogar,413285932,403,Base
2025-08,T035,Jugueteria,213679637,606,Base
2025-08,T035,Moda,274532145,485,Base
2025-08,T035,Muebles,112049934,940,Base
2025-08,T035,Tecnologia,373542563,1126,Base
2025-08,T036,Alimentos,258387006,1022,Base
2025-08,T036,Belleza,197034567,542,Base
2025-08,T036,Deportes,309160063,582,Base
2025-08,T036,Electrohogar,284064287,1099,Base
2025-08,T036,Jugueteria,256126314,563,Base
2025-08,T036,Moda,226159752,474,Base
2025-08,T036,Muebles,133773470,1321,Base
2025-08,T036,Tecnologia,417556905,967,Base
2025-08,T037,Alimentos,73596520,1097,Base
2025-08,T037,Belleza,176204861,1152,Base
2025-08,T037,Deportes,56440571,368,Base
2025-08,T037,Electrohogar,331890897,818,Base
2025-08,T037,Jugueteria,367842022,1085,Base
2025-08,T037,Moda,286465036,315,Base
2025-08,T037,Muebles,418004383,1381,Base
2025-08,T037,Tecnologia,334115224,153,Base
2025-08,T038,Alimentos,354976226,519,Base
2025-08,T038,Belleza,237503623,293,Base
2025-08,T038,Deportes,283303759,1121,Base
2025-08,T038,Electrohogar,391978257,1255,Base
2025-08,T038,Jugueteria,82642872,152,Base
2025-08,T038,Moda,238316536,1119,Base
2025-08,T038,Muebles,178628030,1001,Base
2025-08,T038,Tecnologia,129496479,835,Base
2025-08,T039,Alimentos,159102444,1272,Base
2025-08,T039,Belleza,304949887,1279,Base
2025-08,T039,Deportes,222508845,1000,Base
2025-08,T039,Electrohogar,346290355,929,Base
2025-08,T039,Jugueteria,114025591,880,Base
2025-08,T039,Moda,236033196,737,Base
2025-08,T039,Muebles,113949967,348,Base
2025-08,T039,Tecnologia,356799604,763,Base
2025-08,T040,Alimentos,249049062,1265,Base
2025-08,T040,Belleza,377393784,674,Base
2025-08,T040,Deportes,160381259,900,Base
2025-08,T040,Electrohogar,89598921,810,Base
2025-08,T040,Jugueteria,409592866,1285,Base
2025-08,T040,Moda,235573710,1112,Base
2025-08,T040,Muebles,406856652,1187,Base
2025-08,T040,Tecnologia,77187331,360,Base
2025-08,T041,Alimentos,87179505,309,Base
2025-08,T041,Belleza,54346866,307,Base
2025-08,T041,Deportes,58854020,725,Base
2025-08,T041,Electrohogar,417518218,181,Base
2025-08,T041,Jugueteria,80445416,297,Base
2025-08,T041,Moda,238087112,748,Base
2025-08,T041,Muebles,264673662,193,Base
2025-08,T041,Tecnologia,178474385,769,Base
2025-08,T042,Alimentos,385337669,816,Base
2025-08,T042,Belleza,95275087,326,Base
2025-08,T042,Deportes,265771737,176,Base
2025-08,T042,Electrohogar,355151976,461,Base
2025-08,T042,Jugueteria,108397080,792,Base
2025-08,T042,Moda,136495720,533,Base
2025-08,T042,Muebles,185635953,618,Base
2025-08,T042,Tecnologia,202012749,875,Base
2025-08,T043,Alimentos,361489248,1249,Base
2025-08,T043,Belleza,289933807,604,Base
2025-08,T043,Deportes,140346968,936,Base
2025-08,T043,Electrohogar,221129799,232,Base
2025-08,T043,Jugueteria,345395328,1008,Base
2025-08,T043,Moda,250453330,148,Base
2025-08,T043,Muebles,413009542,1024,Base
2025-08,T043,Tecnologia,343008173,1252,Base
2025-08,T044,Alimentos,84173837,1387,Base
2025-08,T044,Belleza,52765551,662,Base
2025-08,T044,Deportes,285681163,1258,Base
2025-08,T044,Electrohogar,260563658,916,Base
2025-08,T044,Jugueteria,263364906,1238,Base
2025-08,T044,Moda,360401396,1246,Base
2025-08,T044,Muebles,312235705,836,Base
2025-08,T044,Tecnologia,363630400,667,Base
2025-08,T045,Alimentos,125445463,893,Base
2025-08,T045,Belleza,304148046,773,Base
2025-08,T045,Deportes,386619328,287,Base
2025-08,T045,Electrohogar,311429724,1130,Base
2025-08,T045,Jugueteria,270120108,372,Base
2025-08,T045,Moda,267749120,243,Base
2025-08,T045,Muebles,170260080,1024,Base
2025-08,T045,Tecnologia,403245884,511,Base
2025-08,T046,Alimentos,194260916,389,Base
2025-08,T046,Belleza,353933406,597,Base
2025-08,T046,Deportes,57101085,491,Base
2025-08,T046,Electrohogar,245036255,1199,Base
2025-08,T046,Jugueteria,198825233,1345,Base
2025-08,T046,Moda,183326617,123,Base
2025-08,T046,Muebles,297164433,858,Base
2025-08,T046,Tecnologia,111958692,1137,Base
2025-08,T047,Alimentos,282670995,1212,Base
2025-08,T047,Belleza,181916601,288,Base
2025-08,T047,Deportes,409049909,281,Base
2025-08,T047,Electrohogar,58262171,1256,Base
2025-08,T047,Jugueteria,268697559,303,Base
2025-08,T047,Moda,209814713,960,Base
2025-08,T047,Muebles,181059792,372,Base
2025-08,T047,Tecnologia,185301241,1342,Base
2025-08,T048,Alimentos,284687126,1299,Base
2025-08,T048,Belleza,202629031,476,Base
2025-08,T048,Deportes,374107945,1281,Base
2025-08,T048,Electrohogar,236151038,852,Base
2025-08,T048,Jugueteria,279796805,1018,Base
2025-08,T048,Moda,71641667,370,Base
2025-08,T048,Muebles,195220033,544,Base
2025-08,T048,Tecnologia,177019304,595,Base
2025-08,T049,Alimentos,152715465,868,Base
2025-08,T049,Belleza,273182798,1214,Base
2025-08,T049,Deportes,90046982,510,Base
2025-08,T049,Electrohogar,130514679,1287,Base
2025-08,T049,Jugueteria,185271866,1230,Base
2025-08,T049,Moda,304283927,1036,Base
2025-08,T049,Muebles,67355031,725,Base
2025-08,T049,Tecnologia,198841820,1329,Base
2025-08,T050,Alimentos,64059667,497,Base
2025-08,T050,Belleza,388522102,1320,Base
2025-08,T050,Deportes,224715333,1324,Base
2025-08,T050,Electrohogar,283041646,580,Base
2025-08,T050,Jugueteria,352547984,951,Base
2025-08,T050,Moda,59955612,455,Base
2025-08,T050,Muebles,192648868,1374,Base
2025-08,T050,Tecnologia,163676358,561,Base
2025-08,T051,Alimentos,224847324,824,Base
2025-08,T051,Belleza,96326379,782,Base
2025-08,T051,Deportes,216353018,1273,Base
2025-08,T051,Electrohogar,220906528,904,Base
2025-08,T051,Jugueteria,294866014,417,Base
2025-08,T051,Moda,357928643,548,Base
2025-08,T051,Muebles,194366938,1105,Base
2025-08,T051,Tecnologia,394906202,542,Base
2025-08,T052,Alimentos,144088497,1335,Base
2025-08,T052,Belleza,331557365,695,Base
2025-08,T052,Deportes,409459026,402,Base
2025-08,T052,Electrohogar,368058187,412,Base
2025-08,T052,Jugueteria,171831121,1399,Base
2025-08,T052,Moda,128769934,1163,Base
2025-08,T052,Muebles,47128069,625,Base
2025-08,T052,Tecnologia,400388960,1038,Base
2025-08,T053,Alimentos,289497537,457,Base
2025-08,T053,Belleza,373642705,388,Base
2025-08,T053,Deportes,86343140,1400,Base
2025-08,T053,Electrohogar,391476426,828,Base
2025-08,T053,Jugueteria,351258303,173,Base
2025-08,T053,Moda,357787353,371,Base
2025-08,T053,Muebles,209308588,606,Base
2025-08,T053,Tecnologia,74360144,1391,Base
2025-08,T054,Alimentos,97253226,145,Base
2025-08,T054,Belleza,172786417,1354,Base
2025-08,T054,Deportes,349643531,1017,Base
2025-08,T054,Electrohogar,141224281,273,Base
2025-08,T054,Jugueteria,361114332,1239,Base
2025-08,T054,Moda,355654420,702,Base
2025-08,T054,Muebles,97136478,696,Base
2025-08,T054,Tecnologia,239449431,1170,Base
2025-08,T055,Alimentos,100344637,1038,Base
2025-08,T055,Belleza,316619588,439,Base
2025-08,T055,Deportes,214785426,1109,Base
2025-08,T055,Electrohogar,152322891,239,Base
2025-08,T055,Jugueteria,161489394,493,Base
2025-08,T055,Moda,240873519,1077,Base
2025-08,T055,Muebles,382581471,1142,Base
2025-08,T055,Tecnologia,309968914,286,Base
2025-08,T056,Alimentos,61398919,1107,Base
2025-08,T056,Belleza,400971201,876,Base
2025-08,T056,Deportes,263217646,169,Base
2025-08,T056,Electrohogar,63310330,868,Base
2025-08,T056,Jugueteria,313153981,451,Base
2025-08,T056,Moda,232939040,810,Base
2025-08,T056,Muebles,88914894,691,Base
2025-08,T056,Tecnologia,344535705,780,Base
2025-08,T057,Alimentos,81767828,627,Base
2025-08,T057,Belleza,104382873,414,Base
2025-08,T057,Deportes,120571156,997,Base
2025-08,T057,Electrohogar,406453801,1131,Base
2025-08,T057,Jugueteria,89840719,1052,Base
2025-08,T057,Moda,348431066,520,Base
2025-08,T057,Muebles,257063330,1317,Base
2025-08,T057,Tecnologia,334920352,793,Base
2025-08,T058,Alimentos,91940368,666,Base
2025-08,T058,Belleza,131493450,275,Base
2025-08,T058,Deportes,273966374,1340,Base
2025-08,T058,Electrohogar,168237926,910,Base
2025-08,T058,Jugueteria,290660078,237,Base
2025-08,T058,Moda,148382020,443,Base
2025-08,T058,Muebles,248544512,609,Base
2025-08,T058,Tecnologia,375809058,1144,Base
2025-08,T059,Alimentos,56464213,721,Base
2025-08,T059,Belleza,327475315,1153,Base
2025-08,T059,Deportes,213005137,1313,Base
2025-08,T059,Electrohogar,306096281,171,Base
2025-08,T059,Jugueteria,119837640,1180,Base
2025-08,T059,Moda,111305846,890,Base
2025-08,T059,Muebles,357635663,772,Base
2025-08,T059,Tecnologia,411068428,1284,Base
2025-08,T060,Alimentos,74517221,522,Base
2025-08,T060,Belleza,361930315,254,Base
2025-08,T060,Deportes,293905038,730,Base
2025-08,T060,Electrohogar,190423487,1088,Base
2025-08,T060,Jugueteria,256070438,1008,Base
2025-08,T060,Moda,231011227,1025,Base
2025-08,T060,Muebles,292853855,132,Base
2025-08,T060,Tecnologia,210282364,1368,Base
2025-09,T001,Alimentos,342418919,160,Base
2025-09,T001,Belleza,205345039,1065,Base
2025-09,T001,Deportes,255561692,352,Base
2025-09,T001,Electrohogar,172615146,1131,Base
2025-09,T001,Jugueteria,291854430,1219,Base
2025-09,T001,Moda,303178683,933,Base
2025-09,T001,Muebles,54495312,440,Base
2025-09,T001,Tecnologia,219131739,387,Base
2025-09,T002,Alimentos,162369146,1260,Base
2025-09,T002,Belleza,52702883,1350,Base
2025-09,T002,Deportes,198669811,202,Base
2025-09,T002,Electrohogar,254702543,597,Base
2025-09,T002,Jugueteria,75689319,778,Base
2025-09,T002,Moda,319907921,452,Base
2025-09,T002,Muebles,89921619,1334,Base
2025-09,T002,Tecnologia,332097371,657,Base
2025-09,T003,Alimentos,180216893,506,Base
2025-09,T003,Belleza,151418390,896,Base
2025-09,T003,Deportes,50434546,1039,Base
2025-09,T003,Electrohogar,317723472,578,Base
2025-09,T003,Jugueteria,180547554,1118,Base
2025-09,T003,Moda,363308324,402,Base
2025-09,T003,Muebles,195496947,519,Base
2025-09,T003,Tecnologia,272560881,622,Base
2025-09,T004,Alimentos,147819667,937,Base
2025-09,T004,Belleza,181279045,1172,Base
2025-09,T004,Deportes,378005672,176,Base
2025-09,T004,Electrohogar,223964675,1063,Base
2025-09,T004,Jugueteria,149927699,751,Base
2025-09,T004,Moda,226881849,1137,Base
2025-09,T004,Muebles,298384180,1020,Base
2025-09,T004,Tecnologia,220298085,640,Base
2025-09,T005,Alimentos,264375623,1160,Base
2025-09,T005,Belleza,372205317,1110,Base
2025-09,T005,Deportes,186220469,354,Base
2025-09,T005,Electrohogar,156115294,1170,Base
2025-09,T005,Jugueteria,249657906,456,Base
2025-09,T005,Moda,404743751,605,Base
2025-09,T005,Muebles,365011909,858,Base
2025-09,T005,Tecnologia,200266750,1223,Base
2025-09,T006,Alimentos,167901279,823,Base
2025-09,T006,Belleza,131600175,327,Base
2025-09,T006,Deportes,334492305,936,Base
2025-09,T006,Electrohogar,366218944,1201,Base
2025-09,T006,Jugueteria,165349030,829,Base
2025-09,T006,Moda,191155837,1091,Base
2025-09,T006,Muebles,323059411,250,Base
2025-09,T006,Tecnologia,60336161,668,Base
2025-09,T007,Alimentos,322892677,213,Base
2025-09,T007,Belleza,45195412,430,Base
2025-09,T007,Deportes,382287110,604,Base
2025-09,T007,Electrohogar,207765358,969,Base
2025-09,T007,Jugueteria,337632454,1157,Base
2025-09,T007,Moda,239429621,780,Base
2025-09,T007,Muebles,355753310,1347,Base
2025-09,T007,Tecnologia,187539707,383,Base
2025-09,T008,Alimentos,122837651,1125,Base
2025-09,T008,Belleza,183421679,298,Base
2025-09,T008,Deportes,107659813,1373,Base
2025-09,T008,Electrohogar,290686540,1270,Base
2025-09,T008,Jugueteria,280321707,1020,Base
2025-09,T008,Moda,225820704,1249,Base
2025-09,T008,Muebles,419531427,1001,Base
2025-09,T008,Tecnologia,111850970,191,Base
2025-09,T009,Alimentos,279053007,587,Base
2025-09,T009,Belleza,222901038,940,Base
2025-09,T009,Deportes,68637622,1119,Base
2025-09,T009,Electrohogar,201219008,1213,Base
2025-09,T009,Jugueteria,402243044,402,Base
2025-09,T009,Moda,263935776,909,Base
2025-09,T009,Muebles,207185421,772,Base
2025-09,T009,Tecnologia,340365311,606,Base
2025-09,T010,Alimentos,213166739,1199,Base
2025-09,T010,Belleza,355266194,338,Base
2025-09,T010,Deportes,268390372,1342,Base
2025-09,T010,Electrohogar,161327239,363,Base
2025-09,T010,Jugueteria,360424965,438,Base
2025-09,T010,Moda,323622124,775,Base
2025-09,T010,Muebles,307758625,1137,Base
2025-09,T010,Tecnologia,202044779,831,Base
2025-09,T011,Alimentos,299891039,810,Base
2025-09,T011,Belleza,201309567,815,Base
2025-09,T011,Deportes,242143726,397,Base
2025-09,T011,Electrohogar,227092717,739,Base
2025-09,T011,Jugueteria,96103271,981,Base
2025-09,T011,Moda,298188432,705,Base
2025-09,T011,Muebles,317575090,1204,Base
2025-09,T011,Tecnologia,159219320,1326,Base
2025-09,T012,Alimentos,395871747,957,Base
2025-09,T012,Belleza,166281296,870,Base
2025-09,T012,Deportes,346816399,1389,Base
2025-09,T012,Electrohogar,110470292,785,Base
2025-09,T012,Jugueteria,111687708,180,Base
2025-09,T012,Moda,245195593,603,Base
2025-09,T012,Muebles,49095164,805,Base
2025-09,T012,Tecnologia,319614858,1019,Base
2025-09,T013,Alimentos,72680988,748,Base
2025-09,T013,Belleza,102594973,1200,Base
2025-09,T013,Deportes,263579918,1369,Base
2025-09,T013,Electrohogar,95619045,427,Base
2025-09,T013,Jugueteria,215579296,226,Base
2025-09,T013,Moda,362596156,734,Base
2025-09,T013,Muebles,133613308,368,Base
2025-09,T013,Tecnologia,76591413,1059,Base
2025-09,T014,Alimentos,131925047,1267,Base
2025-09,T014,Belleza,91735937,1257,Base
2025-09,T014,Deportes,120329745,1048,Base
2025-09,T014,Electrohogar,248107019,776,Base
2025-09,T014,Jugueteria,213823036,996,Base
2025-09,T014,Moda,111092375,458,Base
2025-09,T014,Muebles,155607320,130,Base
2025-09,T014,Tecnologia,240914483,664,Base
2025-09,T015,Alimentos,328010376,695,Base
2025-09,T015,Belleza,372342697,827,Base
2025-09,T015,Deportes,275319015,574,Base
2025-09,T015,Electrohogar,158200275,521,Base
2025-09,T015,Jugueteria,172640208,752,Base
2025-09,T015,Moda,168392754,785,Base
2025-09,T015,Muebles,199334967,401,Base
2025-09,T015,Tecnologia,406880508,673,Base
2025-09,T016,Alimentos,178694323,874,Base
2025-09,T016,Belleza,390690881,1083,Base
2025-09,T016,Deportes,246937699,357,Base
2025-09,T016,Electrohogar,125542560,683,Base
2025-09,T016,Jugueteria,297753195,526,Base
2025-09,T016,Moda,69772649,1377,Base
2025-09,T016,Muebles,65323358,1186,Base
2025-09,T016,Tecnologia,120407367,367,Base
2025-09,T017,Alimentos,266807121,1080,Base
2025-09,T017,Belleza,231251608,530,Base
2025-09,T017,Deportes,186454583,908,Base
2025-09,T017,Electrohogar,314043028,1336,Base
2025-09,T017,Jugueteria,335074229,1120,Base
2025-09,T017,Moda,215240565,1302,Base
2025-09,T017,Muebles,161619052,413,Base
2025-09,T017,Tecnologia,383410315,214,Base
2025-09,T018,Alimentos,132254270,172,Base
2025-09,T018,Belleza,256773110,1147,Base
2025-09,T018,Deportes,254959079,906,Base
2025-09,T018,Electrohogar,192299120,216,Base
2025-09,T018,Jugueteria,341535439,141,Base
2025-09,T018,Moda,351261583,201,Base
2025-09,T018,Muebles,86865860,1285,Base
2025-09,T018,Tecnologia,396378910,389,Base
2025-09,T019,Alimentos,415529557,199,Base
2025-09,T019,Belleza,232995799,290,Base
2025-09,T019,Deportes,263059169,1344,Base
2025-09,T019,Electrohogar,206882958,525,Base
2025-09,T019,Jugueteria,98273199,540,Base
2025-09,T019,Moda,349095548,176,Base
2025-09,T019,Muebles,88790238,146,Base
2025-09,T019,Tecnologia,183299048,617,Base
2025-09,T020,Alimentos,291011774,672,Base
2025-09,T020,Belleza,217903225,1301,Base
2025-09,T020,Deportes,345008570,1173,Base
2025-09,T020,Electrohogar,393478680,608,Base
2025-09,T020,Jugueteria,167327270,182,Base
2025-09,T020,Moda,75506156,1396,Base
2025-09,T020,Muebles,400523325,1096,Base
2025-09,T020,Tecnologia,125007576,643,Base
2025-09,T021,Alimentos,153960661,873,Base
2025-09,T021,Belleza,76553033,214,Base
2025-09,T021,Deportes,69007099,473,Base
2025-09,T021,Electrohogar,223726161,765,Base
2025-09,T021,Jugueteria,348890259,124,Base
2025-09,T021,Moda,307293897,906,Base
2025-09,T021,Muebles,175469983,783,Base
2025-09,T021,Tecnologia,183638762,727,Base
2025-09,T022,Alimentos,266224843,221,Base
2025-09,T022,Belleza,130870532,977,Base
2025-09,T022,Deportes,256097018,218,Base
2025-09,T022,Electrohogar,71860554,1010,Base
2025-09,T022,Jugueteria,232980120,774,Base
2025-09,T022,Moda,362999209,1168,Base
2025-09,T022,Muebles,151934158,610,Base
2025-09,T022,Tecnologia,91420205,984,Base
2025-09,T023,Alimentos,274197024,134,Base
2025-09,T023,Belleza,185672992,608,Base
2025-09,T023,Deportes,97536242,948,Base
2025-09,T023,Electrohogar,48170319,405,Base
2025-09,T023,Jugueteria,156388372,979,Base
2025-09,T023,Moda,218240952,684,Base
2025-09,T023,Muebles,133634527,345,Base
2025-09,T023,Tecnologia,348316836,1251,Base
2025-09,T024,Alimentos,180225937,1192,Base
2025-09,T024,Belleza,94909355,1152,Base
2025-09,T024,Deportes,256512507,923,Base
2025-09,T024,Electrohogar,326966575,810,Base
2025-09,T024,Jugueteria,52920608,186,Base
2025-09,T024,Moda,135315091,983,Base
2025-09,T024,Muebles,181944130,1137,Base
2025-09,T024,Tecnologia,366380635,889,Base
2025-09,T025,Alimentos,104651628,1343,Base
2025-09,T025,Belleza,46810337,987,Base
2025-09,T025,Deportes,136152399,319,Base
2025-09,T025,Electrohogar,131725075,1359,Base
2025-09,T025,Jugueteria,46939887,1188,Base
2025-09,T025,Moda,126496904,1236,Base
2025-09,T025,Muebles,354965680,235,Base
2025-09,T025,Tecnologia,66637168,616,Base
2025-09,T026,Alimentos,289777439,1385,Base
2025-09,T026,Belleza,61457085,990,Base
2025-09,T026,Deportes,369714960,1048,Base
2025-09,T026,Electrohogar,174642630,1295,Base
2025-09,T026,Jugueteria,310012514,1268,Base
2025-09,T026,Moda,159559116,783,Base
2025-09,T026,Muebles,189729243,265,Base
2025-09,T026,Tecnologia,191996428,588,Base
2025-09,T027,Alimentos,58569816,399,Base
2025-09,T027,Belleza,196046975,1133,Base
2025-09,T027,Deportes,150910082,331,Base
2025-09,T027,Electrohogar,419352363,381,Base
2025-09,T027,Jugueteria,85268012,431,Base
2025-09,T027,Moda,238656505,1372,Base
2025-09,T027,Muebles,210250948,613,Base
2025-09,T027,Tecnologia,183690820,576,Base
2025-09,T028,Alimentos,285105531,1107,Base
2025-09,T028,Belleza,352208106,500,Base
2025-09,T028,Deportes,212145711,1366,Base
2025-09,T028,Electrohogar,79466696,311,Base
2025-09,T028,Jugueteria,260197955,432,Base
2025-09,T028,Moda,343583588,151,Base
2025-09,T028,Muebles,312487927,1347,Base
2025-09,T028,Tecnologia,129243422,1223,Base
2025-09,T029,Alimentos,231205395,457,Base
2025-09,T029,Belleza,313813844,539,Base
2025-09,T029,Deportes,203330841,1103,Base
2025-09,T029,Electrohogar,317360000,1298,Base
2025-09,T029,Jugueteria,337303548,611,Base
2025-09,T029,Moda,90787443,1330,Base
2025-09,T029,Muebles,145981625,1293,Base
2025-09,T029,Tecnologia,261341313,190,Base
2025-09,T030,Alimentos,66177716,586,Base
2025-09,T030,Belleza,234469966,964,Base
2025-09,T030,Deportes,88540073,136,Base
2025-09,T030,Electrohogar,139024512,1314,Base
2025-09,T030,Jugueteria,139473130,610,Base
2025-09,T030,Moda,328330889,364,Base
2025-09,T030,Muebles,344132420,996,Base
2025-09,T030,Tecnologia,338333182,215,Base
2025-09,T031,Alimentos,287871842,873,Base
2025-09,T031,Belleza,230602767,896,Base
2025-09,T031,Deportes,261280540,704,Base
2025-09,T031,Electrohogar,340499961,123,Base
2025-09,T031,Jugueteria,231536478,489,Base
2025-09,T031,Moda,404440932,780,Base
2025-09,T031,Muebles,221776145,1256,Base
2025-09,T031,Tecnologia,141093425,1119,Base
2025-09,T032,Alimentos,190721000,213,Base
2025-09,T032,Belleza,82611169,1155,Base
2025-09,T032,Deportes,182304894,833,Base
2025-09,T032,Electrohogar,135674771,141,Base
2025-09,T032,Jugueteria,385467804,741,Base
2025-09,T032,Moda,260873750,1257,Base
2025-09,T032,Muebles,167679109,1065,Base
2025-09,T032,Tecnologia,324313788,1139,Base
2025-09,T033,Alimentos,330317408,949,Base
2025-09,T033,Belleza,371481178,164,Base
2025-09,T033,Deportes,72623697,744,Base
2025-09,T033,Electrohogar,386920058,1228,Base
2025-09,T033,Jugueteria,128003910,436,Base
2025-09,T033,Moda,215669730,1063,Base
2025-09,T033,Muebles,75535272,1274,Base
2025-09,T033,Tecnologia,275317235,598,Base
2025-09,T034,Alimentos,290131282,1151,Base
2025-09,T034,Belleza,157811253,591,Base
2025-09,T034,Deportes,313084722,700,Base
2025-09,T034,Electrohogar,408021860,1040,Base
2025-09,T034,Jugueteria,397144598,957,Base
2025-09,T034,Moda,410425355,358,Base
2025-09,T034,Muebles,318606775,593,Base
2025-09,T034,Tecnologia,347173549,1269,Base
2025-09,T035,Alimentos,108655125,889,Base
2025-09,T035,Belleza,228076662,879,Base
2025-09,T035,Deportes,249442967,219,Base
2025-09,T035,Electrohogar,149617902,544,Base
2025-09,T035,Jugueteria,100875404,1196,Base
2025-09,T035,Moda,365464546,711,Base
2025-09,T035,Muebles,138156642,978,Base
2025-09,T035,Tecnologia,175980646,254,Base
2025-09,T036,Alimentos,406306477,1055,Base
2025-09,T036,Belleza,258112696,1281,Base
2025-09,T036,Deportes,158349703,418,Base
2025-09,T036,Electrohogar,379490521,1174,Base
2025-09,T036,Jugueteria,137249495,416,Base
2025-09,T036,Moda,212508868,1371,Base
2025-09,T036,Muebles,80573138,844,Base
2025-09,T036,Tecnologia,222597502,875,Base
2025-09,T037,Alimentos,346339677,1266,Base
2025-09,T037,Belleza,273512300,1110,Base
2025-09,T037,Deportes,101975752,1009,Base
2025-09,T037,Electrohogar,369297858,238,Base
2025-09,T037,Jugueteria,360720890,1348,Base
2025-09,T037,Moda,253685131,1331,Base
2025-09,T037,Muebles,373964993,1058,Base
2025-09,T037,Tecnologia,95801865,1065,Base
2025-09,T038,Alimentos,388771366,536,Base
2025-09,T038,Belleza,360090130,966,Base
2025-09,T038,Deportes,51724696,312,Base
2025-09,T038,Electrohogar,316554482,1096,Base
2025-09,T038,Jugueteria,183989532,1018,Base
2025-09,T038,Moda,73594996,234,Base
2025-09,T038,Muebles,288968406,498,Base
2025-09,T038,Tecnologia,223783813,1294,Base
2025-09,T039,Alimentos,293382826,1152,Base
2025-09,T039,Belleza,188385609,567,Base
2025-09,T039,Deportes,355023017,742,Base
2025-09,T039,Electrohogar,101937253,345,Base
2025-09,T039,Jugueteria,386408332,630,Base
2025-09,T039,Moda,187852578,125,Base
2025-09,T039,Muebles,401051874,683,Base
2025-09,T039,Tecnologia,48524592,797,Base
2025-09,T040,Alimentos,316091183,128,Base
2025-09,T040,Belleza,260899116,1389,Base
2025-09,T040,Deportes,122144383,752,Base
2025-09,T040,Electrohogar,256575591,842,Base
2025-09,T040,Jugueteria,149686243,1247,Base
2025-09,T040,Moda,371265165,1047,Base
2025-09,T040,Muebles,301209933,664,Base
2025-09,T040,Tecnologia,230053521,238,Base
2025-09,T041,Alimentos,46028651,570,Base
2025-09,T041,Belleza,110286869,300,Base
2025-09,T041,Deportes,158230777,511,Base
2025-09,T041,Electrohogar,309843026,937,Base
2025-09,T041,Jugueteria,139294136,731,Base
2025-09,T041,Moda,254242748,266,Base
2025-09,T041,Muebles,111012890,827,Base
2025-09,T041,Tecnologia,185830196,217,Base
2025-09,T042,Alimentos,177621309,943,Base
2025-09,T042,Belleza,208264040,215,Base
2025-09,T042,Deportes,198273730,924,Base
2025-09,T042,Electrohogar,161953793,258,Base
2025-09,T042,Jugueteria,215743004,677,Base
2025-09,T042,Moda,56673068,1115,Base
2025-09,T042,Muebles,414642837,557,Base
2025-09,T042,Tecnologia,409619638,618,Base
2025-09,T043,Alimentos,373938148,697,Base
2025-09,T043,Belleza,246311894,1021,Base
2025-09,T043,Deportes,226549354,1382,Base
2025-09,T043,Electrohogar,350313072,1104,Base
2025-09,T043,Jugueteria,139997557,374,Base
2025-09,T043,Moda,410746368,163,Base
2025-09,T043,Muebles,400595582,718,Base
2025-09,T043,Tecnologia,368471756,956,Base
2025-09,T044,Alimentos,416343002,232,Base
2025-09,T044,Belleza,155139170,633,Base
2025-09,T044,Deportes,77354592,1061,Base
2025-09,T044,Electrohogar,143362960,470,Base
2025-09,T044,Jugueteria,393898665,1084,Base
2025-09,T044,Moda,210361793,1038,Base
2025-09,T044,Muebles,67383022,310,Base
2025-09,T044,Tecnologia,63403214,732,Base
2025-09,T045,Alimentos,355126802,972,Base
2025-09,T045,Belleza,373699083,1320,Base
2025-09,T045,Deportes,171184827,794,Base
2025-09,T045,Electrohogar,160443296,988,Base
2025-09,T045,Jugueteria,68194162,1251,Base
2025-09,T045,Moda,384246748,734,Base
2025-09,T045,Muebles,410914023,701,Base
2025-09,T045,Tecnologia,313570117,374,Base
2025-09,T046,Alimentos,277603401,744,Base
2025-09,T046,Belleza,178815485,1196,Base
2025-09,T046,Deportes,200642031,1336,Base
2025-09,T046,Electrohogar,375615124,297,Base
2025-09,T046,Jugueteria,122287315,826,Base
2025-09,T046,Moda,112305488,371,Base
2025-09,T046,Muebles,397080726,1246,Base
2025-09,T046,Tecnologia,245840809,1325,Base
2025-09,T047,Alimentos,386359305,981,Base
2025-09,T047,Belleza,107986655,969,Base
2025-09,T047,Deportes,272443366,1207,Base
2025-09,T047,Electrohogar,340755434,1273,Base
2025-09,T047,Jugueteria,235117787,1022,Base
2025-09,T047,Moda,53006520,324,Base
2025-09,T047,Muebles,406581745,173,Base
2025-09,T047,Tecnologia,300385814,190,Base
2025-09,T048,Alimentos,257913399,791,Base
2025-09,T048,Belleza,210110495,1279,Base
2025-09,T048,Deportes,118460921,367,Base
2025-09,T048,Electrohogar,118632306,659,Base
2025-09,T048,Jugueteria,244111103,481,Base
2025-09,T048,Moda,99881986,1299,Base
2025-09,T048,Muebles,113979500,426,Base
2025-09,T048,Tecnologia,342324870,529,Base
2025-09,T049,Alimentos,347617066,1072,Base
2025-09,T049,Belleza,174794881,411,Base
2025-09,T049,Deportes,81124227,651,Base
2025-09,T049,Electrohogar,348489801,964,Base
2025-09,T049,Jugueteria,392155537,1210,Base
2025-09,T049,Moda,254693948,251,Base
2025-09,T049,Muebles,108833781,973,Base
2025-09,T049,Tecnologia,376902697,1315,Base
2025-09,T050,Alimentos,45499504,815,Base
2025-09,T050,Belleza,263343262,1029,Base
2025-09,T050,Deportes,271145574,431,Base
2025-09,T050,Electrohogar,222721753,1041,Base
2025-09,T050,Jugueteria,325195471,122,Base
2025-09,T050,Moda,71300643,578,Base
2025-09,T050,Muebles,342600077,491,Base
2025-09,T050,Tecnologia,295557454,522,Base
2025-09,T051,Alimentos,230766689,138,Base
2025-09,T051,Belleza,364978885,1157,Base
2025-09,T051,Deportes,227238404,1180,Base
2025-09,T051,Electrohogar,411281878,788,Base
2025-09,T051,Jugueteria,261014318,425,Base
2025-09,T051,Moda,165254711,1208,Base
2025-09,T051,Muebles,319823725,1021,Base
2025-09,T051,Tecnologia,197602632,260,Base
2025-09,T052,Alimentos,124113214,1073,Base
2025-09,T052,Belleza,56572157,194,Base
2025-09,T052,Deportes,301582932,1075,Base
2025-09,T052,Electrohogar,211293934,706,Base
2025-09,T052,Jugueteria,236205207,1082,Base
2025-09,T052,Moda,175558059,1169,Base
2025-09,T052,Muebles,129539064,1163,Base
2025-09,T052,Tecnologia,103137703,204,Base
2025-09,T053,Alimentos,75010606,1270,Base
2025-09,T053,Belleza,320616290,228,Base
2025-09,T053,Deportes,272661991,962,Base
2025-09,T053,Electrohogar,229679169,777,Base
2025-09,T053,Jugueteria,128507614,158,Base
2025-09,T053,Moda,218897696,435,Base
2025-09,T053,Muebles,174864313,1142,Base
2025-09,T053,Tecnologia,378176986,545,Base
2025-09,T054,Alimentos,403608967,673,Base
2025-09,T054,Belleza,79853516,311,Base
2025-09,T054,Deportes,93385811,417,Base
2025-09,T054,Electrohogar,64580472,1301,Base
2025-09,T054,Jugueteria,230268715,830,Base
2025-09,T054,Moda,409346913,993,Base
2025-09,T054,Muebles,174853871,526,Base
2025-09,T054,Tecnologia,361694565,767,Base
2025-09,T055,Alimentos,291986285,672,Base
2025-09,T055,Belleza,330334218,990,Base
2025-09,T055,Deportes,398821938,734,Base
2025-09,T055,Electrohogar,88979496,380,Base
2025-09,T055,Jugueteria,90087485,181,Base
2025-09,T055,Moda,125648728,152,Base
2025-09,T055,Muebles,380407932,1144,Base
2025-09,T055,Tecnologia,63149771,660,Base
2025-09,T056,Alimentos,117587805,1182,Base
2025-09,T056,Belleza,418580584,1102,Base
2025-09,T056,Deportes,264854340,731,Base
2025-09,T056,Electrohogar,182889831,774,Base
2025-09,T056,Jugueteria,102649665,1374,Base
2025-09,T056,Moda,234443226,681,Base
2025-09,T056,Muebles,91363500,642,Base
2025-09,T056,Tecnologia,223350088,814,Base
2025-09,T057,Alimentos,199643853,1284,Base
2025-09,T057,Belleza,59623008,876,Base
2025-09,T057,Deportes,178066365,1305,Base
2025-09,T057,Electrohogar,85064514,879,Base
2025-09,T057,Jugueteria,205568265,386,Base
2025-09,T057,Moda,385930619,240,Base
2025-09,T057,Muebles,136085723,990,Base
2025-09,T057,Tecnologia,79599053,473,Base
2025-09,T058,Alimentos,287971817,915,Base
2025-09,T058,Belleza,419039442,487,Base
2025-09,T058,Deportes,253809570,503,Base
2025-09,T058,Electrohogar,49227391,687,Base
2025-09,T058,Jugueteria,303208839,858,Base
2025-09,T058,Moda,169012367,1090,Base
2025-09,T058,Muebles,109995034,556,Base
2025-09,T058,Tecnologia,58924014,391,Base
2025-09,T059,Alimentos,306172217,237,Base
2025-09,T059,Belleza,225181646,1131,Base
2025-09,T059,Deportes,373456776,419,Base
2025-09,T059,Electrohogar,122737433,270,Base
2025-09,T059,Jugueteria,62176126,515,Base
2025-09,T059,Moda,413500242,1256,Base
2025-09,T059,Muebles,151531943,393,Base
2025-09,T059,Tecnologia,292265001,765,Base
2025-09,T060,Alimentos,257221546,692,Base
2025-09,T060,Belleza,331666521,655,Base
2025-09,T060,Deportes,341002292,1349,Base
2025-09,T060,Electrohogar,384008455,622,Base
2025-09,T060,Jugueteria,263034503,257,Base
2025-09,T060,Moda,271906793,544,Base
2025-09,T060,Muebles,227933288,970,Base
2025-09,T060,Tecnologia,102631458,665,Base
2025-10,T001,Alimentos,369476224,1335,Base
2025-10,T001,Belleza,359226353,1069,Base
2025-10,T001,Deportes,189099849,1219,Base
2025-10,T001,Electrohogar,281989469,867,Base
2025-10,T001,Jugueteria,211197459,572,Base
2025-10,T001,Moda,63003521,1360,Base
2025-10,T001,Muebles,255893832,447,Base
2025-10,T001,Tecnologia,144156797,878,Base
2025-10,T002,Alimentos,136989843,609,Base
2025-10,T002,Belleza,93285697,307,Base
2025-10,T002,Deportes,365516156,619,Base
2025-10,T002,Electrohogar,278881731,1033,Base
2025-10,T002,Jugueteria,82423011,455,Base
2025-10,T002,Moda,221676924,942,Base
2025-10,T002,Muebles,362516165,1146,Base
2025-10,T002,Tecnologia,272938118,210,Base
2025-10,T003,Alimentos,388541060,1181,Base
2025-10,T003,Belleza,403070226,236,Base
2025-10,T003,Deportes,229229418,408,Base
2025-10,T003,Electrohogar,232846729,1322,Base
2025-10,T003,Jugueteria,402884018,943,Base
2025-10,T003,Moda,275428062,1036,Base
2025-10,T003,Muebles,83211696,562,Base
2025-10,T003,Tecnologia,318332826,932,Base
2025-10,T004,Alimentos,262849259,867,Base
2025-10,T004,Belleza,364412770,925,Base
2025-10,T004,Deportes,233020034,607,Base
2025-10,T004,Electrohogar,307356597,121,Base
2025-10,T004,Jugueteria,395355945,311,Base
2025-10,T004,Moda,308951529,490,Base
2025-10,T004,Muebles,166306284,566,Base
2025-10,T004,Tecnologia,213316085,923,Base
2025-10,T005,Alimentos,237531140,347,Base
2025-10,T005,Belleza,127411518,283,Base
2025-10,T005,Deportes,99698763,266,Base
2025-10,T005,Electrohogar,103888139,1141,Base
2025-10,T005,Jugueteria,217628701,193,Base
2025-10,T005,Moda,93716210,1140,Base
2025-10,T005,Muebles,52694150,470,Base
2025-10,T005,Tecnologia,304634592,734,Base
2025-10,T006,Alimentos,364251459,131,Base
2025-10,T006,Belleza,362633999,597,Base
2025-10,T006,Deportes,177980722,1088,Base
2025-10,T006,Electrohogar,138814810,180,Base
2025-10,T006,Jugueteria,70704416,562,Base
2025-10,T006,Moda,48085153,256,Base
2025-10,T006,Muebles,99677765,890,Base
2025-10,T006,Tecnologia,77294904,1079,Base
2025-10,T007,Alimentos,407804109,860,Base
2025-10,T007,Belleza,307731095,811,Base
2025-10,T007,Deportes,154682836,942,Base
2025-10,T007,Electrohogar,289275847,399,Base
2025-10,T007,Jugueteria,196066755,947,Base
2025-10,T007,Moda,201888352,611,Base
2025-10,T007,Muebles,319719154,1016,Base
2025-10,T007,Tecnologia,132038332,637,Base
2025-10,T008,Alimentos,387068943,799,Base
2025-10,T008,Belleza,76703554,698,Base
2025-10,T008,Deportes,58691478,741,Base
2025-10,T008,Electrohogar,49194104,483,Base
2025-10,T008,Jugueteria,270096228,576,Base
2025-10,T008,Moda,306938095,653,Base
2025-10,T008,Muebles,134747699,904,Base
2025-10,T008,Tecnologia,194553721,1305,Base
2025-10,T009,Alimentos,238490620,1154,Base
2025-10,T009,Belleza,101144218,226,Base
2025-10,T009,Deportes,337938431,981,Base
2025-10,T009,Electrohogar,252148091,1095,Base
2025-10,T009,Jugueteria,223155597,768,Base
2025-10,T009,Moda,179801461,1100,Base
2025-10,T009,Muebles,96644030,438,Base
2025-10,T009,Tecnologia,147896628,651,Base
2025-10,T010,Alimentos,154481968,875,Base
2025-10,T010,Belleza,208307091,1330,Base
2025-10,T010,Deportes,330282073,990,Base
2025-10,T010,Electrohogar,247526592,1384,Base
2025-10,T010,Jugueteria,95350276,988,Base
2025-10,T010,Moda,55229087,441,Base
2025-10,T010,Muebles,120520677,754,Base
2025-10,T010,Tecnologia,334346987,1010,Base
2025-10,T011,Alimentos,176217871,887,Base
2025-10,T011,Belleza,111343103,1270,Base
2025-10,T011,Deportes,383829891,262,Base
2025-10,T011,Electrohogar,64925342,820,Base
2025-10,T011,Jugueteria,51112431,1065,Base
2025-10,T011,Moda,232699477,1186,Base
2025-10,T011,Muebles,305910633,993,Base
2025-10,T011,Tecnologia,93808502,608,Base
2025-10,T012,Alimentos,143614710,1244,Base
2025-10,T012,Belleza,163239613,261,Base
2025-10,T012,Deportes,390754995,419,Base
2025-10,T012,Electrohogar,57046780,356,Base
2025-10,T012,Jugueteria,351771187,544,Base
2025-10,T012,Moda,59400217,709,Base
2025-10,T012,Muebles,248676483,950,Base
2025-10,T012,Tecnologia,69622380,1352,Base
2025-10,T013,Alimentos,328367547,238,Base
2025-10,T013,Belleza,199519061,1102,Base
2025-10,T013,Deportes,108339909,210,Base
2025-10,T013,Electrohogar,267735491,1163,Base
2025-10,T013,Jugueteria,262539565,1206,Base
2025-10,T013,Moda,85440796,857,Base
2025-10,T013,Muebles,190340833,1261,Base
2025-10,T013,Tecnologia,87894489,570,Base
2025-10,T014,Alimentos,249422991,357,Base
2025-10,T014,Belleza,358999447,961,Base
2025-10,T014,Deportes,345182706,127,Base
2025-10,T014,Electrohogar,143308482,665,Base
2025-10,T014,Jugueteria,106046829,360,Base
2025-10,T014,Moda,271022563,818,Base
2025-10,T014,Muebles,184222217,1247,Base
2025-10,T014,Tecnologia,103125442,365,Base
2025-10,T015,Alimentos,391031581,636,Base
2025-10,T015,Belleza,103806142,1398,Base
2025-10,T015,Deportes,309502233,1191,Base
2025-10,T015,Electrohogar,391153929,642,Base
2025-10,T015,Jugueteria,102394700,1033,Base
2025-10,T015,Moda,371524155,949,Base
2025-10,T015,Muebles,276266836,534,Base
2025-10,T015,Tecnologia,63115371,800,Base
2025-10,T016,Alimentos,122561863,798,Base
2025-10,T016,Belleza,169196340,1028,Base
2025-10,T016,Deportes,254794084,248,Base
2025-10,T016,Electrohogar,294880705,1074,Base
2025-10,T016,Jugueteria,259336064,575,Base
2025-10,T016,Moda,114585477,715,Base
2025-10,T016,Muebles,291320875,1211,Base
2025-10,T016,Tecnologia,202546412,509,Base
2025-10,T017,Alimentos,310823282,1137,Base
2025-10,T017,Belleza,244608012,344,Base
2025-10,T017,Deportes,230053320,1342,Base
2025-10,T017,Electrohogar,241961055,1142,Base
2025-10,T017,Jugueteria,364031107,260,Base
2025-10,T017,Moda,289995483,1132,Base
2025-10,T017,Muebles,378986607,660,Base
2025-10,T017,Tecnologia,116678362,892,Base
2025-10,T018,Alimentos,293744411,983,Base
2025-10,T018,Belleza,403429403,793,Base
2025-10,T018,Deportes,204187000,938,Base
2025-10,T018,Electrohogar,138782899,1013,Base
2025-10,T018,Jugueteria,150873922,1132,Base
2025-10,T018,Moda,320008445,206,Base
2025-10,T018,Muebles,259939291,645,Base
2025-10,T018,Tecnologia,240912159,1316,Base
2025-10,T019,Alimentos,192567885,310,Base
2025-10,T019,Belleza,192824289,635,Base
2025-10,T019,Deportes,379274657,1157,Base
2025-10,T019,Electrohogar,161401400,1254,Base
2025-10,T019,Jugueteria,203624692,975,Base
2025-10,T019,Moda,111688240,945,Base
2025-10,T019,Muebles,159140610,1274,Base
2025-10,T019,Tecnologia,405736232,1075,Base
2025-10,T020,Alimentos,347846115,1281,Base
2025-10,T020,Belleza,220962034,146,Base
2025-10,T020,Deportes,284870829,878,Base
2025-10,T020,Electrohogar,232197623,1102,Base
2025-10,T020,Jugueteria,208254500,1230,Base
2025-10,T020,Moda,230715810,543,Base
2025-10,T020,Muebles,183492425,1321,Base
2025-10,T020,Tecnologia,367230860,431,Base
2025-10,T021,Alimentos,81672555,483,Base
2025-10,T021,Belleza,305783262,440,Base
2025-10,T021,Deportes,261423881,416,Base
2025-10,T021,Electrohogar,217668652,475,Base
2025-10,T021,Jugueteria,150829353,451,Base
2025-10,T021,Moda,51656957,237,Base
2025-10,T021,Muebles,393735229,1211,Base
2025-10,T021,Tecnologia,205064850,1104,Base
2025-10,T022,Alimentos,232799193,1371,Base
2025-10,T022,Belleza,142387806,662,Base
2025-10,T022,Deportes,152285036,1392,Base
2025-10,T022,Electrohogar,154465365,976,Base
2025-10,T022,Jugueteria,292587822,232,Base
2025-10,T022,Moda,403653551,1064,Base
2025-10,T022,Muebles,363361039,1049,Base
2025-10,T022,Tecnologia,181029478,345,Base
2025-10,T023,Alimentos,348572615,1042,Base
2025-10,T023,Belleza,71335609,609,Base
2025-10,T023,Deportes,332103820,599,Base
2025-10,T023,Electrohogar,348969217,240,Base
2025-10,T023,Jugueteria,173169805,1147,Base
2025-10,T023,Moda,105161160,413,Base
2025-10,T023,Muebles,324640115,750,Base
2025-10,T023,Tecnologia,402587331,956,Base
2025-10,T024,Alimentos,87098784,696,Base
2025-10,T024,Belleza,377803835,1195,Base
2025-10,T024,Deportes,373317150,369,Base
2025-10,T024,Electrohogar,240320845,1384,Base
2025-10,T024,Jugueteria,317915978,1246,Base
2025-10,T024,Moda,355182003,153,Base
2025-10,T024,Muebles,225824915,812,Base
2025-10,T024,Tecnologia,96587085,587,Base
2025-10,T025,Alimentos,103649973,1373,Base
2025-10,T025,Belleza,97049660,1120,Base
2025-10,T025,Deportes,389796866,633,Base
2025-10,T025,Electrohogar,60208543,949,Base
2025-10,T025,Jugueteria,306698276,1020,Base
2025-10,T025,Moda,168682031,426,Base
2025-10,T025,Muebles,131766297,126,Base
2025-10,T025,Tecnologia,93428274,815,Base
2025-10,T026,Alimentos,157399035,836,Base
2025-10,T026,Belleza,260802546,867,Base
2025-10,T026,Deportes,264598053,1315,Base
2025-10,T026,Electrohogar,299075867,1339,Base
2025-10,T026,Jugueteria,311115201,1132,Base
2025-10,T026,Moda,276629347,836,Base
2025-10,T026,Muebles,101247514,684,Base
2025-10,T026,Tecnologia,407280491,384,Base
2025-10,T027,Alimentos,150970566,308,Base
2025-10,T027,Belleza,366109012,1339,Base
2025-10,T027,Deportes,91067140,312,Base
2025-10,T027,Electrohogar,300969399,899,Base
2025-10,T027,Jugueteria,82850282,159,Base
2025-10,T027,Moda,273933980,796,Base
2025-10,T027,Muebles,362368070,688,Base
2025-10,T027,Tecnologia,314146840,565,Base
2025-10,T028,Alimentos,357856263,790,Base
2025-10,T028,Belleza,176307774,1273,Base
2025-10,T028,Deportes,213275693,135,Base
2025-10,T028,Electrohogar,102302965,1121,Base
2025-10,T028,Jugueteria,375757782,1189,Base
2025-10,T028,Moda,185800459,494,Base
2025-10,T028,Muebles,154515757,1387,Base
2025-10,T028,Tecnologia,279904126,1245,Base
2025-10,T029,Alimentos,294697675,429,Base
2025-10,T029,Belleza,101705707,1128,Base
2025-10,T029,Deportes,322323304,602,Base
2025-10,T029,Electrohogar,252260590,121,Base
2025-10,T029,Jugueteria,315924362,398,Base
2025-10,T029,Moda,307965525,438,Base
2025-10,T029,Muebles,388345536,241,Base
2025-10,T029,Tecnologia,234692731,406,Base
2025-10,T030,Alimentos,337192691,177,Base
2025-10,T030,Belleza,264063495,590,Base
2025-10,T030,Deportes,207117628,182,Base
2025-10,T030,Electrohogar,407075426,299,Base
2025-10,T030,Jugueteria,45100760,659,Base
2025-10,T030,Moda,72730851,293,Base
2025-10,T030,Muebles,72261359,247,Base
2025-10,T030,Tecnologia,401687854,328,Base
2025-10,T031,Alimentos,80425066,583,Base
2025-10,T031,Belleza,287956109,639,Base
2025-10,T031,Deportes,125998063,382,Base
2025-10,T031,Electrohogar,246068246,440,Base
2025-10,T031,Jugueteria,150252296,903,Base
2025-10,T031,Moda,149892093,546,Base
2025-10,T031,Muebles,180114841,288,Base
2025-10,T031,Tecnologia,278289289,322,Base
2025-10,T032,Alimentos,275741528,380,Base
2025-10,T032,Belleza,161139165,989,Base
2025-10,T032,Deportes,229035441,402,Base
2025-10,T032,Electrohogar,394530165,371,Base
2025-10,T032,Jugueteria,354740125,1000,Base
2025-10,T032,Moda,226385712,329,Base
2025-10,T032,Muebles,94269323,686,Base
2025-10,T032,Tecnologia,120829160,533,Base
2025-10,T033,Alimentos,52843036,665,Base
2025-10,T033,Belleza,70392966,1176,Base
2025-10,T033,Deportes,383005791,1170,Base
2025-10,T033,Electrohogar,390574381,472,Base
2025-10,T033,Jugueteria,197787745,1368,Base
2025-10,T033,Moda,172112897,878,Base
2025-10,T033,Muebles,99509628,1099,Base
2025-10,T033,Tecnologia,375741468,1308,Base
2025-10,T034,Alimentos,187177536,737,Base
2025-10,T034,Belleza,352433587,1051,Base
2025-10,T034,Deportes,66590740,468,Base
2025-10,T034,Electrohogar,246398311,348,Base
2025-10,T034,Jugueteria,46249906,887,Base
2025-10,T034,Moda,47207964,1198,Base
2025-10,T034,Muebles,305904466,482,Base
2025-10,T034,Tecnologia,180545083,505,Base
2025-10,T035,Alimentos,326362742,1152,Base
2025-10,T035,Belleza,415812028,731,Base
2025-10,T035,Deportes,409086293,330,Base
2025-10,T035,Electrohogar,313829067,1250,Base
2025-10,T035,Jugueteria,231285208,271,Base
2025-10,T035,Moda,245516711,717,Base
2025-10,T035,Muebles,187386277,855,Base
2025-10,T035,Tecnologia,270498431,994,Base
2025-10,T036,Alimentos,133112489,867,Base
2025-10,T036,Belleza,106406755,640,Base
2025-10,T036,Deportes,364141179,736,Base
2025-10,T036,Electrohogar,133921480,963,Base
2025-10,T036,Jugueteria,342186752,885,Base
2025-10,T036,Moda,181554691,142,Base
2025-10,T036,Muebles,138052118,656,Base
2025-10,T036,Tecnologia,57094595,608,Base
2025-10,T037,Alimentos,390782913,1052,Base
2025-10,T037,Belleza,402051417,517,Base
2025-10,T037,Deportes,96329825,151,Base
2025-10,T037,Electrohogar,322203520,637,Base
2025-10,T037,Jugueteria,328108165,786,Base
2025-10,T037,Moda,388455004,861,Base
2025-10,T037,Muebles,223688000,871,Base
2025-10,T037,Tecnologia,250272445,1391,Base
2025-10,T038,Alimentos,190764173,572,Base
2025-10,T038,Belleza,331887210,437,Base
2025-10,T038,Deportes,354329384,1312,Base
2025-10,T038,Electrohogar,394671816,555,Base
2025-10,T038,Jugueteria,278445740,195,Base
2025-10,T038,Moda,93612753,1172,Base
2025-10,T038,Muebles,393717781,850,Base
2025-10,T038,Tecnologia,254548002,1038,Base
2025-10,T039,Alimentos,368751486,320,Base
2025-10,T039,Belleza,358967258,1212,Base
2025-10,T039,Deportes,75056406,1006,Base
2025-10,T039,Electrohogar,135399225,479,Base
2025-10,T039,Jugueteria,298949742,1162,Base
2025-10,T039,Moda,203278166,861,Base
2025-10,T039,Muebles,370875712,1243,Base
2025-10,T039,Tecnologia,133040840,338,Base
2025-10,T040,Alimentos,64475860,802,Base
2025-10,T040,Belleza,373486040,231,Base
2025-10,T040,Deportes,345649641,816,Base
2025-10,T040,Electrohogar,116224135,853,Base
2025-10,T040,Jugueteria,102146169,1386,Base
2025-10,T040,Moda,129544961,1082,Base
2025-10,T040,Muebles,169299926,140,Base
2025-10,T040,Tecnologia,50949958,200,Base
2025-10,T041,Alimentos,294630088,1121,Base
2025-10,T041,Belleza,407480718,1014,Base
2025-10,T041,Deportes,234083857,672,Base
2025-10,T041,Electrohogar,364531580,649,Base
2025-10,T041,Jugueteria,339964822,1255,Base
2025-10,T041,Moda,331360994,657,Base
2025-10,T041,Muebles,168234953,945,Base
2025-10,T041,Tecnologia,132262076,1142,Base
2025-10,T042,Alimentos,157017469,201,Base
2025-10,T042,Belleza,291973699,312,Base
2025-10,T042,Deportes,215265467,648,Base
2025-10,T042,Electrohogar,400719498,201,Base
2025-10,T042,Jugueteria,204060970,469,Base
2025-10,T042,Moda,131030579,1035,Base
2025-10,T042,Muebles,400280692,744,Base
2025-10,T042,Tecnologia,341766870,765,Base
2025-10,T043,Alimentos,189197788,1301,Base
2025-10,T043,Belleza,178564641,648,Base
2025-10,T043,Deportes,354265394,1374,Base
2025-10,T043,Electrohogar,155139628,136,Base
2025-10,T043,Jugueteria,280704208,856,Base
2025-10,T043,Moda,409558639,1282,Base
2025-10,T043,Muebles,317317323,972,Base
2025-10,T043,Tecnologia,264980725,1242,Base
2025-10,T044,Alimentos,382946037,228,Base
2025-10,T044,Belleza,82288148,1262,Base
2025-10,T044,Deportes,232791519,1086,Base
2025-10,T044,Electrohogar,191024877,331,Base
2025-10,T044,Jugueteria,186890048,1021,Base
2025-10,T044,Moda,143672640,135,Base
2025-10,T044,Muebles,78325412,592,Base
2025-10,T044,Tecnologia,367562720,688,Base
2025-10,T045,Alimentos,195710178,1020,Base
2025-10,T045,Belleza,79218832,951,Base
2025-10,T045,Deportes,270745020,755,Base
2025-10,T045,Electrohogar,233914333,996,Base
2025-10,T045,Jugueteria,301009456,918,Base
2025-10,T045,Moda,223057577,1212,Base
2025-10,T045,Muebles,140457392,922,Base
2025-10,T045,Tecnologia,299402559,1150,Base
2025-10,T046,Alimentos,280068220,140,Base
2025-10,T046,Belleza,278910969,166,Base
2025-10,T046,Deportes,388741119,1202,Base
2025-10,T046,Electrohogar,276833303,1158,Base
2025-10,T046,Jugueteria,230931116,330,Base
2025-10,T046,Moda,196767712,1218,Base
2025-10,T046,Muebles,171661439,1088,Base
2025-10,T046,Tecnologia,212873714,839,Base
2025-10,T047,Alimentos,299363472,401,Base
2025-10,T047,Belleza,145258496,390,Base
2025-10,T047,Deportes,341052862,633,Base
2025-10,T047,Electrohogar,340347733,617,Base
2025-10,T047,Jugueteria,224824029,1272,Base
2025-10,T047,Moda,267640746,625,Base
2025-10,T047,Muebles,398842120,1017,Base
2025-10,T047,Tecnologia,379328439,1278,Base
2025-10,T048,Alimentos,376296055,796,Base
2025-10,T048,Belleza,368670617,902,Base
2025-10,T048,Deportes,417844812,1051,Base
2025-10,T048,Electrohogar,358582025,598,Base
2025-10,T048,Jugueteria,410818318,1050,Base
2025-10,T048,Moda,370390566,286,Base
2025-10,T048,Muebles,175862763,1115,Base
2025-10,T048,Tecnologia,326600220,836,Base
2025-10,T049,Alimentos,253199880,1376,Base
2025-10,T049,Belleza,227888124,271,Base
2025-10,T049,Deportes,298103340,589,Base
2025-10,T049,Electrohogar,68765449,1144,Base
2025-10,T049,Jugueteria,66565468,398,Base
2025-10,T049,Moda,263720956,828,Base
2025-10,T049,Muebles,364413178,665,Base
2025-10,T049,Tecnologia,292292575,1006,Base
2025-10,T050,Alimentos,381515333,1312,Base
2025-10,T050,Belleza,370879309,392,Base
2025-10,T050,Deportes,349586254,909,Base
2025-10,T050,Electrohogar,326451177,189,Base
2025-10,T050,Jugueteria,259032678,1106,Base
2025-10,T050,Moda,252544424,633,Base
2025-10,T050,Muebles,224208137,129,Base
2025-10,T050,Tecnologia,416655635,1131,Base
2025-10,T051,Alimentos,299451998,987,Base
2025-10,T051,Belleza,308125609,1377,Base
2025-10,T051,Deportes,96691245,630,Base
2025-10,T051,Electrohogar,115663734,227,Base
2025-10,T051,Jugueteria,47530387,361,Base
2025-10,T051,Moda,60980551,528,Base
2025-10,T051,Muebles,262211005,412,Base
2025-10,T051,Tecnologia,73058259,1047,Base
2025-10,T052,Alimentos,282390899,678,Base
2025-10,T052,Belleza,375570373,196,Base
2025-10,T052,Deportes,378776528,1080,Base
2025-10,T052,Electrohogar,217752407,325,Base
2025-10,T052,Jugueteria,310475516,722,Base
2025-10,T052,Moda,150776089,1148,Base
2025-10,T052,Muebles,404683264,1153,Base
2025-10,T052,Tecnologia,120178347,689,Base
2025-10,T053,Alimentos,131854499,225,Base
2025-10,T053,Belleza,166662042,1018,Base
2025-10,T053,Deportes,293970926,752,Base
2025-10,T053,Electrohogar,300184404,1056,Base
2025-10,T053,Jugueteria,271756095,618,Base
2025-10,T053,Moda,324848685,886,Base
2025-10,T053,Muebles,219716605,565,Base
2025-10,T053,Tecnologia,317439584,1241,Base
2025-10,T054,Alimentos,151204276,720,Base
2025-10,T054,Belleza,224375758,881,Base
2025-10,T054,Deportes,406736611,169,Base
2025-10,T054,Electrohogar,101912597,897,Base
2025-10,T054,Jugueteria,192993262,1243,Base
2025-10,T054,Moda,358681565,185,Base
2025-10,T054,Muebles,273623269,485,Base
2025-10,T054,Tecnologia,54422551,154,Base
2025-10,T055,Alimentos,201778140,1282,Base
2025-10,T055,Belleza,62869274,481,Base
2025-10,T055,Deportes,368461160,1215,Base
2025-10,T055,Electrohogar,314745892,302,Base
2025-10,T055,Jugueteria,216981870,973,Base
2025-10,T055,Moda,66775554,654,Base
2025-10,T055,Muebles,173448939,848,Base
2025-10,T055,Tecnologia,148156610,1027,Base
2025-10,T056,Alimentos,345286501,209,Base
2025-10,T056,Belleza,251025317,549,Base
2025-10,T056,Deportes,206938149,1136,Base
2025-10,T056,Electrohogar,183284776,1086,Base
2025-10,T056,Jugueteria,340115303,886,Base
2025-10,T056,Moda,172839085,973,Base
2025-10,T056,Muebles,235406132,549,Base
2025-10,T056,Tecnologia,413344258,1171,Base
2025-10,T057,Alimentos,106570187,130,Base
2025-10,T057,Belleza,215283218,684,Base
2025-10,T057,Deportes,393564505,236,Base
2025-10,T057,Electrohogar,200356507,233,Base
2025-10,T057,Jugueteria,389643472,961,Base
2025-10,T057,Moda,54567690,1355,Base
2025-10,T057,Muebles,341455274,1021,Base
2025-10,T057,Tecnologia,323655412,849,Base
2025-10,T058,Alimentos,331059146,1204,Base
2025-10,T058,Belleza,344665348,872,Base
2025-10,T058,Deportes,355577890,234,Base
2025-10,T058,Electrohogar,370716897,1043,Base
2025-10,T058,Jugueteria,236941855,1344,Base
2025-10,T058,Moda,194477077,246,Base
2025-10,T058,Muebles,220555610,788,Base
2025-10,T058,Tecnologia,372769742,1230,Base
2025-10,T059,Alimentos,113461267,610,Base
2025-10,T059,Belleza,417512427,853,Base
2025-10,T059,Deportes,145741522,851,Base
2025-10,T059,Electrohogar,223596141,586,Base
2025-10,T059,Jugueteria,76327886,1018,Base
2025-10,T059,Moda,53194279,1255,Base
2025-10,T059,Muebles,398376917,255,Base
2025-10,T059,Tecnologia,396788582,414,Base
2025-10,T060,Alimentos,351848230,559,Base
2025-10,T060,Belleza,63144376,1241,Base
2025-10,T060,Deportes,327047091,754,Base
2025-10,T060,Electrohogar,100697215,706,Base
2025-10,T060,Jugueteria,80093577,433,Base
2025-10,T060,Moda,325630630,123,Base
2025-10,T060,Muebles,143306339,750,Base
2025-10,T060,Tecnologia,282886767,502,Base
2025-11,T001,Alimentos,367192501,807,Base
2025-11,T001,Belleza,402606956,702,Base
2025-11,T001,Deportes,350233455,360,Base
2025-11,T001,Electrohogar,240226352,515,Base
2025-11,T001,Jugueteria,321509105,920,Base
2025-11,T001,Moda,162765473,952,Base
2025-11,T001,Muebles,177104490,598,Base
2025-11,T001,Tecnologia,181724788,1345,Base
2025-11,T002,Alimentos,509113988,1221,Base
2025-11,T002,Belleza,438627396,774,Base
2025-11,T002,Deportes,278416605,766,Base
2025-11,T002,Electrohogar,249953501,570,Base
2025-11,T002,Jugueteria,353636676,1172,Base
2025-11,T002,Moda,439130442,1373,Base
2025-11,T002,Muebles,61387057,845,Base
2025-11,T002,Tecnologia,452173250,865,Base
2025-11,T003,Alimentos,279615853,1175,Base
2025-11,T003,Belleza,220926687,977,Base
2025-11,T003,Deportes,85306497,973,Base
2025-11,T003,Electrohogar,403664478,436,Base
2025-11,T003,Jugueteria,142088573,826,Base
2025-11,T003,Moda,499412945,286,Base
2025-11,T003,Muebles,441769103,381,Base
2025-11,T003,Tecnologia,517669613,160,Base
2025-11,T004,Alimentos,339741061,1381,Base
2025-11,T004,Belleza,136473763,1172,Base
2025-11,T004,Deportes,452198287,706,Base
2025-11,T004,Electrohogar,147901821,527,Base
2025-11,T004,Jugueteria,363566037,423,Base
2025-11,T004,Moda,228215551,712,Base
2025-11,T004,Muebles,370310770,482,Base
2025-11,T004,Tecnologia,198728331,237,Base
2025-11,T005,Alimentos,360418312,861,Base
2025-11,T005,Belleza,260280131,878,Base
2025-11,T005,Deportes,415077482,532,Base
2025-11,T005,Electrohogar,125412537,803,Base
2025-11,T005,Jugueteria,87950707,416,Base
2025-11,T005,Moda,508544942,439,Base
2025-11,T005,Muebles,483516601,777,Base
2025-11,T005,Tecnologia,497794238,925,Base
2025-11,T006,Alimentos,218912426,238,Base
2025-11,T006,Belleza,491462547,1300,Base
2025-11,T006,Deportes,402969605,224,Base
2025-11,T006,Electrohogar,281680308,640,Base
2025-11,T006,Jugueteria,268511460,194,Base
2025-11,T006,Moda,307876196,1027,Base
2025-11,T006,Muebles,449664306,499,Base
2025-11,T006,Tecnologia,219393518,1189,Base
2025-11,T007,Alimentos,495050332,948,Base
2025-11,T007,Belleza,293064746,343,Base
2025-11,T007,Deportes,157874463,672,Base
2025-11,T007,Electrohogar,88487617,1299,Base
2025-11,T007,Jugueteria,370177357,153,Base
2025-11,T007,Moda,167361867,1147,Base
2025-11,T007,Muebles,246975887,543,Base
2025-11,T007,Tecnologia,395678470,1154,Base
2025-11,T008,Alimentos,251914756,773,Base
2025-11,T008,Belleza,473523001,452,Base
2025-11,T008,Deportes,445082688,1396,Base
2025-11,T008,Electrohogar,445335255,1050,Base
2025-11,T008,Jugueteria,211608013,460,Base
2025-11,T008,Moda,178529526,1092,Base
2025-11,T008,Muebles,76593448,635,Base
2025-11,T008,Tecnologia,234204495,749,Base
2025-11,T009,Alimentos,226328183,1302,Base
2025-11,T009,Belleza,325021180,199,Base
2025-11,T009,Deportes,154142493,1116,Base
2025-11,T009,Electrohogar,257217131,140,Base
2025-11,T009,Jugueteria,432753108,1299,Base
2025-11,T009,Moda,80322052,436,Base
2025-11,T009,Muebles,103998838,875,Base
2025-11,T009,Tecnologia,135714291,972,Base
2025-11,T010,Alimentos,91586161,754,Base
2025-11,T010,Belleza,239511071,1137,Base
2025-11,T010,Deportes,184459887,990,Base
2025-11,T010,Electrohogar,163936260,479,Base
2025-11,T010,Jugueteria,470653872,1075,Base
2025-11,T010,Moda,72062717,169,Base
2025-11,T010,Muebles,422908327,969,Base
2025-11,T010,Tecnologia,440395845,594,Base
2025-11,T011,Alimentos,367615741,462,Base
2025-11,T011,Belleza,321964025,936,Base
2025-11,T011,Deportes,136262971,850,Base
2025-11,T011,Electrohogar,354478737,595,Base
2025-11,T011,Jugueteria,297635236,1049,Base
2025-11,T011,Moda,520201611,830,Base
2025-11,T011,Muebles,346222540,625,Base
2025-11,T011,Tecnologia,309525427,340,Base
2025-11,T012,Alimentos,409517616,976,Base
2025-11,T012,Belleza,443193806,283,Base
2025-11,T012,Deportes,399545875,1076,Base
2025-11,T012,Electrohogar,296144422,838,Base
2025-11,T012,Jugueteria,157672135,1392,Base
2025-11,T012,Moda,282772653,460,Base
2025-11,T012,Muebles,306388183,585,Base
2025-11,T012,Tecnologia,64135877,1030,Base
2025-11,T013,Alimentos,401298651,1277,Base
2025-11,T013,Belleza,498930887,655,Base
2025-11,T013,Deportes,169459987,926,Base
2025-11,T013,Electrohogar,193743625,318,Base
2025-11,T013,Jugueteria,247463961,1254,Base
2025-11,T013,Moda,284948938,715,Base
2025-11,T013,Muebles,439209143,1353,Base
2025-11,T013,Tecnologia,294808202,1333,Base
2025-11,T014,Alimentos,57054722,1306,Base
2025-11,T014,Belleza,476309842,579,Base
2025-11,T014,Deportes,486971051,731,Base
2025-11,T014,Electrohogar,262323020,558,Base
2025-11,T014,Jugueteria,217027387,407,Base
2025-11,T014,Moda,97419502,958,Base
2025-11,T014,Muebles,465204475,1180,Base
2025-11,T014,Tecnologia,200177772,364,Base
2025-11,T015,Alimentos,315896063,203,Base
2025-11,T015,Belleza,495613110,602,Base
2025-11,T015,Deportes,402222145,518,Base
2025-11,T015,Electrohogar,419563791,1357,Base
2025-11,T015,Jugueteria,81418851,223,Base
2025-11,T015,Moda,343616770,695,Base
2025-11,T015,Muebles,167133821,1218,Base
2025-11,T015,Tecnologia,448607963,144,Base
2025-11,T016,Alimentos,260445211,1346,Base
2025-11,T016,Belleza,181933993,794,Base
2025-11,T016,Deportes,487324982,207,Base
2025-11,T016,Electrohogar,130620331,478,Base
2025-11,T016,Jugueteria,393791605,966,Base
2025-11,T016,Moda,487216141,609,Base
2025-11,T016,Muebles,223191870,754,Base
2025-11,T016,Tecnologia,398392520,843,Base
2025-11,T017,Alimentos,515636760,248,Base
2025-11,T017,Belleza,515180146,851,Base
2025-11,T017,Deportes,74829326,603,Base
2025-11,T017,Electrohogar,376260318,757,Base
2025-11,T017,Jugueteria,400022166,293,Base
2025-11,T017,Moda,315569676,1389,Base
2025-11,T017,Muebles,94437002,1056,Base
2025-11,T017,Tecnologia,467972918,314,Base
2025-11,T018,Alimentos,231103975,1018,Base
2025-11,T018,Belleza,177944698,537,Base
2025-11,T018,Deportes,171488622,1317,Base
2025-11,T018,Electrohogar,207001321,704,Base
2025-11,T018,Jugueteria,86648595,1116,Base
2025-11,T018,Moda,466582366,637,Base
2025-11,T018,Muebles,184104996,570,Base
2025-11,T018,Tecnologia,482965517,225,Base
2025-11,T019,Alimentos,330962892,606,Base
2025-11,T019,Belleza,118492627,271,Base
2025-11,T019,Deportes,522514601,334,Base
2025-11,T019,Electrohogar,326294438,866,Base
2025-11,T019,Jugueteria,500370470,1031,Base
2025-11,T019,Moda,349403382,1249,Base
2025-11,T019,Muebles,460000508,1041,Base
2025-11,T019,Tecnologia,133096398,858,Base
2025-11,T020,Alimentos,500094616,1374,Base
2025-11,T020,Belleza,446025225,1316,Base
2025-11,T020,Deportes,263293438,542,Base
2025-11,T020,Electrohogar,387434585,661,Base
2025-11,T020,Jugueteria,470897092,435,Base
2025-11,T020,Moda,335337091,700,Base
2025-11,T020,Muebles,162195932,1323,Base
2025-11,T020,Tecnologia,479433816,1035,Base
2025-11,T021,Alimentos,123556246,1117,Base
2025-11,T021,Belleza,508223965,212,Base
2025-11,T021,Deportes,413738570,1076,Base
2025-11,T021,Electrohogar,274778976,878,Base
2025-11,T021,Jugueteria,421972022,911,Base
2025-11,T021,Moda,339582380,397,Base
2025-11,T021,Muebles,389232701,309,Base
2025-11,T021,Tecnologia,114033851,1309,Base
2025-11,T022,Alimentos,212554580,1149,Base
2025-11,T022,Belleza,69107982,717,Base
2025-11,T022,Deportes,181898433,676,Base
2025-11,T022,Electrohogar,388006961,384,Base
2025-11,T022,Jugueteria,263445556,908,Base
2025-11,T022,Moda,259816536,932,Base
2025-11,T022,Muebles,471498672,1063,Base
2025-11,T022,Tecnologia,302752977,606,Base
2025-11,T023,Alimentos,455705148,617,Base
2025-11,T023,Belleza,435614496,1299,Base
2025-11,T023,Deportes,264391660,1367,Base
2025-11,T023,Electrohogar,167258861,1361,Base
2025-11,T023,Jugueteria,109572168,1121,Base
2025-11,T023,Moda,69970770,198,Base
2025-11,T023,Muebles,524557225,1394,Base
2025-11,T023,Tecnologia,356753003,700,Base
2025-11,T024,Alimentos,345121478,702,Base
2025-11,T024,Belleza,98942770,391,Base
2025-11,T024,Deportes,338816007,919,Base
2025-11,T024,Electrohogar,143373422,1038,Base
2025-11,T024,Jugueteria,135676136,388,Base
2025-11,T024,Moda,321294806,1193,Base
2025-11,T024,Muebles,82630488,676,Base
2025-11,T024,Tecnologia,104646012,504,Base
2025-11,T025,Alimentos,296590985,688,Base
2025-11,T025,Belleza,377118203,837,Base
2025-11,T025,Deportes,124489146,414,Base
2025-11,T025,Electrohogar,460995551,683,Base
2025-11,T025,Jugueteria,407436893,296,Base
2025-11,T025,Moda,215925441,1332,Base
2025-11,T025,Muebles,500658337,964,Base
2025-11,T025,Tecnologia,151255772,444,Base
2025-11,T026,Alimentos,291766930,575,Base
2025-11,T026,Belleza,519888462,466,Base
2025-11,T026,Deportes,373990385,783,Base
2025-11,T026,Electrohogar,180937777,606,Base
2025-11,T026,Jugueteria,364430696,503,Base
2025-11,T026,Moda,405515978,1392,Base
2025-11,T026,Muebles,437036843,1081,Base
2025-11,T026,Tecnologia,447698635,1345,Base
2025-11,T027,Alimentos,216274617,1161,Base
2025-11,T027,Belleza,338357358,383,Base
2025-11,T027,Deportes,173598207,1045,Base
2025-11,T027,Electrohogar,508699418,1120,Base
2025-11,T027,Jugueteria,430076022,288,Base
2025-11,T027,Moda,402268878,1224,Base
2025-11,T027,Muebles,92389758,978,Base
2025-11,T027,Tecnologia,257453133,437,Base
2025-11,T028,Alimentos,126372288,416,Base
2025-11,T028,Belleza,457730525,1334,Base
2025-11,T028,Deportes,66357381,883,Base
2025-11,T028,Electrohogar,347958471,980,Base
2025-11,T028,Jugueteria,122473451,725,Base
2025-11,T028,Moda,200784248,1090,Base
2025-11,T028,Muebles,300929932,412,Base
2025-11,T028,Tecnologia,510253296,533,Base
2025-11,T029,Alimentos,423547332,203,Base
2025-11,T029,Belleza,104144452,539,Base
2025-11,T029,Deportes,499628638,943,Base
2025-11,T029,Electrohogar,185920612,1285,Base
2025-11,T029,Jugueteria,335668928,1154,Base
2025-11,T029,Moda,240243542,516,Base
2025-11,T029,Muebles,119287890,278,Base
2025-11,T029,Tecnologia,430524285,824,Base
2025-11,T030,Alimentos,112727041,1304,Base
2025-11,T030,Belleza,457906051,1397,Base
2025-11,T030,Deportes,433074805,800,Base
2025-11,T030,Electrohogar,186585866,268,Base
2025-11,T030,Jugueteria,310867312,1217,Base
2025-11,T030,Moda,364004208,927,Base
2025-11,T030,Muebles,515462213,919,Base
2025-11,T030,Tecnologia,91484613,424,Base
2025-11,T031,Alimentos,82536381,1264,Base
2025-11,T031,Belleza,443406563,545,Base
2025-11,T031,Deportes,88076662,626,Base
2025-11,T031,Electrohogar,403020465,464,Base
2025-11,T031,Jugueteria,368602985,1314,Base
2025-11,T031,Moda,390038116,1149,Base
2025-11,T031,Muebles,350442220,569,Base
2025-11,T031,Tecnologia,88990956,1080,Base
2025-11,T032,Alimentos,502482280,821,Base
2025-11,T032,Belleza,163477682,1257,Base
2025-11,T032,Deportes,503506471,378,Base
2025-11,T032,Electrohogar,360326926,340,Base
2025-11,T032,Jugueteria,204364293,1310,Base
2025-11,T032,Moda,236037820,341,Base
2025-11,T032,Muebles,518915616,179,Base
2025-11,T032,Tecnologia,266407951,1052,Base
2025-11,T033,Alimentos,153679041,452,Base
2025-11,T033,Belleza,92248115,278,Base
2025-11,T033,Deportes,437996386,974,Base
2025-11,T033,Electrohogar,456809530,566,Base
2025-11,T033,Jugueteria,432551110,213,Base
2025-11,T033,Moda,418909325,1273,Base
2025-11,T033,Muebles,440968728,1321,Base
2025-11,T033,Tecnologia,233144468,461,Base
2025-11,T034,Alimentos,237984626,1046,Base
2025-11,T034,Belleza,202687895,779,Base
2025-11,T034,Deportes,451534915,586,Base
2025-11,T034,Electrohogar,355497671,789,Base
2025-11,T034,Jugueteria,439798953,678,Base
2025-11,T034,Moda,386451796,729,Base
2025-11,T034,Muebles,495227815,918,Base
2025-11,T034,Tecnologia,476979425,166,Base
2025-11,T035,Alimentos,127463651,1116,Base
2025-11,T035,Belleza,202027922,996,Base
2025-11,T035,Deportes,73150930,309,Base
2025-11,T035,Electrohogar,501101358,1382,Base
2025-11,T035,Jugueteria,408479796,202,Base
2025-11,T035,Moda,446216388,1247,Base
2025-11,T035,Muebles,394435028,1333,Base
2025-11,T035,Tecnologia,173512642,1381,Base
2025-11,T036,Alimentos,172248440,854,Base
2025-11,T036,Belleza,163117786,1238,Base
2025-11,T036,Deportes,456286885,277,Base
2025-11,T036,Electrohogar,428258163,888,Base
2025-11,T036,Jugueteria,233724587,1043,Base
2025-11,T036,Moda,373617262,872,Base
2025-11,T036,Muebles,432823192,1400,Base
2025-11,T036,Tecnologia,113007048,706,Base
2025-11,T037,Alimentos,210245832,1388,Base
2025-11,T037,Belleza,162165007,930,Base
2025-11,T037,Deportes,406848728,1176,Base
2025-11,T037,Electrohogar,498840445,413,Base
2025-11,T037,Jugueteria,502292187,1305,Base
2025-11,T037,Moda,161183991,1021,Base
2025-11,T037,Muebles,140351150,516,Base
2025-11,T037,Tecnologia,134789467,1050,Base
2025-11,T038,Alimentos,460374226,655,Base
2025-11,T038,Belleza,336599518,697,Base
2025-11,T038,Deportes,279354812,788,Base
2025-11,T038,Electrohogar,352953590,1181,Base
2025-11,T038,Jugueteria,378459457,183,Base
2025-11,T038,Moda,309293690,1394,Base
2025-11,T038,Muebles,153996110,286,Base
2025-11,T038,Tecnologia,205720963,754,Base
2025-11,T039,Alimentos,114288880,1396,Base
2025-11,T039,Belleza,469602385,148,Base
2025-11,T039,Deportes,373763788,689,Base
2025-11,T039,Electrohogar,91291497,564,Base
2025-11,T039,Jugueteria,441259980,388,Base
2025-11,T039,Moda,376350740,558,Base
2025-11,T039,Muebles,116259976,803,Base
2025-11,T039,Tecnologia,479464127,852,Base
2025-11,T040,Alimentos,252245722,228,Base
2025-11,T040,Belleza,296273801,851,Base
2025-11,T040,Deportes,468884806,1364,Base
2025-11,T040,Electrohogar,102243423,338,Base
2025-11,T040,Jugueteria,505988120,1104,Base
2025-11,T040,Moda,514460322,1096,Base
2025-11,T040,Muebles,100494358,1147,Base
2025-11,T040,Tecnologia,330779118,1055,Base
2025-11,T041,Alimentos,475183595,1051,Base
2025-11,T041,Belleza,167926037,457,Base
2025-11,T041,Deportes,150798111,397,Base
2025-11,T041,Electrohogar,183094236,333,Base
2025-11,T041,Jugueteria,483059436,1265,Base
2025-11,T041,Moda,403100236,1326,Base
2025-11,T041,Muebles,386006628,532,Base
2025-11,T041,Tecnologia,116758336,1055,Base
2025-11,T042,Alimentos,332537632,1309,Base
2025-11,T042,Belleza,286766256,465,Base
2025-11,T042,Deportes,74664600,699,Base
2025-11,T042,Electrohogar,351245421,827,Base
2025-11,T042,Jugueteria,167703881,322,Base
2025-11,T042,Moda,502169242,427,Base
2025-11,T042,Muebles,309342880,268,Base
2025-11,T042,Tecnologia,518240188,266,Base
2025-11,T043,Alimentos,399002122,1006,Base
2025-11,T043,Belleza,349088853,531,Base
2025-11,T043,Deportes,88057286,984,Base
2025-11,T043,Electrohogar,294431067,1255,Base
2025-11,T043,Jugueteria,378503732,1210,Base
2025-11,T043,Moda,306128211,612,Base
2025-11,T043,Muebles,309744751,878,Base
2025-11,T043,Tecnologia,399419397,1223,Base
2025-11,T044,Alimentos,420001448,332,Base
2025-11,T044,Belleza,217526901,472,Base
2025-11,T044,Deportes,512932221,744,Base
2025-11,T044,Electrohogar,465469228,726,Base
2025-11,T044,Jugueteria,321905171,1097,Base
2025-11,T044,Moda,208004921,697,Base
2025-11,T044,Muebles,390727623,280,Base
2025-11,T044,Tecnologia,89906661,277,Base
2025-11,T045,Alimentos,511150068,835,Base
2025-11,T045,Belleza,199855985,827,Base
2025-11,T045,Deportes,486760593,1068,Base
2025-11,T045,Electrohogar,211581226,823,Base
2025-11,T045,Jugueteria,116662887,615,Base
2025-11,T045,Moda,161610453,410,Base
2025-11,T045,Muebles,491296058,214,Base
2025-11,T045,Tecnologia,87323048,144,Base
2025-11,T046,Alimentos,374165328,1253,Base
2025-11,T046,Belleza,239435556,334,Base
2025-11,T046,Deportes,76813866,556,Base
2025-11,T046,Electrohogar,264951398,888,Base
2025-11,T046,Jugueteria,257419331,887,Base
2025-11,T046,Moda,73932036,645,Base
2025-11,T046,Muebles,253813066,569,Base
2025-11,T046,Tecnologia,387236367,477,Base
2025-11,T047,Alimentos,452617413,623,Base
2025-11,T047,Belleza,301415620,995,Base
2025-11,T047,Deportes,191964258,925,Base
2025-11,T047,Electrohogar,414320766,623,Base
2025-11,T047,Jugueteria,247333816,214,Base
2025-11,T047,Moda,306384271,174,Base
2025-11,T047,Muebles,451285416,885,Base
2025-11,T047,Tecnologia,93323947,821,Base
2025-11,T048,Alimentos,198571912,872,Base
2025-11,T048,Belleza,163945636,638,Base
2025-11,T048,Deportes,278852958,1147,Base
2025-11,T048,Electrohogar,116043036,457,Base
2025-11,T048,Jugueteria,464961590,1084,Base
2025-11,T048,Moda,252720232,506,Base
2025-11,T048,Muebles,195665093,594,Base
2025-11,T048,Tecnologia,455536861,140,Base
2025-11,T049,Alimentos,198455320,752,Base
2025-11,T049,Belleza,103841608,1167,Base
2025-11,T049,Deportes,453644007,1307,Base
2025-11,T049,Electrohogar,211467063,308,Base
2025-11,T049,Jugueteria,493460175,1107,Base
2025-11,T049,Moda,262245966,615,Base
2025-11,T049,Muebles,95420457,1032,Base
2025-11,T049,Tecnologia,91315977,836,Base
2025-11,T050,Alimentos,440406018,874,Base
2025-11,T050,Belleza,429502560,887,Base
2025-11,T050,Deportes,337782102,1205,Base
2025-11,T050,Electrohogar,251350830,955,Base
2025-11,T050,Jugueteria,439651057,616,Base
2025-11,T050,Moda,440809710,284,Base
2025-11,T050,Muebles,65339642,1102,Base
2025-11,T050,Tecnologia,158012358,166,Base
2025-11,T051,Alimentos,392295880,986,Base
2025-11,T051,Belleza,501557583,216,Base
2025-11,T051,Deportes,287151907,1312,Base
2025-11,T051,Electrohogar,124702445,511,Base
2025-11,T051,Jugueteria,412477440,513,Base
2025-11,T051,Moda,311498958,1153,Base
2025-11,T051,Muebles,299391563,892,Base
2025-11,T051,Tecnologia,473899047,952,Base
2025-11,T052,Alimentos,332967877,521,Base
2025-11,T052,Belleza,268763698,720,Base
2025-11,T052,Deportes,165551171,1232,Base
2025-11,T052,Electrohogar,397921878,1077,Base
2025-11,T052,Jugueteria,76827516,661,Base
2025-11,T052,Moda,391788021,1349,Base
2025-11,T052,Muebles,108408227,1253,Base
2025-11,T052,Tecnologia,82599971,436,Base
2025-11,T053,Alimentos,444317672,1082,Base
2025-11,T053,Belleza,470908681,1047,Base
2025-11,T053,Deportes,393735786,1083,Base
2025-11,T053,Electrohogar,64872233,205,Base
2025-11,T053,Jugueteria,302476195,201,Base
2025-11,T053,Moda,206370387,903,Base
2025-11,T053,Muebles,400397400,1071,Base
2025-11,T053,Tecnologia,350495672,575,Base
2025-11,T054,Alimentos,425786176,1331,Base
2025-11,T054,Belleza,276817590,262,Base
2025-11,T054,Deportes,322914382,1088,Base
2025-11,T054,Electrohogar,479414767,1251,Base
2025-11,T054,Jugueteria,154036670,1066,Base
2025-11,T054,Moda,226374097,328,Base
2025-11,T054,Muebles,204793306,244,Base
2025-11,T054,Tecnologia,277040646,921,Base
2025-11,T055,Alimentos,112161920,1391,Base
2025-11,T055,Belleza,352266348,625,Base
2025-11,T055,Deportes,446836031,311,Base
2025-11,T055,Electrohogar,371084433,158,Base
2025-11,T055,Jugueteria,500608060,501,Base
2025-11,T055,Moda,324248720,146,Base
2025-11,T055,Muebles,412143417,1045,Base
2025-11,T055,Tecnologia,341279562,493,Base
2025-11,T056,Alimentos,166622507,654,Base
2025-11,T056,Belleza,221888100,293,Base
2025-11,T056,Deportes,502741503,1006,Base
2025-11,T056,Electrohogar,263527640,710,Base
2025-11,T056,Jugueteria,441535856,1123,Base
2025-11,T056,Moda,331191077,1175,Base
2025-11,T056,Muebles,137552903,1163,Base
2025-11,T056,Tecnologia,442706767,980,Base
2025-11,T057,Alimentos,230997406,1305,Base
2025-11,T057,Belleza,312386997,481,Base
2025-11,T057,Deportes,292615747,1242,Base
2025-11,T057,Electrohogar,459350055,924,Base
2025-11,T057,Jugueteria,389302191,651,Base
2025-11,T057,Moda,232444605,847,Base
2025-11,T057,Muebles,197354823,477,Base
2025-11,T057,Tecnologia,507554418,854,Base
2025-11,T058,Alimentos,460459561,381,Base
2025-11,T058,Belleza,454445422,851,Base
2025-11,T058,Deportes,516567093,1126,Base
2025-11,T058,Electrohogar,391754366,601,Base
2025-11,T058,Jugueteria,134309235,747,Base
2025-11,T058,Moda,187333908,1165,Base
2025-11,T058,Muebles,205769106,1090,Base
2025-11,T058,Tecnologia,388877161,441,Base
2025-11,T059,Alimentos,300380508,604,Base
2025-11,T059,Belleza,70737447,678,Base
2025-11,T059,Deportes,259486635,1021,Base
2025-11,T059,Electrohogar,351335613,821,Base
2025-11,T059,Jugueteria,225977043,1233,Base
2025-11,T059,Moda,325076997,444,Base
2025-11,T059,Muebles,462710122,1183,Base
2025-11,T059,Tecnologia,360698101,736,Base
2025-11,T060,Alimentos,156561653,721,Base
2025-11,T060,Belleza,222496638,297,Base
2025-11,T060,Deportes,253091413,505,Base
2025-11,T060,Electrohogar,467892576,849,Base
2025-11,T060,Jugueteria,456827168,1068,Base
2025-11,T060,Moda,240251335,808,Base
2025-11,T060,Muebles,421067102,1092,Base
2025-11,T060,Tecnologia,340204781,1294,Base
2025-12,T001,Alimentos,140535251,1311,Base
2025-12,T001,Belleza,198497176,333,Base
2025-12,T001,Deportes,498581337,674,Base
2025-12,T001,Electrohogar,506613836,324,Base
2025-12,T001,Jugueteria,404220246,821,Base
2025-12,T001,Moda,377429578,1340,Base
2025-12,T001,Muebles,73469335,571,Base
2025-12,T001,Tecnologia,450913275,1241,Base
2025-12,T002,Alimentos,112171141,330,Base
2025-12,T002,Belleza,417872082,681,Base
2025-12,T002,Deportes,457331080,1131,Base
2025-12,T002,Electrohogar,314739425,897,Base
2025-12,T002,Jugueteria,364352496,815,Base
2025-12,T002,Moda,441254421,1126,Base
2025-12,T002,Muebles,461241490,1120,Base
2025-12,T002,Tecnologia,423769996,982,Base
2025-12,T003,Alimentos,169479260,1361,Base
2025-12,T003,Belleza,269416778,959,Base
2025-12,T003,Deportes,202603266,688,Base
2025-12,T003,Electrohogar,137171270,525,Base
2025-12,T003,Jugueteria,101880101,986,Base
2025-12,T003,Moda,392954606,256,Base
2025-12,T003,Muebles,484471160,1092,Base
2025-12,T003,Tecnologia,354636291,1100,Base
2025-12,T004,Alimentos,364697242,163,Base
2025-12,T004,Belleza,137985411,455,Base
2025-12,T004,Deportes,240078986,873,Base
2025-12,T004,Electrohogar,67897971,1229,Base
2025-12,T004,Jugueteria,432041377,1383,Base
2025-12,T004,Moda,58277551,1140,Base
2025-12,T004,Muebles,274165908,1195,Base
2025-12,T004,Tecnologia,410015767,357,Base
2025-12,T005,Alimentos,431587033,654,Base
2025-12,T005,Belleza,163114471,1310,Base
2025-12,T005,Deportes,217647303,147,Base
2025-12,T005,Electrohogar,172786680,318,Base
2025-12,T005,Jugueteria,129287956,852,Base
2025-12,T005,Moda,456169372,1212,Base
2025-12,T005,Muebles,290053558,191,Base
2025-12,T005,Tecnologia,140960055,1046,Base
2025-12,T006,Alimentos,61337897,663,Base
2025-12,T006,Belleza,318052545,1033,Base
2025-12,T006,Deportes,297398772,234,Base
2025-12,T006,Electrohogar,211877737,860,Base
2025-12,T006,Jugueteria,158994306,139,Base
2025-12,T006,Moda,307294265,856,Base
2025-12,T006,Muebles,330085321,675,Base
2025-12,T006,Tecnologia,238976905,134,Base
2025-12,T007,Alimentos,379426301,1321,Base
2025-12,T007,Belleza,151080208,1272,Base
2025-12,T007,Deportes,87217765,1128,Base
2025-12,T007,Electrohogar,481834751,767,Base
2025-12,T007,Jugueteria,128993746,1192,Base
2025-12,T007,Moda,253023648,1098,Base
2025-12,T007,Muebles,357690262,753,Base
2025-12,T007,Tecnologia,329660218,1061,Base
2025-12,T008,Alimentos,229425583,970,Base
2025-12,T008,Belleza,468340031,335,Base
2025-12,T008,Deportes,125647277,1338,Base
2025-12,T008,Electrohogar,101985575,473,Base
2025-12,T008,Jugueteria,249593732,591,Base
2025-12,T008,Moda,391259730,436,Base
2025-12,T008,Muebles,180751493,617,Base
2025-12,T008,Tecnologia,362860760,1202,Base
2025-12,T009,Alimentos,59619845,1021,Base
2025-12,T009,Belleza,89560027,1111,Base
2025-12,T009,Deportes,69331328,1399,Base
2025-12,T009,Electrohogar,209899518,699,Base
2025-12,T009,Jugueteria,521311060,1327,Base
2025-12,T009,Moda,254893968,422,Base
2025-12,T009,Muebles,126731738,1125,Base
2025-12,T009,Tecnologia,67985483,1388,Base
2025-12,T010,Alimentos,402273048,688,Base
2025-12,T010,Belleza,322944426,475,Base
2025-12,T010,Deportes,507528473,588,Base
2025-12,T010,Electrohogar,222527898,1013,Base
2025-12,T010,Jugueteria,380018626,316,Base
2025-12,T010,Moda,357660231,470,Base
2025-12,T010,Muebles,486771032,290,Base
2025-12,T010,Tecnologia,437772608,894,Base
2025-12,T011,Alimentos,362040510,1215,Base
2025-12,T011,Belleza,523718822,319,Base
2025-12,T011,Deportes,117833440,758,Base
2025-12,T011,Electrohogar,490305366,948,Base
2025-12,T011,Jugueteria,195390875,384,Base
2025-12,T011,Moda,383121035,939,Base
2025-12,T011,Muebles,155223481,464,Base
2025-12,T011,Tecnologia,187014915,802,Base
2025-12,T012,Alimentos,351306968,320,Base
2025-12,T012,Belleza,490498653,1217,Base
2025-12,T012,Deportes,420087363,428,Base
2025-12,T012,Electrohogar,517525195,398,Base
2025-12,T012,Jugueteria,337857646,405,Base
2025-12,T012,Moda,246214600,153,Base
2025-12,T012,Muebles,94350242,383,Base
2025-12,T012,Tecnologia,304671883,193,Base
2025-12,T013,Alimentos,139064996,1019,Base
2025-12,T013,Belleza,416824156,358,Base
2025-12,T013,Deportes,84368585,989,Base
2025-12,T013,Electrohogar,88105902,645,Base
2025-12,T013,Jugueteria,194157046,697,Base
2025-12,T013,Moda,255467671,619,Base
2025-12,T013,Muebles,348871378,1102,Base
2025-12,T013,Tecnologia,480996381,158,Base
2025-12,T014,Alimentos,258580837,202,Base
2025-12,T014,Belleza,118762186,179,Base
2025-12,T014,Deportes,207336968,487,Base
2025-12,T014,Electrohogar,314737950,299,Base
2025-12,T014,Jugueteria,126624175,293,Base
2025-12,T014,Moda,244840217,1157,Base
2025-12,T014,Muebles,304942858,800,Base
2025-12,T014,Tecnologia,320113226,892,Base
2025-12,T015,Alimentos,280588581,1147,Base
2025-12,T015,Belleza,255638645,1252,Base
2025-12,T015,Deportes,426849761,1259,Base
2025-12,T015,Electrohogar,165720622,314,Base
2025-12,T015,Jugueteria,319396043,235,Base
2025-12,T015,Moda,466536051,333,Base
2025-12,T015,Muebles,412860117,134,Base
2025-12,T015,Tecnologia,91039673,423,Base
2025-12,T016,Alimentos,187759068,315,Base
2025-12,T016,Belleza,249432128,852,Base
2025-12,T016,Deportes,188832285,987,Base
2025-12,T016,Electrohogar,318765796,352,Base
2025-12,T016,Jugueteria,454641395,433,Base
2025-12,T016,Moda,433608316,885,Base
2025-12,T016,Muebles,278537348,666,Base
2025-12,T016,Tecnologia,168070142,174,Base
2025-12,T017,Alimentos,84284760,964,Base
2025-12,T017,Belleza,268066692,1399,Base
2025-12,T017,Deportes,63967133,1240,Base
2025-12,T017,Electrohogar,227507633,561,Base
2025-12,T017,Jugueteria,257759311,326,Base
2025-12,T017,Moda,376421992,920,Base
2025-12,T017,Muebles,438593911,319,Base
2025-12,T017,Tecnologia,406132666,1301,Base
2025-12,T018,Alimentos,366616780,1249,Base
2025-12,T018,Belleza,436754785,1246,Base
2025-12,T018,Deportes,426111218,230,Base
2025-12,T018,Electrohogar,264836901,363,Base
2025-12,T018,Jugueteria,442559435,475,Base
2025-12,T018,Moda,183514471,1082,Base
2025-12,T018,Muebles,342278747,1327,Base
2025-12,T018,Tecnologia,61609712,383,Base
2025-12,T019,Alimentos,184758217,268,Base
2025-12,T019,Belleza,201253777,184,Base
2025-12,T019,Deportes,274671513,646,Base
2025-12,T019,Electrohogar,57673732,1132,Base
2025-12,T019,Jugueteria,284983648,994,Base
2025-12,T019,Moda,385243975,151,Base
2025-12,T019,Muebles,56291975,368,Base
2025-12,T019,Tecnologia,391345503,1111,Base
2025-12,T020,Alimentos,310148616,992,Base
2025-12,T020,Belleza,366223922,374,Base
2025-12,T020,Deportes,264865988,1130,Base
2025-12,T020,Electrohogar,189033146,1309,Base
2025-12,T020,Jugueteria,371493727,1370,Base
2025-12,T020,Moda,387479065,941,Base
2025-12,T020,Muebles,394745866,377,Base
2025-12,T020,Tecnologia,402521121,1313,Base
2025-12,T021,Alimentos,364941557,611,Base
2025-12,T021,Belleza,64405453,1043,Base
2025-12,T021,Deportes,227775101,275,Base
2025-12,T021,Electrohogar,137065820,1379,Base
2025-12,T021,Jugueteria,157519417,137,Base
2025-12,T021,Moda,66319892,817,Base
2025-12,T021,Muebles,77641825,1076,Base
2025-12,T021,Tecnologia,95056133,680,Base
2025-12,T022,Alimentos,151449505,390,Base
2025-12,T022,Belleza,365595570,150,Base
2025-12,T022,Deportes,358281755,1069,Base
2025-12,T022,Electrohogar,75021592,1130,Base
2025-12,T022,Jugueteria,475418332,312,Base
2025-12,T022,Moda,287288837,627,Base
2025-12,T022,Muebles,458075357,1168,Base
2025-12,T022,Tecnologia,488224161,217,Base
2025-12,T023,Alimentos,242430358,342,Base
2025-12,T023,Belleza,122231302,653,Base
2025-12,T023,Deportes,393636506,170,Base
2025-12,T023,Electrohogar,427172017,962,Base
2025-12,T023,Jugueteria,304783518,1206,Base
2025-12,T023,Moda,503939222,517,Base
2025-12,T023,Muebles,70910511,565,Base
2025-12,T023,Tecnologia,271137812,240,Base
2025-12,T024,Alimentos,473588930,587,Base
2025-12,T024,Belleza,65009832,913,Base
2025-12,T024,Deportes,57572777,605,Base
2025-12,T024,Electrohogar,175688188,245,Base
2025-12,T024,Jugueteria,81538708,275,Base
2025-12,T024,Moda,434896557,247,Base
2025-12,T024,Muebles,99953585,427,Base
2025-12,T024,Tecnologia,499124250,145,Base
2025-12,T025,Alimentos,81690397,649,Base
2025-12,T025,Belleza,412794433,1249,Base
2025-12,T025,Deportes,430646483,425,Base
2025-12,T025,Electrohogar,436525348,437,Base
2025-12,T025,Jugueteria,294514206,188,Base
2025-12,T025,Moda,501027123,1053,Base
2025-12,T025,Muebles,268433175,139,Base
2025-12,T025,Tecnologia,333050740,1324,Base
2025-12,T026,Alimentos,256455852,909,Base
2025-12,T026,Belleza,65550397,1220,Base
2025-12,T026,Deportes,249028386,511,Base
2025-12,T026,Electrohogar,68381843,990,Base
2025-12,T026,Jugueteria,450826863,426,Base
2025-12,T026,Moda,499321677,1347,Base
2025-12,T026,Muebles,306884783,260,Base
2025-12,T026,Tecnologia,442947701,564,Base
2025-12,T027,Alimentos,396727813,968,Base
2025-12,T027,Belleza,472019903,1103,Base
2025-12,T027,Deportes,463326435,791,Base
2025-12,T027,Electrohogar,189085640,421,Base
2025-12,T027,Jugueteria,317493907,630,Base
2025-12,T027,Moda,458136651,1399,Base
2025-12,T027,Muebles,291073690,824,Base
2025-12,T027,Tecnologia,167855548,1069,Base
2025-12,T028,Alimentos,230866122,811,Base
2025-12,T028,Belleza,447556450,492,Base
2025-12,T028,Deportes,493400182,605,Base
2025-12,T028,Electrohogar,417889778,837,Base
2025-12,T028,Jugueteria,133770527,1338,Base
2025-12,T028,Moda,248498801,450,Base
2025-12,T028,Muebles,517284887,306,Base
2025-12,T028,Tecnologia,221003056,256,Base
2025-12,T029,Alimentos,125439451,1187,Base
2025-12,T029,Belleza,234677400,196,Base
2025-12,T029,Deportes,469105835,921,Base
2025-12,T029,Electrohogar,230697177,271,Base
2025-12,T029,Jugueteria,311770600,1179,Base
2025-12,T029,Moda,130325221,1056,Base
2025-12,T029,Muebles,249460198,1018,Base
2025-12,T029,Tecnologia,70358920,1073,Base
2025-12,T030,Alimentos,338963316,655,Base
2025-12,T030,Belleza,468730106,652,Base
2025-12,T030,Deportes,157812661,323,Base
2025-12,T030,Electrohogar,208367858,1172,Base
2025-12,T030,Jugueteria,149022358,431,Base
2025-12,T030,Moda,283369546,726,Base
2025-12,T030,Muebles,380060800,1219,Base
2025-12,T030,Tecnologia,487185347,720,Base
2025-12,T031,Alimentos,471270253,736,Base
2025-12,T031,Belleza,211620840,1299,Base
2025-12,T031,Deportes,404381741,886,Base
2025-12,T031,Electrohogar,296803286,1240,Base
2025-12,T031,Jugueteria,332937842,589,Base
2025-12,T031,Moda,171865602,1241,Base
2025-12,T031,Muebles,67884530,667,Base
2025-12,T031,Tecnologia,261492081,331,Base
2025-12,T032,Alimentos,439157625,1117,Base
2025-12,T032,Belleza,265126232,920,Base
2025-12,T032,Deportes,486226222,1054,Base
2025-12,T032,Electrohogar,311512056,334,Base
2025-12,T032,Jugueteria,173561660,1011,Base
2025-12,T032,Moda,480190117,1362,Base
2025-12,T032,Muebles,377177913,680,Base
2025-12,T032,Tecnologia,479207132,488,Base
2025-12,T033,Alimentos,83006472,926,Base
2025-12,T033,Belleza,451327295,190,Base
2025-12,T033,Deportes,369594390,1078,Base
2025-12,T033,Electrohogar,443190912,815,Base
2025-12,T033,Jugueteria,317590532,556,Base
2025-12,T033,Moda,81050733,1152,Base
2025-12,T033,Muebles,281309118,1397,Base
2025-12,T033,Tecnologia,396731658,726,Base
2025-12,T034,Alimentos,185300537,959,Base
2025-12,T034,Belleza,481130160,968,Base
2025-12,T034,Deportes,392809172,1194,Base
2025-12,T034,Electrohogar,223782830,1265,Base
2025-12,T034,Jugueteria,184794432,727,Base
2025-12,T034,Moda,498569096,1105,Base
2025-12,T034,Muebles,523595780,908,Base
2025-12,T034,Tecnologia,103405568,1227,Base
2025-12,T035,Alimentos,328485383,913,Base
2025-12,T035,Belleza,245278210,471,Base
2025-12,T035,Deportes,127435552,1030,Base
2025-12,T035,Electrohogar,503561371,179,Base
2025-12,T035,Jugueteria,243690552,1366,Base
2025-12,T035,Moda,336001825,1087,Base
2025-12,T035,Muebles,319615508,184,Base
2025-12,T035,Tecnologia,412482153,1251,Base
2025-12,T036,Alimentos,449058672,235,Base
2025-12,T036,Belleza,372283867,280,Base
2025-12,T036,Deportes,392720267,644,Base
2025-12,T036,Electrohogar,473427537,535,Base
2025-12,T036,Jugueteria,498504791,284,Base
2025-12,T036,Moda,518984027,1337,Base
2025-12,T036,Muebles,198867812,1130,Base
2025-12,T036,Tecnologia,474798420,921,Base
2025-12,T037,Alimentos,222038682,944,Base
2025-12,T037,Belleza,294789741,441,Base
2025-12,T037,Deportes,95449595,411,Base
2025-12,T037,Electrohogar,170735537,1152,Base
2025-12,T037,Jugueteria,343727406,1173,Base
2025-12,T037,Moda,369905567,687,Base
2025-12,T037,Muebles,321838211,338,Base
2025-12,T037,Tecnologia,221902488,563,Base
2025-12,T038,Alimentos,360608737,396,Base
2025-12,T038,Belleza,220218080,674,Base
2025-12,T038,Deportes,432014271,554,Base
2025-12,T038,Electrohogar,56315698,1326,Base
2025-12,T038,Jugueteria,414851815,1347,Base
2025-12,T038,Moda,97720903,1085,Base
2025-12,T038,Muebles,388771665,1235,Base
2025-12,T038,Tecnologia,110743232,1032,Base
2025-12,T039,Alimentos,215754065,1186,Base
2025-12,T039,Belleza,92642795,593,Base
2025-12,T039,Deportes,488167106,883,Base
2025-12,T039,Electrohogar,170772070,461,Base
2025-12,T039,Jugueteria,89081345,236,Base
2025-12,T039,Moda,440554501,973,Base
2025-12,T039,Muebles,400800271,750,Base
2025-12,T039,Tecnologia,235207530,827,Base
2025-12,T040,Alimentos,510598588,984,Base
2025-12,T040,Belleza,360717727,861,Base
2025-12,T040,Deportes,90154133,1125,Base
2025-12,T040,Electrohogar,452662601,1049,Base
2025-12,T040,Jugueteria,154841603,968,Base
2025-12,T040,Moda,508832040,659,Base
2025-12,T040,Muebles,474070531,402,Base
2025-12,T040,Tecnologia,274126727,680,Base
2025-12,T041,Alimentos,77237421,192,Base
2025-12,T041,Belleza,262468515,1097,Base
2025-12,T041,Deportes,353447517,488,Base
2025-12,T041,Electrohogar,416257830,663,Base
2025-12,T041,Jugueteria,294110086,1095,Base
2025-12,T041,Moda,312742940,598,Base
2025-12,T041,Muebles,420408123,1334,Base
2025-12,T041,Tecnologia,182365916,383,Base
2025-12,T042,Alimentos,94061031,863,Base
2025-12,T042,Belleza,283816060,636,Base
2025-12,T042,Deportes,172680017,879,Base
2025-12,T042,Electrohogar,524681913,680,Base
2025-12,T042,Jugueteria,315497517,1137,Base
2025-12,T042,Moda,358920452,1301,Base
2025-12,T042,Muebles,299744898,1005,Base
2025-12,T042,Tecnologia,441697545,811,Base
2025-12,T043,Alimentos,406952963,1107,Base
2025-12,T043,Belleza,266469905,1067,Base
2025-12,T043,Deportes,193122002,739,Base
2025-12,T043,Electrohogar,106727900,676,Base
2025-12,T043,Jugueteria,155559770,776,Base
2025-12,T043,Moda,423560165,711,Base
2025-12,T043,Muebles,195494758,175,Base
2025-12,T043,Tecnologia,350750135,834,Base
2025-12,T044,Alimentos,106826740,1030,Base
2025-12,T044,Belleza,258870105,341,Base
2025-12,T044,Deportes,129759851,352,Base
2025-12,T044,Electrohogar,180692428,783,Base
2025-12,T044,Jugueteria,373466630,425,Base
2025-12,T044,Moda,132495371,595,Base
2025-12,T044,Muebles,389884863,1367,Base
2025-12,T044,Tecnologia,173775353,850,Base
2025-12,T045,Alimentos,267386538,356,Base
2025-12,T045,Belleza,417034611,1064,Base
2025-12,T045,Deportes,303988833,630,Base
2025-12,T045,Electrohogar,67738070,679,Base
2025-12,T045,Jugueteria,104835198,1264,Base
2025-12,T045,Moda,328318931,623,Base
2025-12,T045,Muebles,378954070,469,Base
2025-12,T045,Tecnologia,439577533,757,Base
2025-12,T046,Alimentos,409470427,1039,Base
2025-12,T046,Belleza,459756358,408,Base
2025-12,T046,Deportes,262330600,443,Base
2025-12,T046,Electrohogar,82485143,742,Base
2025-12,T046,Jugueteria,320411475,726,Base
2025-12,T046,Moda,463109543,1399,Base
2025-12,T046,Muebles,473998191,166,Base
2025-12,T046,Tecnologia,125675646,178,Base
2025-12,T047,Alimentos,339701097,338,Base
2025-12,T047,Belleza,287019587,555,Base
2025-12,T047,Deportes,316209520,275,Base
2025-12,T047,Electrohogar,491466198,759,Base
2025-12,T047,Jugueteria,252317788,1111,Base
2025-12,T047,Moda,461703325,432,Base
2025-12,T047,Muebles,69240462,982,Base
2025-12,T047,Tecnologia,132456878,723,Base
2025-12,T048,Alimentos,192784038,708,Base
2025-12,T048,Belleza,488459058,762,Base
2025-12,T048,Deportes,132286820,344,Base
2025-12,T048,Electrohogar,365895101,899,Base
2025-12,T048,Jugueteria,58211581,905,Base
2025-12,T048,Moda,61126135,1208,Base
2025-12,T048,Muebles,100812780,360,Base
2025-12,T048,Tecnologia,136136923,756,Base
2025-12,T049,Alimentos,424740737,180,Base
2025-12,T049,Belleza,364057755,1323,Base
2025-12,T049,Deportes,235021216,1139,Base
2025-12,T049,Electrohogar,498921493,926,Base
2025-12,T049,Jugueteria,145172358,568,Base
2025-12,T049,Moda,365859471,834,Base
2025-12,T049,Muebles,496129530,1066,Base
2025-12,T049,Tecnologia,166403036,399,Base
2025-12,T050,Alimentos,405427545,788,Base
2025-12,T050,Belleza,85550158,164,Base
2025-12,T050,Deportes,503015891,500,Base
2025-12,T050,Electrohogar,404192388,489,Base
2025-12,T050,Jugueteria,202498231,1008,Base
2025-12,T050,Moda,387914813,893,Base
2025-12,T050,Muebles,489918998,327,Base
2025-12,T050,Tecnologia,307960570,638,Base
2025-12,T051,Alimentos,78086723,884,Base
2025-12,T051,Belleza,284439572,1083,Base
2025-12,T051,Deportes,257351200,158,Base
2025-12,T051,Electrohogar,211529037,685,Base
2025-12,T051,Jugueteria,123354233,146,Base
2025-12,T051,Moda,310545336,194,Base
2025-12,T051,Muebles,467528222,1048,Base
2025-12,T051,Tecnologia,56859216,1347,Base
2025-12,T052,Alimentos,64599262,671,Base
2025-12,T052,Belleza,192442150,945,Base
2025-12,T052,Deportes,185345415,1139,Base
2025-12,T052,Electrohogar,109897801,600,Base
2025-12,T052,Jugueteria,259674988,765,Base
2025-12,T052,Moda,319491075,1021,Base
2025-12,T052,Muebles,312421803,913,Base
2025-12,T052,Tecnologia,513670341,1294,Base
2025-12,T053,Alimentos,172220718,724,Base
2025-12,T053,Belleza,503045661,304,Base
2025-12,T053,Deportes,268336982,378,Base
2025-12,T053,Electrohogar,139455663,434,Base
2025-12,T053,Jugueteria,359712123,297,Base
2025-12,T053,Moda,221803018,191,Base
2025-12,T053,Muebles,331580961,277,Base
2025-12,T053,Tecnologia,198595736,870,Base
2025-12,T054,Alimentos,317746511,524,Base
2025-12,T054,Belleza,272984363,134,Base
2025-12,T054,Deportes,373679742,212,Base
2025-12,T054,Electrohogar,247768042,249,Base
2025-12,T054,Jugueteria,140579012,783,Base
2025-12,T054,Moda,444580368,620,Base
2025-12,T054,Muebles,108733436,974,Base
2025-12,T054,Tecnologia,203204763,1200,Base
2025-12,T055,Alimentos,416696855,1193,Base
2025-12,T055,Belleza,307623156,470,Base
2025-12,T055,Deportes,390880121,163,Base
2025-12,T055,Electrohogar,240412678,1027,Base
2025-12,T055,Jugueteria,77917333,320,Base
2025-12,T055,Moda,408625690,889,Base
2025-12,T055,Muebles,485898101,806,Base
2025-12,T055,Tecnologia,84539358,1260,Base
2025-12,T056,Alimentos,442918955,362,Base
2025-12,T056,Belleza,484785677,655,Base
2025-12,T056,Deportes,314381668,1284,Base
2025-12,T056,Electrohogar,448903173,305,Base
2025-12,T056,Jugueteria,415943538,939,Base
2025-12,T056,Moda,505548803,570,Base
2025-12,T056,Muebles,502856773,826,Base
2025-12,T056,Tecnologia,366425712,422,Base
2025-12,T057,Alimentos,386616918,291,Base
2025-12,T057,Belleza,524598615,638,Base
2025-12,T057,Deportes,393962173,206,Base
2025-12,T057,Electrohogar,180582160,697,Base
2025-12,T057,Jugueteria,402461037,210,Base
2025-12,T057,Moda,414283176,419,Base
2025-12,T057,Muebles,195237952,891,Base
2025-12,T057,Tecnologia,97821067,446,Base
2025-12,T058,Alimentos,206563398,1362,Base
2025-12,T058,Belleza,62589931,776,Base
2025-12,T058,Deportes,417330201,507,Base
2025-12,T058,Electrohogar,418582286,122,Base
2025-12,T058,Jugueteria,281749998,953,Base
2025-12,T058,Moda,225170628,687,Base
2025-12,T058,Muebles,64297366,702,Base
2025-12,T058,Tecnologia,72976822,331,Base
2025-12,T059,Alimentos,428435437,1098,Base
2025-12,T059,Belleza,397407686,1100,Base
2025-12,T059,Deportes,98462471,1169,Base
2025-12,T059,Electrohogar,75756652,368,Base
2025-12,T059,Jugueteria,461001655,576,Base
2025-12,T059,Moda,432100173,1296,Base
2025-12,T059,Muebles,200027762,487,Base
2025-12,T059,Tecnologia,318986220,458,Base
2025-12,T060,Alimentos,315346893,785,Base
2025-12,T060,Belleza,194213618,133,Base
2025-12,T060,Deportes,65696843,971,Base
2025-12,T060,Electrohogar,118922308,1330,Base
2025-12,T060,Jugueteria,336253857,564,Base
2025-12,T060,Moda,109383042,1076,Base
2025-12,T060,Muebles,255080310,445,Base
2025-12,T060,Tecnologia,413834782,1291,Base
2026-01,T001,Alimentos,131947243,1102,Base
2026-01,T001,Belleza,67085498,622,Base
2026-01,T001,Deportes,412069458,683,Base
2026-01,T001,Electrohogar,377732561,899,Base
2026-01,T001,Jugueteria,405331448,1289,Base
2026-01,T001,Moda,233980181,1122,Base
2026-01,T001,Muebles,385036465,1306,Base
2026-01,T001,Tecnologia,47960339,1230,Base
2026-01,T002,Alimentos,145553032,951,Base
2026-01,T002,Belleza,69897878,607,Base
2026-01,T002,Deportes,371045740,1204,Base
2026-01,T002,Electrohogar,154562411,463,Base
2026-01,T002,Jugueteria,150379210,187,Base
2026-01,T002,Moda,52763632,1274,Base
2026-01,T002,Muebles,414573233,663,Base
2026-01,T002,Tecnologia,287187616,1156,Base
2026-01,T003,Alimentos,346825381,1002,Base
2026-01,T003,Belleza,94940718,466,Base
2026-01,T003,Deportes,327688865,1264,Base
2026-01,T003,Electrohogar,135171313,860,Base
2026-01,T003,Jugueteria,142461764,144,Base
2026-01,T003,Moda,208732892,336,Base
2026-01,T003,Muebles,296914130,313,Base
2026-01,T003,Tecnologia,391129879,176,Base
2026-01,T004,Alimentos,65240840,1035,Base
2026-01,T004,Belleza,211774639,803,Base
2026-01,T004,Deportes,167694878,1359,Base
2026-01,T004,Electrohogar,257355300,813,Base
2026-01,T004,Jugueteria,137957313,1328,Base
2026-01,T004,Moda,319103307,1176,Base
2026-01,T004,Muebles,334417898,989,Base
2026-01,T004,Tecnologia,400564753,1172,Base
2026-01,T005,Alimentos,206268359,964,Base
2026-01,T005,Belleza,63372477,529,Base
2026-01,T005,Deportes,269899036,1050,Base
2026-01,T005,Electrohogar,233463188,829,Base
2026-01,T005,Jugueteria,90124545,1177,Base
2026-01,T005,Moda,401723105,137,Base
2026-01,T005,Muebles,101116239,131,Base
2026-01,T005,Tecnologia,414082265,591,Base
2026-01,T006,Alimentos,75198817,1233,Base
2026-01,T006,Belleza,191753211,1083,Base
2026-01,T006,Deportes,199322286,1229,Base
2026-01,T006,Electrohogar,404354544,651,Base
2026-01,T006,Jugueteria,417023798,941,Base
2026-01,T006,Moda,405744633,1376,Base
2026-01,T006,Muebles,110257951,1001,Base
2026-01,T006,Tecnologia,362202554,1339,Base
2026-01,T007,Alimentos,275725885,1268,Base
2026-01,T007,Belleza,172755688,927,Base
2026-01,T007,Deportes,173583758,600,Base
2026-01,T007,Electrohogar,249398186,585,Base
2026-01,T007,Jugueteria,129122568,580,Base
2026-01,T007,Moda,283198335,1066,Base
2026-01,T007,Muebles,153867807,367,Base
2026-01,T007,Tecnologia,216061981,467,Base
2026-01,T008,Alimentos,63412328,1210,Base
2026-01,T008,Belleza,318534151,147,Base
2026-01,T008,Deportes,401277665,1292,Base
2026-01,T008,Electrohogar,408793021,523,Base
2026-01,T008,Jugueteria,351899932,414,Base
2026-01,T008,Moda,265959893,1281,Base
2026-01,T008,Muebles,105303795,678,Base
2026-01,T008,Tecnologia,194246774,505,Base
2026-01,T009,Alimentos,215255475,287,Base
2026-01,T009,Belleza,361768072,669,Base
2026-01,T009,Deportes,183222311,1313,Base
2026-01,T009,Electrohogar,181822115,771,Base
2026-01,T009,Jugueteria,332451139,1335,Base
2026-01,T009,Moda,57265167,878,Base
2026-01,T009,Muebles,82231744,281,Base
2026-01,T009,Tecnologia,186617140,1171,Base
2026-01,T010,Alimentos,227548015,735,Base
2026-01,T010,Belleza,279327159,1122,Base
2026-01,T010,Deportes,265157030,432,Base
2026-01,T010,Electrohogar,351108913,418,Base
2026-01,T010,Jugueteria,120484780,143,Base
2026-01,T010,Moda,312485351,696,Base
2026-01,T010,Muebles,174921158,753,Base
2026-01,T010,Tecnologia,263481357,1241,Base
2026-01,T011,Alimentos,405142201,916,Base
2026-01,T011,Belleza,166196664,1389,Base
2026-01,T011,Deportes,279332668,922,Base
2026-01,T011,Electrohogar,217539014,220,Base
2026-01,T011,Jugueteria,328398564,263,Base
2026-01,T011,Moda,244650056,1026,Base
2026-01,T011,Muebles,136878689,693,Base
2026-01,T011,Tecnologia,388110862,883,Base
2026-01,T012,Alimentos,325419777,444,Base
2026-01,T012,Belleza,261150831,992,Base
2026-01,T012,Deportes,67685809,1307,Base
2026-01,T012,Electrohogar,257719185,1078,Base
2026-01,T012,Jugueteria,179877539,681,Base
2026-01,T012,Moda,160280408,525,Base
2026-01,T012,Muebles,205396508,514,Base
2026-01,T012,Tecnologia,230503641,910,Base
2026-01,T013,Alimentos,159834864,875,Base
2026-01,T013,Belleza,117109945,255,Base
2026-01,T013,Deportes,353771724,856,Base
2026-01,T013,Electrohogar,232143831,1088,Base
2026-01,T013,Jugueteria,284670685,791,Base
2026-01,T013,Moda,199414898,163,Base
2026-01,T013,Muebles,164072100,186,Base
2026-01,T013,Tecnologia,309986857,830,Base
2026-01,T014,Alimentos,306721212,1106,Base
2026-01,T014,Belleza,411011628,1018,Base
2026-01,T014,Deportes,169328974,1371,Base
2026-01,T014,Electrohogar,213748738,1086,Base
2026-01,T014,Jugueteria,179521260,681,Base
2026-01,T014,Moda,368739901,1232,Base
2026-01,T014,Muebles,388759743,1013,Base
2026-01,T014,Tecnologia,301700494,1156,Base
2026-01,T015,Alimentos,235520314,405,Base
2026-01,T015,Belleza,336446695,153,Base
2026-01,T015,Deportes,84656972,998,Base
2026-01,T015,Electrohogar,169013622,1302,Base
2026-01,T015,Jugueteria,85096809,267,Base
2026-01,T015,Moda,122218256,480,Base
2026-01,T015,Muebles,378423198,323,Base
2026-01,T015,Tecnologia,285802780,389,Base
2026-01,T016,Alimentos,237667527,1031,Base
2026-01,T016,Belleza,147310378,864,Base
2026-01,T016,Deportes,271889256,359,Base
2026-01,T016,Electrohogar,228481994,397,Base
2026-01,T016,Jugueteria,321589071,235,Base
2026-01,T016,Moda,112574746,1247,Base
2026-01,T016,Muebles,248246384,674,Base
2026-01,T016,Tecnologia,302561579,648,Base
2026-01,T017,Alimentos,296813871,1284,Base
2026-01,T017,Belleza,342828972,627,Base
2026-01,T017,Deportes,91919763,642,Base
2026-01,T017,Electrohogar,85496180,990,Base
2026-01,T017,Jugueteria,110033399,1135,Base
2026-01,T017,Moda,63790936,775,Base
2026-01,T017,Muebles,162970255,985,Base
2026-01,T017,Tecnologia,417381229,1210,Base
2026-01,T018,Alimentos,417395750,636,Base
2026-01,T018,Belleza,225045756,728,Base
2026-01,T018,Deportes,345806983,222,Base
2026-01,T018,Electrohogar,165229685,365,Base
2026-01,T018,Jugueteria,136196149,689,Base
2026-01,T018,Moda,294104303,1113,Base
2026-01,T018,Muebles,312487258,864,Base
2026-01,T018,Tecnologia,118964651,233,Base
2026-01,T019,Alimentos,214252439,1256,Base
2026-01,T019,Belleza,265559865,1326,Base
2026-01,T019,Deportes,215084903,605,Base
2026-01,T019,Electrohogar,228700299,1329,Base
2026-01,T019,Jugueteria,173923339,172,Base
2026-01,T019,Moda,76910091,485,Base
2026-01,T019,Muebles,404928111,521,Base
2026-01,T019,Tecnologia,359587043,450,Base
2026-01,T020,Alimentos,194580339,563,Base
2026-01,T020,Belleza,384005289,1019,Base
2026-01,T020,Deportes,152088135,746,Base
2026-01,T020,Electrohogar,233265826,137,Base
2026-01,T020,Jugueteria,201023542,591,Base
2026-01,T020,Moda,209395295,212,Base
2026-01,T020,Muebles,75212620,1166,Base
2026-01,T020,Tecnologia,263757107,868,Base
2026-01,T021,Alimentos,339354843,569,Base
2026-01,T021,Belleza,111570821,484,Base
2026-01,T021,Deportes,411808097,593,Base
2026-01,T021,Electrohogar,201118760,1124,Base
2026-01,T021,Jugueteria,387404972,598,Base
2026-01,T021,Moda,166782070,866,Base
2026-01,T021,Muebles,364592612,259,Base
2026-01,T021,Tecnologia,110623102,476,Base
2026-01,T022,Alimentos,48159596,732,Base
2026-01,T022,Belleza,375528951,172,Base
2026-01,T022,Deportes,95934370,506,Base
2026-01,T022,Electrohogar,59346814,373,Base
2026-01,T022,Jugueteria,276010390,602,Base
2026-01,T022,Moda,49023311,356,Base
2026-01,T022,Muebles,295375643,1035,Base
2026-01,T022,Tecnologia,156663266,1154,Base
2026-01,T023,Alimentos,286879541,659,Base
2026-01,T023,Belleza,370275200,1284,Base
2026-01,T023,Deportes,145570441,512,Base
2026-01,T023,Electrohogar,381255998,681,Base
2026-01,T023,Jugueteria,356805245,365,Base
2026-01,T023,Moda,110854705,910,Base
2026-01,T023,Muebles,218137760,330,Base
2026-01,T023,Tecnologia,306820328,851,Base
2026-01,T024,Alimentos,151108352,1375,Base
2026-01,T024,Belleza,269929514,443,Base
2026-01,T024,Deportes,314961184,178,Base
2026-01,T024,Electrohogar,160284043,1384,Base
2026-01,T024,Jugueteria,112007490,882,Base
2026-01,T024,Moda,381840928,280,Base
2026-01,T024,Muebles,270193424,544,Base
2026-01,T024,Tecnologia,165214129,1306,Base
2026-01,T025,Alimentos,139660635,765,Base
2026-01,T025,Belleza,135856280,439,Base
2026-01,T025,Deportes,66680458,652,Base
2026-01,T025,Electrohogar,365050085,751,Base
2026-01,T025,Jugueteria,281032361,713,Base
2026-01,T025,Moda,99067063,481,Base
2026-01,T025,Muebles,185663492,128,Base
2026-01,T025,Tecnologia,267135051,1257,Base
2026-01,T026,Alimentos,103168218,495,Base
2026-01,T026,Belleza,197770606,1174,Base
2026-01,T026,Deportes,221617328,356,Base
2026-01,T026,Electrohogar,108385025,820,Base
2026-01,T026,Jugueteria,273476060,1049,Base
2026-01,T026,Moda,247189945,190,Base
2026-01,T026,Muebles,246950041,1328,Base
2026-01,T026,Tecnologia,214890935,368,Base
2026-01,T027,Alimentos,51265802,1037,Base
2026-01,T027,Belleza,299763840,948,Base
2026-01,T027,Deportes,140587269,697,Base
2026-01,T027,Electrohogar,338462114,651,Base
2026-01,T027,Jugueteria,95221714,360,Base
2026-01,T027,Moda,177747591,652,Base
2026-01,T027,Muebles,174596808,1073,Base
2026-01,T027,Tecnologia,412968804,606,Base
2026-01,T028,Alimentos,196598173,800,Base
2026-01,T028,Belleza,249373144,985,Base
2026-01,T028,Deportes,198969846,200,Base
2026-01,T028,Electrohogar,242281233,953,Base
2026-01,T028,Jugueteria,224751226,1049,Base
2026-01,T028,Moda,294643769,910,Base
2026-01,T028,Muebles,215561463,623,Base
2026-01,T028,Tecnologia,345583077,673,Base
2026-01,T029,Alimentos,408159260,673,Base
2026-01,T029,Belleza,345796684,315,Base
2026-01,T029,Deportes,272417663,311,Base
2026-01,T029,Electrohogar,365513750,696,Base
2026-01,T029,Jugueteria,69783466,462,Base
2026-01,T029,Moda,207584648,998,Base
2026-01,T029,Muebles,80047471,1250,Base
2026-01,T029,Tecnologia,104468518,1089,Base
2026-01,T030,Alimentos,213102504,879,Base
2026-01,T030,Belleza,254796062,417,Base
2026-01,T030,Deportes,170722277,493,Base
2026-01,T030,Electrohogar,383999395,1045,Base
2026-01,T030,Jugueteria,233196490,224,Base
2026-01,T030,Moda,109541551,262,Base
2026-01,T030,Muebles,227806736,932,Base
2026-01,T030,Tecnologia,170903843,931,Base
2026-01,T031,Alimentos,106107240,832,Base
2026-01,T031,Belleza,341947967,1099,Base
2026-01,T031,Deportes,124990089,886,Base
2026-01,T031,Electrohogar,322893244,728,Base
2026-01,T031,Jugueteria,322896431,564,Base
2026-01,T031,Moda,341374298,1251,Base
2026-01,T031,Muebles,189936398,356,Base
2026-01,T031,Tecnologia,330968428,956,Base
2026-01,T032,Alimentos,137606112,1216,Base
2026-01,T032,Belleza,109025890,380,Base
2026-01,T032,Deportes,153493154,643,Base
2026-01,T032,Electrohogar,317968899,157,Base
2026-01,T032,Jugueteria,163447198,151,Base
2026-01,T032,Moda,257141045,141,Base
2026-01,T032,Muebles,66760652,242,Base
2026-01,T032,Tecnologia,67664676,1166,Base
2026-01,T033,Alimentos,129942132,145,Base
2026-01,T033,Belleza,391997745,1384,Base
2026-01,T033,Deportes,362507329,746,Base
2026-01,T033,Electrohogar,192609408,938,Base
2026-01,T033,Jugueteria,73554067,944,Base
2026-01,T033,Moda,124811630,584,Base
2026-01,T033,Muebles,102568675,891,Base
2026-01,T033,Tecnologia,325165658,991,Base
2026-01,T034,Alimentos,362524422,867,Base
2026-01,T034,Belleza,224479417,1080,Base
2026-01,T034,Deportes,105155796,857,Base
2026-01,T034,Electrohogar,148715603,379,Base
2026-01,T034,Jugueteria,347791440,869,Base
2026-01,T034,Moda,243251935,689,Base
2026-01,T034,Muebles,328549284,1389,Base
2026-01,T034,Tecnologia,139160527,813,Base
2026-01,T035,Alimentos,375738805,681,Base
2026-01,T035,Belleza,189836452,1164,Base
2026-01,T035,Deportes,270556440,678,Base
2026-01,T035,Electrohogar,59395995,1084,Base
2026-01,T035,Jugueteria,277947643,495,Base
2026-01,T035,Moda,353212011,270,Base
2026-01,T035,Muebles,157016025,1243,Base
2026-01,T035,Tecnologia,133655383,438,Base
2026-01,T036,Alimentos,172058355,1218,Base
2026-01,T036,Belleza,103401236,547,Base
2026-01,T036,Deportes,302818341,514,Base
2026-01,T036,Electrohogar,190032006,619,Base
2026-01,T036,Jugueteria,83614998,1156,Base
2026-01,T036,Moda,159827671,706,Base
2026-01,T036,Muebles,207879736,439,Base
2026-01,T036,Tecnologia,218533512,281,Base
2026-01,T037,Alimentos,218035564,220,Base
2026-01,T037,Belleza,202248811,885,Base
2026-01,T037,Deportes,265148741,433,Base
2026-01,T037,Electrohogar,385273549,307,Base
2026-01,T037,Jugueteria,293207201,370,Base
2026-01,T037,Moda,66715988,1204,Base
2026-01,T037,Muebles,225941903,1208,Base
2026-01,T037,Tecnologia,304449427,538,Base
2026-01,T038,Alimentos,337537834,861,Base
2026-01,T038,Belleza,178670056,1343,Base
2026-01,T038,Deportes,167985879,352,Base
2026-01,T038,Electrohogar,341091770,714,Base
2026-01,T038,Jugueteria,274681612,1313,Base
2026-01,T038,Moda,398356224,605,Base
2026-01,T038,Muebles,375326599,1293,Base
2026-01,T038,Tecnologia,277286980,355,Base
2026-01,T039,Alimentos,322428882,413,Base
2026-01,T039,Belleza,393448738,937,Base
2026-01,T039,Deportes,354314445,923,Base
2026-01,T039,Electrohogar,64275855,1181,Base
2026-01,T039,Jugueteria,62469406,1247,Base
2026-01,T039,Moda,390250447,163,Base
2026-01,T039,Muebles,88675043,368,Base
2026-01,T039,Tecnologia,356873854,340,Base
2026-01,T040,Alimentos,360891355,1112,Base
2026-01,T040,Belleza,399199929,757,Base
2026-01,T040,Deportes,270753463,1177,Base
2026-01,T040,Electrohogar,198757702,773,Base
2026-01,T040,Jugueteria,404181397,727,Base
2026-01,T040,Moda,214391621,443,Base
2026-01,T040,Muebles,95862288,488,Base
2026-01,T040,Tecnologia,116689324,812,Base
2026-01,T041,Alimentos,313853692,792,Base
2026-01,T041,Belleza,136062276,179,Base
2026-01,T041,Deportes,51342987,1265,Base
2026-01,T041,Electrohogar,77953024,925,Base
2026-01,T041,Jugueteria,200124027,719,Base
2026-01,T041,Moda,99002182,125,Base
2026-01,T041,Muebles,65971635,341,Base
2026-01,T041,Tecnologia,258787057,449,Base
2026-01,T042,Alimentos,60344236,1088,Base
2026-01,T042,Belleza,68446063,705,Base
2026-01,T042,Deportes,97155592,141,Base
2026-01,T042,Electrohogar,302670449,150,Base
2026-01,T042,Jugueteria,94812856,657,Base
2026-01,T042,Moda,234218530,182,Base
2026-01,T042,Muebles,389506601,890,Base
2026-01,T042,Tecnologia,359175273,1049,Base
2026-01,T043,Alimentos,86042002,1319,Base
2026-01,T043,Belleza,357239357,1291,Base
2026-01,T043,Deportes,111259717,830,Base
2026-01,T043,Electrohogar,333123099,742,Base
2026-01,T043,Jugueteria,71759503,557,Base
2026-01,T043,Moda,396944164,147,Base
2026-01,T043,Muebles,89568629,1005,Base
2026-01,T043,Tecnologia,144520540,1185,Base
2026-01,T044,Alimentos,359040427,1379,Base
2026-01,T044,Belleza,242973535,1162,Base
2026-01,T044,Deportes,281940353,529,Base
2026-01,T044,Electrohogar,104615312,1249,Base
2026-01,T044,Jugueteria,249685674,808,Base
2026-01,T044,Moda,408885505,1137,Base
2026-01,T044,Muebles,201320287,1149,Base
2026-01,T044,Tecnologia,206120573,934,Base
2026-01,T045,Alimentos,188881942,337,Base
2026-01,T045,Belleza,139149480,295,Base
2026-01,T045,Deportes,189259321,749,Base
2026-01,T045,Electrohogar,66327623,181,Base
2026-01,T045,Jugueteria,97050404,444,Base
2026-01,T045,Moda,150472505,484,Base
2026-01,T045,Muebles,211109771,658,Base
2026-01,T045,Tecnologia,195030907,1097,Base
2026-01,T046,Alimentos,52675231,1344,Base
2026-01,T046,Belleza,171528478,1306,Base
2026-01,T046,Deportes,49156387,496,Base
2026-01,T046,Electrohogar,108504344,824,Base
2026-01,T046,Jugueteria,156858888,309,Base
2026-01,T046,Moda,148078936,428,Base
2026-01,T046,Muebles,118889879,729,Base
2026-01,T046,Tecnologia,195238001,399,Base
2026-01,T047,Alimentos,139739032,1261,Base
2026-01,T047,Belleza,138835412,427,Base
2026-01,T047,Deportes,253591575,210,Base
2026-01,T047,Electrohogar,401509196,178,Base
2026-01,T047,Jugueteria,324899188,941,Base
2026-01,T047,Moda,85877125,629,Base
2026-01,T047,Muebles,418714869,526,Base
2026-01,T047,Tecnologia,171759570,994,Base
2026-01,T048,Alimentos,84470522,748,Base
2026-01,T048,Belleza,299107348,374,Base
2026-01,T048,Deportes,174540949,756,Base
2026-01,T048,Electrohogar,149828139,1335,Base
2026-01,T048,Jugueteria,347474699,153,Base
2026-01,T048,Moda,163324417,1242,Base
2026-01,T048,Muebles,363092267,1127,Base
2026-01,T048,Tecnologia,104349337,663,Base
2026-01,T049,Alimentos,194710651,713,Base
2026-01,T049,Belleza,383711020,680,Base
2026-01,T049,Deportes,249925316,264,Base
2026-01,T049,Electrohogar,142397533,368,Base
2026-01,T049,Jugueteria,61196515,237,Base
2026-01,T049,Moda,348458431,905,Base
2026-01,T049,Muebles,382339402,331,Base
2026-01,T049,Tecnologia,189888996,1366,Base
2026-01,T050,Alimentos,365057622,387,Base
2026-01,T050,Belleza,276822945,1175,Base
2026-01,T050,Deportes,197975433,317,Base
2026-01,T050,Electrohogar,149605419,1252,Base
2026-01,T050,Jugueteria,205869077,1285,Base
2026-01,T050,Moda,202346213,776,Base
2026-01,T050,Muebles,114856005,1132,Base
2026-01,T050,Tecnologia,320068409,858,Base
2026-01,T051,Alimentos,320262908,1133,Base
2026-01,T051,Belleza,407772966,453,Base
2026-01,T051,Deportes,267900597,331,Base
2026-01,T051,Electrohogar,287351080,1322,Base
2026-01,T051,Jugueteria,400926980,617,Base
2026-01,T051,Moda,318063317,1113,Base
2026-01,T051,Muebles,169285331,317,Base
2026-01,T051,Tecnologia,327388872,956,Base
2026-01,T052,Alimentos,65644783,1061,Base
2026-01,T052,Belleza,262461051,962,Base
2026-01,T052,Deportes,281991726,243,Base
2026-01,T052,Electrohogar,300061507,1209,Base
2026-01,T052,Jugueteria,68771380,425,Base
2026-01,T052,Moda,153724581,147,Base
2026-01,T052,Muebles,155623266,1029,Base
2026-01,T052,Tecnologia,202502700,1218,Base
2026-01,T053,Alimentos,112113361,449,Base
2026-01,T053,Belleza,62529816,1273,Base
2026-01,T053,Deportes,416444816,1390,Base
2026-01,T053,Electrohogar,207699062,540,Base
2026-01,T053,Jugueteria,138183222,149,Base
2026-01,T053,Moda,353806848,705,Base
2026-01,T053,Muebles,249535401,535,Base
2026-01,T053,Tecnologia,407801380,320,Base
2026-01,T054,Alimentos,365214970,857,Base
2026-01,T054,Belleza,112834007,1389,Base
2026-01,T054,Deportes,53673032,669,Base
2026-01,T054,Electrohogar,303667212,1166,Base
2026-01,T054,Jugueteria,215801622,1399,Base
2026-01,T054,Moda,169955814,1324,Base
2026-01,T054,Muebles,356249480,1087,Base
2026-01,T054,Tecnologia,106345200,947,Base
2026-01,T055,Alimentos,124634411,319,Base
2026-01,T055,Belleza,371197287,583,Base
2026-01,T055,Deportes,419644857,1361,Base
2026-01,T055,Electrohogar,145865420,142,Base
2026-01,T055,Jugueteria,159586059,1073,Base
2026-01,T055,Moda,90944470,1038,Base
2026-01,T055,Muebles,336383854,792,Base
2026-01,T055,Tecnologia,165727259,169,Base
2026-01,T056,Alimentos,155311248,1050,Base
2026-01,T056,Belleza,388776608,626,Base
2026-01,T056,Deportes,337001184,1020,Base
2026-01,T056,Electrohogar,363705736,960,Base
2026-01,T056,Jugueteria,77659361,1343,Base
2026-01,T056,Moda,242240238,702,Base
2026-01,T056,Muebles,197432140,496,Base
2026-01,T056,Tecnologia,296555499,122,Base
2026-01,T057,Alimentos,294569005,1164,Base
2026-01,T057,Belleza,373394007,719,Base
2026-01,T057,Deportes,77286422,1002,Base
2026-01,T057,Electrohogar,312641919,531,Base
2026-01,T057,Jugueteria,211916666,823,Base
2026-01,T057,Moda,240349544,952,Base
2026-01,T057,Muebles,247325836,1317,Base
2026-01,T057,Tecnologia,204592240,1208,Base
2026-01,T058,Alimentos,233737794,1051,Base
2026-01,T058,Belleza,251215387,1293,Base
2026-01,T058,Deportes,91482380,685,Base
2026-01,T058,Electrohogar,238841719,648,Base
2026-01,T058,Jugueteria,242121546,1117,Base
2026-01,T058,Moda,135073888,1084,Base
2026-01,T058,Muebles,354541864,326,Base
2026-01,T058,Tecnologia,120098516,132,Base
2026-01,T059,Alimentos,90023918,838,Base
2026-01,T059,Belleza,73264615,1199,Base
2026-01,T059,Deportes,75090001,716,Base
2026-01,T059,Electrohogar,106495271,228,Base
2026-01,T059,Jugueteria,295969767,1144,Base
2026-01,T059,Moda,127485367,235,Base
2026-01,T059,Muebles,353818054,938,Base
2026-01,T059,Tecnologia,406229939,178,Base
2026-01,T060,Alimentos,148667604,1359,Base
2026-01,T060,Belleza,255838172,642,Base
2026-01,T060,Deportes,109788462,144,Base
2026-01,T060,Electrohogar,229133887,1203,Base
2026-01,T060,Jugueteria,236042446,1267,Base
2026-01,T060,Moda,404322270,756,Base
2026-01,T060,Muebles,133222450,1008,Base
2026-01,T060,Tecnologia,180439047,424,Base
2026-02,T001,Alimentos,136018811,253,Base
2026-02,T001,Belleza,399317721,551,Base
2026-02,T001,Deportes,117471005,1072,Base
2026-02,T001,Electrohogar,248962637,1128,Base
2026-02,T001,Jugueteria,208798643,158,Base
2026-02,T001,Moda,312329252,167,Base
2026-02,T001,Muebles,147427079,354,Base
2026-02,T001,Tecnologia,139322266,846,Base
2026-02,T002,Alimentos,277355792,719,Base
2026-02,T002,Belleza,66372976,907,Base
2026-02,T002,Deportes,347490591,143,Base
2026-02,T002,Electrohogar,125028482,686,Base
2026-02,T002,Jugueteria,198149723,1214,Base
2026-02,T002,Moda,183478452,469,Base
2026-02,T002,Muebles,55264899,1336,Base
2026-02,T002,Tecnologia,380319093,481,Base
2026-02,T003,Alimentos,280878798,1045,Base
2026-02,T003,Belleza,204874934,243,Base
2026-02,T003,Deportes,301123729,1168,Base
2026-02,T003,Electrohogar,360069971,231,Base
2026-02,T003,Jugueteria,213736278,184,Base
2026-02,T003,Moda,280715666,917,Base
2026-02,T003,Muebles,346834892,418,Base
2026-02,T003,Tecnologia,58665353,317,Base
2026-02,T004,Alimentos,340402263,223,Base
2026-02,T004,Belleza,339605826,539,Base
2026-02,T004,Deportes,62323839,1249,Base
2026-02,T004,Electrohogar,311982562,611,Base
2026-02,T004,Jugueteria,103806166,144,Base
2026-02,T004,Moda,195557094,1216,Base
2026-02,T004,Muebles,304089389,396,Base
2026-02,T004,Tecnologia,175269088,889,Base
2026-02,T005,Alimentos,265908609,1167,Base
2026-02,T005,Belleza,81346466,319,Base
2026-02,T005,Deportes,51725729,257,Base
2026-02,T005,Electrohogar,354640078,976,Base
2026-02,T005,Jugueteria,395790253,307,Base
2026-02,T005,Moda,233735534,446,Base
2026-02,T005,Muebles,226090302,573,Base
2026-02,T005,Tecnologia,170405603,1367,Base
2026-02,T006,Alimentos,121553343,989,Base
2026-02,T006,Belleza,354293328,1019,Base
2026-02,T006,Deportes,252027571,1120,Base
2026-02,T006,Electrohogar,205577388,529,Base
2026-02,T006,Jugueteria,325865119,387,Base
2026-02,T006,Moda,123901370,537,Base
2026-02,T006,Muebles,140512359,283,Base
2026-02,T006,Tecnologia,264206824,464,Base
2026-02,T007,Alimentos,416617738,298,Base
2026-02,T007,Belleza,299568600,1152,Base
2026-02,T007,Deportes,350841647,396,Base
2026-02,T007,Electrohogar,202805552,1075,Base
2026-02,T007,Jugueteria,157269103,1102,Base
2026-02,T007,Moda,203248567,1015,Base
2026-02,T007,Muebles,415314536,471,Base
2026-02,T007,Tecnologia,363293910,796,Base
2026-02,T008,Alimentos,81157740,1205,Base
2026-02,T008,Belleza,118561515,485,Base
2026-02,T008,Deportes,167165955,972,Base
2026-02,T008,Electrohogar,282467750,456,Base
2026-02,T008,Jugueteria,134651285,1340,Base
2026-02,T008,Moda,73458138,421,Base
2026-02,T008,Muebles,315779941,719,Base
2026-02,T008,Tecnologia,294944981,983,Base
2026-02,T009,Alimentos,90816184,999,Base
2026-02,T009,Belleza,319912087,1046,Base
2026-02,T009,Deportes,357575912,462,Base
2026-02,T009,Electrohogar,192737093,349,Base
2026-02,T009,Jugueteria,57640183,1296,Base
2026-02,T009,Moda,258524216,199,Base
2026-02,T009,Muebles,46268171,1240,Base
2026-02,T009,Tecnologia,45887215,622,Base
2026-02,T010,Alimentos,172474028,391,Base
2026-02,T010,Belleza,209745518,598,Base
2026-02,T010,Deportes,361381612,500,Base
2026-02,T010,Electrohogar,342849834,170,Base
2026-02,T010,Jugueteria,388776686,1075,Base
2026-02,T010,Moda,204498561,627,Base
2026-02,T010,Muebles,70802999,436,Base
2026-02,T010,Tecnologia,259366126,977,Base
2026-02,T011,Alimentos,139794626,336,Base
2026-02,T011,Belleza,91714468,1066,Base
2026-02,T011,Deportes,165655711,1156,Base
2026-02,T011,Electrohogar,285064049,966,Base
2026-02,T011,Jugueteria,406345451,1011,Base
2026-02,T011,Moda,270533134,1298,Base
2026-02,T011,Muebles,398008686,357,Base
2026-02,T011,Tecnologia,125164671,645,Base
2026-02,T012,Alimentos,109286342,430,Base
2026-02,T012,Belleza,257279183,942,Base
2026-02,T012,Deportes,47576408,829,Base
2026-02,T012,Electrohogar,376189757,306,Base
2026-02,T012,Jugueteria,255063878,219,Base
2026-02,T012,Moda,155463136,165,Base
2026-02,T012,Muebles,291385938,871,Base
2026-02,T012,Tecnologia,161724437,213,Base
2026-02,T013,Alimentos,222351020,867,Base
2026-02,T013,Belleza,348836173,1148,Base
2026-02,T013,Deportes,62582134,592,Base
2026-02,T013,Electrohogar,165794268,1189,Base
2026-02,T013,Jugueteria,355494222,144,Base
2026-02,T013,Moda,138805533,1170,Base
2026-02,T013,Muebles,109388712,1241,Base
2026-02,T013,Tecnologia,220221031,920,Base
2026-02,T014,Alimentos,126074878,581,Base
2026-02,T014,Belleza,319520768,1118,Base
2026-02,T014,Deportes,304643139,1247,Base
2026-02,T014,Electrohogar,364906089,698,Base
2026-02,T014,Jugueteria,352319880,1065,Base
2026-02,T014,Moda,400715295,952,Base
2026-02,T014,Muebles,90345603,1040,Base
2026-02,T014,Tecnologia,404023221,916,Base
2026-02,T015,Alimentos,179207864,1263,Base
2026-02,T015,Belleza,199354654,707,Base
2026-02,T015,Deportes,272079096,1231,Base
2026-02,T015,Electrohogar,310753032,1221,Base
2026-02,T015,Jugueteria,371094338,718,Base
2026-02,T015,Moda,172308486,556,Base
2026-02,T015,Muebles,268421096,1230,Base
2026-02,T015,Tecnologia,232494425,1227,Base
2026-02,T016,Alimentos,346703684,519,Base
2026-02,T016,Belleza,406731175,1014,Base
2026-02,T016,Deportes,240226912,500,Base
2026-02,T016,Electrohogar,231512033,151,Base
2026-02,T016,Jugueteria,415318772,513,Base
2026-02,T016,Moda,132493600,709,Base
2026-02,T016,Muebles,78946884,923,Base
2026-02,T016,Tecnologia,267084318,553,Base
2026-02,T017,Alimentos,84085750,1305,Base
2026-02,T017,Belleza,359169720,393,Base
2026-02,T017,Deportes,195676701,887,Base
2026-02,T017,Electrohogar,81147866,509,Base
2026-02,T017,Jugueteria,393819185,1125,Base
2026-02,T017,Moda,312144356,1252,Base
2026-02,T017,Muebles,92451776,588,Base
2026-02,T017,Tecnologia,398931147,1311,Base
2026-02,T018,Alimentos,307837920,507,Base
2026-02,T018,Belleza,170618098,436,Base
2026-02,T018,Deportes,166552664,1078,Base
2026-02,T018,Electrohogar,177003797,666,Base
2026-02,T018,Jugueteria,402762350,1134,Base
2026-02,T018,Moda,82542975,906,Base
2026-02,T018,Muebles,292660580,1129,Base
2026-02,T018,Tecnologia,47920887,165,Base
2026-02,T019,Alimentos,342645485,699,Base
2026-02,T019,Belleza,411313839,1015,Base
2026-02,T019,Deportes,313587092,1369,Base
2026-02,T019,Electrohogar,415082163,1093,Base
2026-02,T019,Jugueteria,89263726,1167,Base
2026-02,T019,Moda,61729833,227,Base
2026-02,T019,Muebles,196576105,807,Base
2026-02,T019,Tecnologia,169721942,1082,Base
2026-02,T020,Alimentos,416842772,456,Base
2026-02,T020,Belleza,322279165,180,Base
2026-02,T020,Deportes,95135543,1188,Base
2026-02,T020,Electrohogar,401524565,1382,Base
2026-02,T020,Jugueteria,78839075,360,Base
2026-02,T020,Moda,137746164,1004,Base
2026-02,T020,Muebles,205672938,152,Base
2026-02,T020,Tecnologia,231593629,426,Base
2026-02,T021,Alimentos,257081741,672,Base
2026-02,T021,Belleza,286263669,167,Base
2026-02,T021,Deportes,226473457,173,Base
2026-02,T021,Electrohogar,56417147,668,Base
2026-02,T021,Jugueteria,279939005,1336,Base
2026-02,T021,Moda,101571613,508,Base
2026-02,T021,Muebles,336143321,358,Base
2026-02,T021,Tecnologia,167564520,1270,Base
2026-02,T022,Alimentos,126839052,607,Base
2026-02,T022,Belleza,65662894,519,Base
2026-02,T022,Deportes,85847363,454,Base
2026-02,T022,Electrohogar,62026638,234,Base
2026-02,T022,Jugueteria,335519665,1341,Base
2026-02,T022,Moda,408765064,209,Base
2026-02,T022,Muebles,282467778,283,Base
2026-02,T022,Tecnologia,335317262,162,Base
2026-02,T023,Alimentos,371517606,1183,Base
2026-02,T023,Belleza,204458146,1061,Base
2026-02,T023,Deportes,164113703,840,Base
2026-02,T023,Electrohogar,126106589,407,Base
2026-02,T023,Jugueteria,325660460,390,Base
2026-02,T023,Moda,231364582,527,Base
2026-02,T023,Muebles,321760328,794,Base
2026-02,T023,Tecnologia,46339800,949,Base
2026-02,T024,Alimentos,315432349,1307,Base
2026-02,T024,Belleza,380749936,1177,Base
2026-02,T024,Deportes,395555403,190,Base
2026-02,T024,Electrohogar,151388620,654,Base
2026-02,T024,Jugueteria,365339086,830,Base
2026-02,T024,Moda,272967606,1289,Base
2026-02,T024,Muebles,168522146,1215,Base
2026-02,T024,Tecnologia,120731335,281,Base
2026-02,T025,Alimentos,85057390,1380,Base
2026-02,T025,Belleza,184368281,669,Base
2026-02,T025,Deportes,158336405,1218,Base
2026-02,T025,Electrohogar,66767832,1058,Base
2026-02,T025,Jugueteria,188419689,220,Base
2026-02,T025,Moda,390849106,1346,Base
2026-02,T025,Muebles,218757240,1255,Base
2026-02,T025,Tecnologia,234013788,616,Base
2026-02,T026,Alimentos,185278433,869,Base
2026-02,T026,Belleza,185048309,178,Base
2026-02,T026,Deportes,286115930,368,Base
2026-02,T026,Electrohogar,116027607,1240,Base
2026-02,T026,Jugueteria,74931766,677,Base
2026-02,T026,Moda,185085272,1123,Base
2026-02,T026,Muebles,295080825,1318,Base
2026-02,T026,Tecnologia,184650519,718,Base
2026-02,T027,Alimentos,287767180,1152,Base
2026-02,T027,Belleza,99634609,1092,Base
2026-02,T027,Deportes,228164160,249,Base
2026-02,T027,Electrohogar,61778354,377,Base
2026-02,T027,Jugueteria,311253266,499,Base
2026-02,T027,Moda,245411065,589,Base
2026-02,T027,Muebles,114985702,938,Base
2026-02,T027,Tecnologia,224053346,1336,Base
2026-02,T028,Alimentos,219704030,1362,Base
2026-02,T028,Belleza,272073505,736,Base
2026-02,T028,Deportes,130752700,649,Base
2026-02,T028,Electrohogar,50527962,742,Base
2026-02,T028,Jugueteria,173862543,1276,Base
2026-02,T028,Moda,207540962,1347,Base
2026-02,T028,Muebles,81468795,324,Base
2026-02,T028,Tecnologia,83025876,257,Base
2026-02,T029,Alimentos,260816356,622,Base
2026-02,T029,Belleza,414970450,763,Base
2026-02,T029,Deportes,123608348,158,Base
2026-02,T029,Electrohogar,214989880,1117,Base
2026-02,T029,Jugueteria,224883956,705,Base
2026-02,T029,Moda,417929808,760,Base
2026-02,T029,Muebles,387885847,955,Base
2026-02,T029,Tecnologia,132362395,1030,Base
2026-02,T030,Alimentos,376743235,705,Base
2026-02,T030,Belleza,412712446,133,Base
2026-02,T030,Deportes,271952040,701,Base
2026-02,T030,Electrohogar,54769329,302,Base
2026-02,T030,Jugueteria,56665482,933,Base
2026-02,T030,Moda,257735432,140,Base
2026-02,T030,Muebles,199232070,645,Base
2026-02,T030,Tecnologia,228570917,846,Base
2026-02,T031,Alimentos,126707139,989,Base
2026-02,T031,Belleza,163804519,777,Base
2026-02,T031,Deportes,201536419,799,Base
2026-02,T031,Electrohogar,318429852,216,Base
2026-02,T031,Jugueteria,67017302,908,Base
2026-02,T031,Moda,330427544,1071,Base
2026-02,T031,Muebles,309548259,367,Base
2026-02,T031,Tecnologia,139413325,355,Base
2026-02,T032,Alimentos,55866360,1058,Base
2026-02,T032,Belleza,104135187,1072,Base
2026-02,T032,Deportes,411083372,1255,Base
2026-02,T032,Electrohogar,250389597,1053,Base
2026-02,T032,Jugueteria,415272671,1400,Base
2026-02,T032,Moda,97701251,960,Base
2026-02,T032,Muebles,221741234,1185,Base
2026-02,T032,Tecnologia,373952115,716,Base
2026-02,T033,Alimentos,373778387,678,Base
2026-02,T033,Belleza,207579998,1377,Base
2026-02,T033,Deportes,283531972,1146,Base
2026-02,T033,Electrohogar,294944112,741,Base
2026-02,T033,Jugueteria,343480154,978,Base
2026-02,T033,Moda,357297349,540,Base
2026-02,T033,Muebles,173028962,141,Base
2026-02,T033,Tecnologia,417577315,144,Base
2026-02,T034,Alimentos,147007865,1376,Base
2026-02,T034,Belleza,217085096,910,Base
2026-02,T034,Deportes,166068576,699,Base
2026-02,T034,Electrohogar,181382909,639,Base
2026-02,T034,Jugueteria,401720604,124,Base
2026-02,T034,Moda,371696013,1096,Base
2026-02,T034,Muebles,75389389,1103,Base
2026-02,T034,Tecnologia,246684846,1021,Base
2026-02,T035,Alimentos,391163548,1283,Base
2026-02,T035,Belleza,250231467,731,Base
2026-02,T035,Deportes,162961119,282,Base
2026-02,T035,Electrohogar,168306630,254,Base
2026-02,T035,Jugueteria,122687676,1314,Base
2026-02,T035,Moda,305459947,325,Base
2026-02,T035,Muebles,128921495,1268,Base
2026-02,T035,Tecnologia,220115044,896,Base
2026-02,T036,Alimentos,118730911,134,Base
2026-02,T036,Belleza,288879716,251,Base
2026-02,T036,Deportes,257996933,786,Base
2026-02,T036,Electrohogar,89471304,677,Base
2026-02,T036,Jugueteria,75261504,491,Base
2026-02,T036,Moda,214201773,558,Base
2026-02,T036,Muebles,163872061,636,Base
2026-02,T036,Tecnologia,45957688,152,Base
2026-02,T037,Alimentos,302712686,1337,Base
2026-02,T037,Belleza,49890696,284,Base
2026-02,T037,Deportes,327950032,455,Base
2026-02,T037,Electrohogar,66849622,1058,Base
2026-02,T037,Jugueteria,212514085,150,Base
2026-02,T037,Moda,378531457,1114,Base
2026-02,T037,Muebles,310615069,931,Base
2026-02,T037,Tecnologia,113825631,275,Base
2026-02,T038,Alimentos,415664770,1035,Base
2026-02,T038,Belleza,382358429,786,Base
2026-02,T038,Deportes,111648838,148,Base
2026-02,T038,Electrohogar,361053926,1232,Base
2026-02,T038,Jugueteria,272992418,156,Base
2026-02,T038,Moda,335604787,1319,Base
2026-02,T038,Muebles,223905736,314,Base
2026-02,T038,Tecnologia,287358768,1107,Base
2026-02,T039,Alimentos,252107409,444,Base
2026-02,T039,Belleza,181224181,385,Base
2026-02,T039,Deportes,400092408,206,Base
2026-02,T039,Electrohogar,299520699,1024,Base
2026-02,T039,Jugueteria,84410467,1337,Base
2026-02,T039,Moda,262384194,548,Base
2026-02,T039,Muebles,312002481,1178,Base
2026-02,T039,Tecnologia,65184433,443,Base
2026-02,T040,Alimentos,277714230,1228,Base
2026-02,T040,Belleza,408730339,1006,Base
2026-02,T040,Deportes,92083783,1247,Base
2026-02,T040,Electrohogar,195374550,637,Base
2026-02,T040,Jugueteria,171362331,522,Base
2026-02,T040,Moda,214837830,438,Base
2026-02,T040,Muebles,116276021,223,Base
2026-02,T040,Tecnologia,257456159,566,Base
2026-02,T041,Alimentos,76208129,431,Base
2026-02,T041,Belleza,234794625,976,Base
2026-02,T041,Deportes,134603340,1193,Base
2026-02,T041,Electrohogar,291411909,1207,Base
2026-02,T041,Jugueteria,81389175,1354,Base
2026-02,T041,Moda,309363567,878,Base
2026-02,T041,Muebles,297707244,787,Base
2026-02,T041,Tecnologia,357697445,1380,Base
2026-02,T042,Alimentos,63430609,813,Base
2026-02,T042,Belleza,60633308,1206,Base
2026-02,T042,Deportes,103645030,519,Base
2026-02,T042,Electrohogar,247518816,769,Base
2026-02,T042,Jugueteria,419594507,428,Base
2026-02,T042,Moda,269529472,128,Base
2026-02,T042,Muebles,419717854,345,Base
2026-02,T042,Tecnologia,104996361,282,Base
2026-02,T043,Alimentos,262581632,197,Base
2026-02,T043,Belleza,275198131,883,Base
2026-02,T043,Deportes,217263565,753,Base
2026-02,T043,Electrohogar,154877950,947,Base
2026-02,T043,Jugueteria,221427435,1004,Base
2026-02,T043,Moda,165387982,1181,Base
2026-02,T043,Muebles,285630729,198,Base
2026-02,T043,Tecnologia,270250040,825,Base
2026-02,T044,Alimentos,346297461,1090,Base
2026-02,T044,Belleza,265524509,892,Base
2026-02,T044,Deportes,361592168,935,Base
2026-02,T044,Electrohogar,212942426,731,Base
2026-02,T044,Jugueteria,78810952,714,Base
2026-02,T044,Moda,205290533,585,Base
2026-02,T044,Muebles,377632508,746,Base
2026-02,T044,Tecnologia,326937103,930,Base
2026-02,T045,Alimentos,153890012,1108,Base
2026-02,T045,Belleza,344014585,800,Base
2026-02,T045,Deportes,47187305,333,Base
2026-02,T045,Electrohogar,174967200,434,Base
2026-02,T045,Jugueteria,348145025,665,Base
2026-02,T045,Moda,260568419,474,Base
2026-02,T045,Muebles,174542957,609,Base
2026-02,T045,Tecnologia,68276380,673,Base
2026-02,T046,Alimentos,419590152,278,Base
2026-02,T046,Belleza,222956761,828,Base
2026-02,T046,Deportes,265741255,367,Base
2026-02,T046,Electrohogar,267826842,1015,Base
2026-02,T046,Jugueteria,65448961,1243,Base
2026-02,T046,Moda,396489589,664,Base
2026-02,T046,Muebles,254828287,1317,Base
2026-02,T046,Tecnologia,217791052,865,Base
2026-02,T047,Alimentos,89468480,646,Base
2026-02,T047,Belleza,120900495,772,Base
2026-02,T047,Deportes,401596903,680,Base
2026-02,T047,Electrohogar,391591344,613,Base
2026-02,T047,Jugueteria,161285348,1066,Base
2026-02,T047,Moda,233107777,1164,Base
2026-02,T047,Muebles,176378037,934,Base
2026-02,T047,Tecnologia,402363077,1176,Base
2026-02,T048,Alimentos,244905809,1104,Base
2026-02,T048,Belleza,112739842,1388,Base
2026-02,T048,Deportes,95123865,570,Base
2026-02,T048,Electrohogar,242931316,411,Base
2026-02,T048,Jugueteria,287392452,1239,Base
2026-02,T048,Moda,50605614,717,Base
2026-02,T048,Muebles,86354616,978,Base
2026-02,T048,Tecnologia,399963666,875,Base
2026-02,T049,Alimentos,95976987,847,Base
2026-02,T049,Belleza,311754521,924,Base
2026-02,T049,Deportes,353211196,655,Base
2026-02,T049,Electrohogar,138670674,749,Base
2026-02,T049,Jugueteria,173506843,945,Base
2026-02,T049,Moda,345486545,572,Base
2026-02,T049,Muebles,330696868,759,Base
2026-02,T049,Tecnologia,135656299,1187,Base
2026-02,T050,Alimentos,189065880,857,Base
2026-02,T050,Belleza,109441040,1202,Base
2026-02,T050,Deportes,175037125,389,Base
2026-02,T050,Electrohogar,302469133,1246,Base
2026-02,T050,Jugueteria,222511107,434,Base
2026-02,T050,Moda,315751543,753,Base
2026-02,T050,Muebles,374688714,438,Base
2026-02,T050,Tecnologia,95746685,292,Base
2026-02,T051,Alimentos,204992448,1267,Base
2026-02,T051,Belleza,340139904,1140,Base
2026-02,T051,Deportes,257163868,816,Base
2026-02,T051,Electrohogar,238140579,1012,Base
2026-02,T051,Jugueteria,150173302,278,Base
2026-02,T051,Moda,151008996,794,Base
2026-02,T051,Muebles,141749192,670,Base
2026-02,T051,Tecnologia,135846472,243,Base
2026-02,T052,Alimentos,365737637,809,Base
2026-02,T052,Belleza,315077899,937,Base
2026-02,T052,Deportes,335306283,862,Base
2026-02,T052,Electrohogar,144469415,428,Base
2026-02,T052,Jugueteria,79891387,1132,Base
2026-02,T052,Moda,308488986,1079,Base
2026-02,T052,Muebles,302105220,963,Base
2026-02,T052,Tecnologia,275213404,1267,Base
2026-02,T053,Alimentos,233338064,904,Base
2026-02,T053,Belleza,346182701,389,Base
2026-02,T053,Deportes,120038516,1300,Base
2026-02,T053,Electrohogar,68938328,750,Base
2026-02,T053,Jugueteria,400136291,435,Base
2026-02,T053,Moda,60349316,1385,Base
2026-02,T053,Muebles,183921619,710,Base
2026-02,T053,Tecnologia,159927831,374,Base
2026-02,T054,Alimentos,195711167,184,Base
2026-02,T054,Belleza,405099165,1100,Base
2026-02,T054,Deportes,322974599,693,Base
2026-02,T054,Electrohogar,242283384,457,Base
2026-02,T054,Jugueteria,263184341,1122,Base
2026-02,T054,Moda,152871997,592,Base
2026-02,T054,Muebles,262675864,147,Base
2026-02,T054,Tecnologia,312983828,424,Base
2026-02,T055,Alimentos,324507157,741,Base
2026-02,T055,Belleza,370151065,449,Base
2026-02,T055,Deportes,382404118,1134,Base
2026-02,T055,Electrohogar,140425378,1297,Base
2026-02,T055,Jugueteria,80223362,724,Base
2026-02,T055,Moda,309375574,135,Base
2026-02,T055,Muebles,87975752,1334,Base
2026-02,T055,Tecnologia,124959191,1269,Base
2026-02,T056,Alimentos,402076691,790,Base
2026-02,T056,Belleza,196406821,239,Base
2026-02,T056,Deportes,293510674,1016,Base
2026-02,T056,Electrohogar,393159179,863,Base
2026-02,T056,Jugueteria,241539736,696,Base
2026-02,T056,Moda,391259926,914,Base
2026-02,T056,Muebles,259372839,668,Base
2026-02,T056,Tecnologia,416731008,1088,Base
2026-02,T057,Alimentos,175712931,462,Base
2026-02,T057,Belleza,240572746,1042,Base
2026-02,T057,Deportes,293539580,368,Base
2026-02,T057,Electrohogar,76450097,945,Base
2026-02,T057,Jugueteria,305336826,1116,Base
2026-02,T057,Moda,377367384,592,Base
2026-02,T057,Muebles,201261886,357,Base
2026-02,T057,Tecnologia,73215966,608,Base
2026-02,T058,Alimentos,75633465,130,Base
2026-02,T058,Belleza,242555377,565,Base
2026-02,T058,Deportes,221329355,496,Base
2026-02,T058,Electrohogar,114757168,306,Base
2026-02,T058,Jugueteria,194487751,1218,Base
2026-02,T058,Moda,160360153,459,Base
2026-02,T058,Muebles,227700277,1116,Base
2026-02,T058,Tecnologia,373800499,778,Base
2026-02,T059,Alimentos,258131314,174,Base
2026-02,T059,Belleza,328602650,1188,Base
2026-02,T059,Deportes,256685150,721,Base
2026-02,T059,Electrohogar,398967687,316,Base
2026-02,T059,Jugueteria,231208102,1041,Base
2026-02,T059,Moda,104771762,1309,Base
2026-02,T059,Muebles,100589620,885,Base
2026-02,T059,Tecnologia,140317435,1129,Base
2026-02,T060,Alimentos,381948880,376,Base
2026-02,T060,Belleza,47038250,522,Base
2026-02,T060,Deportes,136710359,508,Base
2026-02,T060,Electrohogar,387167557,1392,Base
2026-02,T060,Jugueteria,56497035,985,Base
2026-02,T060,Moda,350324605,414,Base
2026-02,T060,Muebles,335415164,882,Base
2026-02,T060,Tecnologia,52873465,159,Base
2026-03,T001,Alimentos,102503454,809,Base
2026-03,T001,Belleza,356613397,208,Base
2026-03,T001,Deportes,118186804,1392,Base
2026-03,T001,Electrohogar,147763506,525,Base
2026-03,T001,Jugueteria,315277069,1241,Base
2026-03,T001,Moda,404828798,382,Base
2026-03,T001,Muebles,354773727,687,Base
2026-03,T001,Tecnologia,371167826,556,Base
2026-03,T002,Alimentos,339702364,131,Base
2026-03,T002,Belleza,411742060,665,Base
2026-03,T002,Deportes,249985649,773,Base
2026-03,T002,Electrohogar,198327272,725,Base
2026-03,T002,Jugueteria,419009945,1253,Base
2026-03,T002,Moda,412571422,636,Base
2026-03,T002,Muebles,225441648,137,Base
2026-03,T002,Tecnologia,184637710,349,Base
2026-03,T003,Alimentos,396269935,341,Base
2026-03,T003,Belleza,145125345,181,Base
2026-03,T003,Deportes,314974681,1372,Base
2026-03,T003,Electrohogar,322295965,1183,Base
2026-03,T003,Jugueteria,256188730,364,Base
2026-03,T003,Moda,160951271,1077,Base
2026-03,T003,Muebles,327016312,361,Base
2026-03,T003,Tecnologia,223013131,1328,Base
2026-03,T004,Alimentos,113255249,414,Base
2026-03,T004,Belleza,158256544,837,Base
2026-03,T004,Deportes,191818291,374,Base
2026-03,T004,Electrohogar,179896494,901,Base
2026-03,T004,Jugueteria,294932462,1057,Base
2026-03,T004,Moda,171164326,1281,Base
2026-03,T004,Muebles,226408717,806,Base
2026-03,T004,Tecnologia,235598276,149,Base
2026-03,T005,Alimentos,132104865,429,Base
2026-03,T005,Belleza,327496845,537,Base
2026-03,T005,Deportes,189512807,840,Base
2026-03,T005,Electrohogar,94426683,462,Base
2026-03,T005,Jugueteria,387641622,520,Base
2026-03,T005,Moda,168293195,395,Base
2026-03,T005,Muebles,175323323,709,Base
2026-03,T005,Tecnologia,96058617,1059,Base
2026-03,T006,Alimentos,187803262,292,Base
2026-03,T006,Belleza,400931330,1318,Base
2026-03,T006,Deportes,223693162,197,Base
2026-03,T006,Electrohogar,101440739,422,Base
2026-03,T006,Jugueteria,362574196,1003,Base
2026-03,T006,Moda,196626523,1037,Base
2026-03,T006,Muebles,204729646,903,Base
2026-03,T006,Tecnologia,405593179,968,Base
2026-03,T007,Alimentos,357686859,565,Base
2026-03,T007,Belleza,266561402,219,Base
2026-03,T007,Deportes,346892822,621,Base
2026-03,T007,Electrohogar,237567741,290,Base
2026-03,T007,Jugueteria,230248539,361,Base
2026-03,T007,Moda,304701107,649,Base
2026-03,T007,Muebles,119675832,1255,Base
2026-03,T007,Tecnologia,363775715,171,Base
2026-03,T008,Alimentos,148742590,212,Base
2026-03,T008,Belleza,50816033,662,Base
2026-03,T008,Deportes,411191375,923,Base
2026-03,T008,Electrohogar,323182012,252,Base
2026-03,T008,Jugueteria,285342265,278,Base
2026-03,T008,Moda,195253885,1005,Base
2026-03,T008,Muebles,196227040,933,Base
2026-03,T008,Tecnologia,82692663,1355,Base
2026-03,T009,Alimentos,329661418,293,Base
2026-03,T009,Belleza,106709291,780,Base
2026-03,T009,Deportes,411894707,841,Base
2026-03,T009,Electrohogar,224176175,286,Base
2026-03,T009,Jugueteria,107936804,935,Base
2026-03,T009,Moda,170134102,1334,Base
2026-03,T009,Muebles,288511312,679,Base
2026-03,T009,Tecnologia,385617375,502,Base
2026-03,T010,Alimentos,215223882,783,Base
2026-03,T010,Belleza,392705482,824,Base
2026-03,T010,Deportes,319680211,722,Base
2026-03,T010,Electrohogar,139294735,842,Base
2026-03,T010,Jugueteria,318087243,772,Base
2026-03,T010,Moda,149008366,1040,Base
2026-03,T010,Muebles,185793584,631,Base
2026-03,T010,Tecnologia,248556728,653,Base
2026-03,T011,Alimentos,303556551,1335,Base
2026-03,T011,Belleza,287326774,896,Base
2026-03,T011,Deportes,316005089,1278,Base
2026-03,T011,Electrohogar,403725876,762,Base
2026-03,T011,Jugueteria,327791906,805,Base
2026-03,T011,Moda,318406388,777,Base
2026-03,T011,Muebles,242337423,1200,Base
2026-03,T011,Tecnologia,381960393,1330,Base
2026-03,T012,Alimentos,322908537,773,Base
2026-03,T012,Belleza,293747019,708,Base
2026-03,T012,Deportes,135636821,789,Base
2026-03,T012,Electrohogar,287040017,1190,Base
2026-03,T012,Jugueteria,391315112,838,Base
2026-03,T012,Moda,303465055,921,Base
2026-03,T012,Muebles,139248448,916,Base
2026-03,T012,Tecnologia,349795259,459,Base
2026-03,T013,Alimentos,349128034,1000,Base
2026-03,T013,Belleza,375338332,938,Base
2026-03,T013,Deportes,85509901,1302,Base
2026-03,T013,Electrohogar,199994357,898,Base
2026-03,T013,Jugueteria,215394639,574,Base
2026-03,T013,Moda,80814455,1370,Base
2026-03,T013,Muebles,368679209,362,Base
2026-03,T013,Tecnologia,291225004,377,Base
2026-03,T014,Alimentos,208733779,940,Base
2026-03,T014,Belleza,48911761,594,Base
2026-03,T014,Deportes,354060719,317,Base
2026-03,T014,Electrohogar,408245677,211,Base
2026-03,T014,Jugueteria,126328253,1128,Base
2026-03,T014,Moda,322779735,888,Base
2026-03,T014,Muebles,336295211,689,Base
2026-03,T014,Tecnologia,240531829,211,Base
2026-03,T015,Alimentos,119571507,700,Base
2026-03,T015,Belleza,70151722,1252,Base
2026-03,T015,Deportes,114396385,234,Base
2026-03,T015,Electrohogar,397018339,780,Base
2026-03,T015,Jugueteria,245093583,970,Base
2026-03,T015,Moda,382890897,191,Base
2026-03,T015,Muebles,309481230,360,Base
2026-03,T015,Tecnologia,55226976,822,Base
2026-03,T016,Alimentos,279306106,596,Base
2026-03,T016,Belleza,354624776,383,Base
2026-03,T016,Deportes,72788586,887,Base
2026-03,T016,Electrohogar,80520158,944,Base
2026-03,T016,Jugueteria,118346976,1293,Base
2026-03,T016,Moda,266370369,531,Base
2026-03,T016,Muebles,110686271,1338,Base
2026-03,T016,Tecnologia,345216591,472,Base
2026-03,T017,Alimentos,64378126,464,Base
2026-03,T017,Belleza,104215736,1229,Base
2026-03,T017,Deportes,164219923,1330,Base
2026-03,T017,Electrohogar,46491662,288,Base
2026-03,T017,Jugueteria,349308043,1061,Base
2026-03,T017,Moda,165856492,156,Base
2026-03,T017,Muebles,223624661,322,Base
2026-03,T017,Tecnologia,99179084,801,Base
2026-03,T018,Alimentos,409231780,515,Base
2026-03,T018,Belleza,280670525,1282,Base
2026-03,T018,Deportes,240544992,332,Base
2026-03,T018,Electrohogar,371188213,203,Base
2026-03,T018,Jugueteria,162386499,776,Base
2026-03,T018,Moda,45609044,773,Base
2026-03,T018,Muebles,393999964,551,Base
2026-03,T018,Tecnologia,315485173,1126,Base
2026-03,T019,Alimentos,325063023,1251,Base
2026-03,T019,Belleza,396036040,924,Base
2026-03,T019,Deportes,116871008,1229,Base
2026-03,T019,Electrohogar,283794345,1149,Base
2026-03,T019,Jugueteria,377133526,1396,Base
2026-03,T019,Moda,403110578,160,Base
2026-03,T019,Muebles,267945913,861,Base
2026-03,T019,Tecnologia,342352511,1133,Base
2026-03,T020,Alimentos,138824085,1164,Base
2026-03,T020,Belleza,407093622,1081,Base
2026-03,T020,Deportes,314459229,253,Base
2026-03,T020,Electrohogar,100807318,854,Base
2026-03,T020,Jugueteria,60146905,676,Base
2026-03,T020,Moda,297669441,1163,Base
2026-03,T020,Muebles,345780517,1229,Base
2026-03,T020,Tecnologia,54005013,183,Base
2026-03,T021,Alimentos,379640335,883,Base
2026-03,T021,Belleza,251879194,1085,Base
2026-03,T021,Deportes,291355895,1008,Base
2026-03,T021,Electrohogar,410889743,661,Base
2026-03,T021,Jugueteria,164977044,1225,Base
2026-03,T021,Moda,377335430,1094,Base
2026-03,T021,Muebles,326718146,522,Base
2026-03,T021,Tecnologia,241929089,960,Base
2026-03,T022,Alimentos,156737683,457,Base
2026-03,T022,Belleza,209522236,1293,Base
2026-03,T022,Deportes,390105621,507,Base
2026-03,T022,Electrohogar,151331003,872,Base
2026-03,T022,Jugueteria,206749143,331,Base
2026-03,T022,Moda,243675069,406,Base
2026-03,T022,Muebles,409720279,844,Base
2026-03,T022,Tecnologia,130257803,1195,Base
2026-03,T023,Alimentos,191940735,538,Base
2026-03,T023,Belleza,292987833,1131,Base
2026-03,T023,Deportes,267088184,1376,Base
2026-03,T023,Electrohogar,130381631,850,Base
2026-03,T023,Jugueteria,387247443,657,Base
2026-03,T023,Moda,327862776,389,Base
2026-03,T023,Muebles,183609248,1017,Base
2026-03,T023,Tecnologia,396438234,633,Base
2026-03,T024,Alimentos,213895778,626,Base
2026-03,T024,Belleza,172120156,442,Base
2026-03,T024,Deportes,96625065,622,Base
2026-03,T024,Electrohogar,222621846,664,Base
2026-03,T024,Jugueteria,77260504,1225,Base
2026-03,T024,Moda,286931574,994,Base
2026-03,T024,Muebles,286183443,560,Base
2026-03,T024,Tecnologia,73055314,470,Base
2026-03,T025,Alimentos,121822517,1034,Base
2026-03,T025,Belleza,347463813,1220,Base
2026-03,T025,Deportes,395683616,577,Base
2026-03,T025,Electrohogar,365647721,1325,Base
2026-03,T025,Jugueteria,316330025,1200,Base
2026-03,T025,Moda,121726145,221,Base
2026-03,T025,Muebles,133765809,538,Base
2026-03,T025,Tecnologia,272013213,732,Base
2026-03,T026,Alimentos,416448943,1025,Base
2026-03,T026,Belleza,273066938,265,Base
2026-03,T026,Deportes,392266102,1284,Base
2026-03,T026,Electrohogar,139099734,387,Base
2026-03,T026,Jugueteria,414290950,184,Base
2026-03,T026,Moda,229776932,384,Base
2026-03,T026,Muebles,307031728,545,Base
2026-03,T026,Tecnologia,279602469,231,Base
2026-03,T027,Alimentos,298659160,431,Base
2026-03,T027,Belleza,308355145,1324,Base
2026-03,T027,Deportes,117742591,285,Base
2026-03,T027,Electrohogar,84127008,228,Base
2026-03,T027,Jugueteria,340398757,1022,Base
2026-03,T027,Moda,418263910,1278,Base
2026-03,T027,Muebles,238070429,290,Base
2026-03,T027,Tecnologia,84400946,467,Base
2026-03,T028,Alimentos,274664189,289,Base
2026-03,T028,Belleza,295471387,1335,Base
2026-03,T028,Deportes,253682355,1142,Base
2026-03,T028,Electrohogar,333749421,372,Base
2026-03,T028,Jugueteria,373652719,257,Base
2026-03,T028,Moda,300804012,837,Base
2026-03,T028,Muebles,52024515,741,Base
2026-03,T028,Tecnologia,367098644,829,Base
2026-03,T029,Alimentos,251888510,1341,Base
2026-03,T029,Belleza,382082154,651,Base
2026-03,T029,Deportes,391917280,1178,Base
2026-03,T029,Electrohogar,57933532,527,Base
2026-03,T029,Jugueteria,151766187,395,Base
2026-03,T029,Moda,228659837,1395,Base
2026-03,T029,Muebles,379718249,628,Base
2026-03,T029,Tecnologia,216807911,869,Base
2026-03,T030,Alimentos,346302968,1017,Base
2026-03,T030,Belleza,199581117,1023,Base
2026-03,T030,Deportes,203389876,940,Base
2026-03,T030,Electrohogar,100742058,352,Base
2026-03,T030,Jugueteria,228378100,634,Base
2026-03,T030,Moda,137222445,1302,Base
2026-03,T030,Muebles,161209704,555,Base
2026-03,T030,Tecnologia,329573639,922,Base
2026-03,T031,Alimentos,389560480,826,Base
2026-03,T031,Belleza,177572741,364,Base
2026-03,T031,Deportes,413337200,800,Base
2026-03,T031,Electrohogar,412528803,1023,Base
2026-03,T031,Jugueteria,146709665,826,Base
2026-03,T031,Moda,409717986,122,Base
2026-03,T031,Muebles,307998975,738,Base
2026-03,T031,Tecnologia,374640729,992,Base
2026-03,T032,Alimentos,327361378,1286,Base
2026-03,T032,Belleza,354263245,269,Base
2026-03,T032,Deportes,233183764,503,Base
2026-03,T032,Electrohogar,176910920,302,Base
2026-03,T032,Jugueteria,360413296,1309,Base
2026-03,T032,Moda,230950206,295,Base
2026-03,T032,Muebles,357762593,470,Base
2026-03,T032,Tecnologia,341333405,439,Base
2026-03,T033,Alimentos,301972971,1308,Base
2026-03,T033,Belleza,408215964,1380,Base
2026-03,T033,Deportes,262453402,1178,Base
2026-03,T033,Electrohogar,335521123,369,Base
2026-03,T033,Jugueteria,214803936,1002,Base
2026-03,T033,Moda,242565575,390,Base
2026-03,T033,Muebles,155325621,199,Base
2026-03,T033,Tecnologia,391970017,968,Base
2026-03,T034,Alimentos,137403555,701,Base
2026-03,T034,Belleza,351322710,412,Base
2026-03,T034,Deportes,372658352,771,Base
2026-03,T034,Electrohogar,142408178,921,Base
2026-03,T034,Jugueteria,216617656,1245,Base
2026-03,T034,Moda,269585395,509,Base
2026-03,T034,Muebles,257511068,503,Base
2026-03,T034,Tecnologia,151013561,644,Base
2026-03,T035,Alimentos,259087428,1009,Base
2026-03,T035,Belleza,283332226,1264,Base
2026-03,T035,Deportes,194924332,1257,Base
2026-03,T035,Electrohogar,149221935,375,Base
2026-03,T035,Jugueteria,140915625,1277,Base
2026-03,T035,Moda,205352069,796,Base
2026-03,T035,Muebles,363811285,1030,Base
2026-03,T035,Tecnologia,133012956,1297,Base
2026-03,T036,Alimentos,203365910,1146,Base
2026-03,T036,Belleza,381931367,1078,Base
2026-03,T036,Deportes,418585375,1359,Base
2026-03,T036,Electrohogar,417076278,211,Base
2026-03,T036,Jugueteria,390709652,398,Base
2026-03,T036,Moda,323889140,198,Base
2026-03,T036,Muebles,57994515,756,Base
2026-03,T036,Tecnologia,197917542,196,Base
2026-03,T037,Alimentos,68866031,1281,Base
2026-03,T037,Belleza,314351624,1102,Base
2026-03,T037,Deportes,207354463,1118,Base
2026-03,T037,Electrohogar,51727217,682,Base
2026-03,T037,Jugueteria,307339122,642,Base
2026-03,T037,Moda,175557274,1290,Base
2026-03,T037,Muebles,311984083,1307,Base
2026-03,T037,Tecnologia,113718784,875,Base
2026-03,T038,Alimentos,156801935,943,Base
2026-03,T038,Belleza,152651743,1127,Base
2026-03,T038,Deportes,295017309,932,Base
2026-03,T038,Electrohogar,334201021,639,Base
2026-03,T038,Jugueteria,283625929,572,Base
2026-03,T038,Moda,404486936,124,Base
2026-03,T038,Muebles,82056947,1323,Base
2026-03,T038,Tecnologia,269081342,390,Base
2026-03,T039,Alimentos,205766245,1007,Base
2026-03,T039,Belleza,385266486,310,Base
2026-03,T039,Deportes,118858152,375,Base
2026-03,T039,Electrohogar,313372307,272,Base
2026-03,T039,Jugueteria,210136080,128,Base
2026-03,T039,Moda,344417296,1103,Base
2026-03,T039,Muebles,130172068,599,Base
2026-03,T039,Tecnologia,137970836,624,Base
2026-03,T040,Alimentos,153594466,1145,Base
2026-03,T040,Belleza,227480306,782,Base
2026-03,T040,Deportes,222095880,919,Base
2026-03,T040,Electrohogar,155324455,286,Base
2026-03,T040,Jugueteria,147342739,1096,Base
2026-03,T040,Moda,225964457,532,Base
2026-03,T040,Muebles,269636286,483,Base
2026-03,T040,Tecnologia,386437841,351,Base
2026-03,T041,Alimentos,205930822,1094,Base
2026-03,T041,Belleza,367766142,806,Base
2026-03,T041,Deportes,63833328,193,Base
2026-03,T041,Electrohogar,324853323,1115,Base
2026-03,T041,Jugueteria,263617138,907,Base
2026-03,T041,Moda,89473685,444,Base
2026-03,T041,Muebles,88506862,283,Base
2026-03,T041,Tecnologia,318802909,679,Base
2026-03,T042,Alimentos,308469710,1279,Base
2026-03,T042,Belleza,49255683,1281,Base
2026-03,T042,Deportes,194416480,1026,Base
2026-03,T042,Electrohogar,201101890,613,Base
2026-03,T042,Jugueteria,354042284,1344,Base
2026-03,T042,Moda,202336698,1220,Base
2026-03,T042,Muebles,214525987,771,Base
2026-03,T042,Tecnologia,349394917,515,Base
2026-03,T043,Alimentos,418824814,866,Base
2026-03,T043,Belleza,231141282,536,Base
2026-03,T043,Deportes,179553805,738,Base
2026-03,T043,Electrohogar,353351794,1049,Base
2026-03,T043,Jugueteria,199491633,980,Base
2026-03,T043,Moda,397467734,798,Base
2026-03,T043,Muebles,148223376,278,Base
2026-03,T043,Tecnologia,154789065,635,Base
2026-03,T044,Alimentos,144463480,1146,Base
2026-03,T044,Belleza,315211266,817,Base
2026-03,T044,Deportes,392599645,1015,Base
2026-03,T044,Electrohogar,263201685,1307,Base
2026-03,T044,Jugueteria,256040958,539,Base
2026-03,T044,Moda,315941133,187,Base
2026-03,T044,Muebles,59946614,257,Base
2026-03,T044,Tecnologia,140975279,343,Base
2026-03,T045,Alimentos,352894526,133,Base
2026-03,T045,Belleza,210018705,1060,Base
2026-03,T045,Deportes,100393042,938,Base
2026-03,T045,Electrohogar,270268187,1299,Base
2026-03,T045,Jugueteria,55871432,443,Base
2026-03,T045,Moda,159834377,869,Base
2026-03,T045,Muebles,266326157,1284,Base
2026-03,T045,Tecnologia,285903273,761,Base
2026-03,T046,Alimentos,139984805,605,Base
2026-03,T046,Belleza,294314776,354,Base
2026-03,T046,Deportes,363491142,1145,Base
2026-03,T046,Electrohogar,142269002,692,Base
2026-03,T046,Jugueteria,301627078,919,Base
2026-03,T046,Moda,325479353,988,Base
2026-03,T046,Muebles,346350560,989,Base
2026-03,T046,Tecnologia,108892375,905,Base
2026-03,T047,Alimentos,78701923,1097,Base
2026-03,T047,Belleza,249297443,288,Base
2026-03,T047,Deportes,194435165,689,Base
2026-03,T047,Electrohogar,51634650,665,Base
2026-03,T047,Jugueteria,174447349,458,Base
2026-03,T047,Moda,163119037,389,Base
2026-03,T047,Muebles,46852573,898,Base
2026-03,T047,Tecnologia,57058524,503,Base
2026-03,T048,Alimentos,296281897,544,Base
2026-03,T048,Belleza,178065657,1012,Base
2026-03,T048,Deportes,407934755,127,Base
2026-03,T048,Electrohogar,174918307,1196,Base
2026-03,T048,Jugueteria,127413977,1035,Base
2026-03,T048,Moda,171440561,721,Base
2026-03,T048,Muebles,336587659,914,Base
2026-03,T048,Tecnologia,320145960,950,Base
2026-03,T049,Alimentos,112692102,1174,Base
2026-03,T049,Belleza,363507286,184,Base
2026-03,T049,Deportes,215599444,800,Base
2026-03,T049,Electrohogar,402882835,669,Base
2026-03,T049,Jugueteria,61779386,678,Base
2026-03,T049,Moda,130061223,1034,Base
2026-03,T049,Muebles,397653834,303,Base
2026-03,T049,Tecnologia,218098121,414,Base
2026-03,T050,Alimentos,370978292,727,Base
2026-03,T050,Belleza,211578234,1140,Base
2026-03,T050,Deportes,126893169,1022,Base
2026-03,T050,Electrohogar,122690937,1067,Base
2026-03,T050,Jugueteria,66201745,1094,Base
2026-03,T050,Moda,80359820,683,Base
2026-03,T050,Muebles,71892644,1045,Base
2026-03,T050,Tecnologia,417475273,1036,Base
2026-03,T051,Alimentos,68993326,830,Base
2026-03,T051,Belleza,116338153,354,Base
2026-03,T051,Deportes,218569474,177,Base
2026-03,T051,Electrohogar,354587511,1138,Base
2026-03,T051,Jugueteria,117104986,1071,Base
2026-03,T051,Moda,335775184,318,Base
2026-03,T051,Muebles,282804008,209,Base
2026-03,T051,Tecnologia,417841870,499,Base
2026-03,T052,Alimentos,102548683,290,Base
2026-03,T052,Belleza,209411175,1333,Base
2026-03,T052,Deportes,181037859,1311,Base
2026-03,T052,Electrohogar,381645867,269,Base
2026-03,T052,Jugueteria,367453111,1218,Base
2026-03,T052,Moda,200429098,826,Base
2026-03,T052,Muebles,412858877,867,Base
2026-03,T052,Tecnologia,354931636,542,Base
2026-03,T053,Alimentos,407414646,877,Base
2026-03,T053,Belleza,149423149,347,Base
2026-03,T053,Deportes,197568613,271,Base
2026-03,T053,Electrohogar,74205022,710,Base
2026-03,T053,Jugueteria,361596300,543,Base
2026-03,T053,Moda,413225271,770,Base
2026-03,T053,Muebles,237874964,776,Base
2026-03,T053,Tecnologia,220049152,123,Base
2026-03,T054,Alimentos,127857484,424,Base
2026-03,T054,Belleza,199073497,377,Base
2026-03,T054,Deportes,412654082,121,Base
2026-03,T054,Electrohogar,309561547,817,Base
2026-03,T054,Jugueteria,48685183,899,Base
2026-03,T054,Moda,192728675,999,Base
2026-03,T054,Muebles,140817449,250,Base
2026-03,T054,Tecnologia,106914362,994,Base
2026-03,T055,Alimentos,135539289,848,Base
2026-03,T055,Belleza,76569521,1333,Base
2026-03,T055,Deportes,154585921,1375,Base
2026-03,T055,Electrohogar,115980694,741,Base
2026-03,T055,Jugueteria,149657392,611,Base
2026-03,T055,Moda,115871350,874,Base
2026-03,T055,Muebles,307401961,142,Base
2026-03,T055,Tecnologia,309756018,744,Base
2026-03,T056,Alimentos,143383183,890,Base
2026-03,T056,Belleza,55922975,1233,Base
2026-03,T056,Deportes,46530526,887,Base
2026-03,T056,Electrohogar,82032235,788,Base
2026-03,T056,Jugueteria,297527495,269,Base
2026-03,T056,Moda,138306337,849,Base
2026-03,T056,Muebles,84446862,1267,Base
2026-03,T056,Tecnologia,118257176,509,Base
2026-03,T057,Alimentos,58748598,1345,Base
2026-03,T057,Belleza,157804254,702,Base
2026-03,T057,Deportes,114977920,220,Base
2026-03,T057,Electrohogar,126529232,1155,Base
2026-03,T057,Jugueteria,138191131,810,Base
2026-03,T057,Moda,367714698,504,Base
2026-03,T057,Muebles,333829702,785,Base
2026-03,T057,Tecnologia,400176014,270,Base
2026-03,T058,Alimentos,161507169,235,Base
2026-03,T058,Belleza,240257082,594,Base
2026-03,T058,Deportes,345278170,954,Base
2026-03,T058,Electrohogar,400626182,1394,Base
2026-03,T058,Jugueteria,159959978,1350,Base
2026-03,T058,Moda,302433857,1318,Base
2026-03,T058,Muebles,152090923,998,Base
2026-03,T058,Tecnologia,210734113,508,Base
2026-03,T059,Alimentos,83140840,1152,Base
2026-03,T059,Belleza,290854682,652,Base
2026-03,T059,Deportes,395923005,376,Base
2026-03,T059,Electrohogar,157240013,1386,Base
2026-03,T059,Jugueteria,196375629,1028,Base
2026-03,T059,Moda,298920060,625,Base
2026-03,T059,Muebles,321700771,575,Base
2026-03,T059,Tecnologia,103784123,975,Base
2026-03,T060,Alimentos,262325543,167,Base
2026-03,T060,Belleza,305002050,702,Base
2026-03,T060,Deportes,173097648,1330,Base
2026-03,T060,Electrohogar,214841358,1021,Base
2026-03,T060,Jugueteria,286585007,960,Base
2026-03,T060,Moda,348012518,1122,Base
2026-03,T060,Muebles,133897501,1038,Base
2026-03,T060,Tecnologia,138188462,1329,Base
2026-04,T001,Alimentos,245152030,1144,Base
2026-04,T001,Belleza,376879386,540,Base
2026-04,T001,Deportes,400808053,1080,Base
2026-04,T001,Electrohogar,227973832,317,Base
2026-04,T001,Jugueteria,108377450,660,Base
2026-04,T001,Moda,340104140,313,Base
2026-04,T001,Muebles,239583522,797,Base
2026-04,T001,Tecnologia,300355353,607,Base
2026-04,T002,Alimentos,220576566,806,Base
2026-04,T002,Belleza,329531607,176,Base
2026-04,T002,Deportes,329223692,517,Base
2026-04,T002,Electrohogar,361831982,891,Base
2026-04,T002,Jugueteria,47509240,460,Base
2026-04,T002,Moda,68122096,221,Base
2026-04,T002,Muebles,65531736,462,Base
2026-04,T002,Tecnologia,384788521,702,Base
2026-04,T003,Alimentos,325129171,1088,Base
2026-04,T003,Belleza,260678538,766,Base
2026-04,T003,Deportes,207724467,258,Base
2026-04,T003,Electrohogar,170035282,884,Base
2026-04,T003,Jugueteria,364400578,523,Base
2026-04,T003,Moda,339196746,1097,Base
2026-04,T003,Muebles,108498746,1151,Base
2026-04,T003,Tecnologia,357144704,508,Base
2026-04,T004,Alimentos,253495039,1196,Base
2026-04,T004,Belleza,327777408,661,Base
2026-04,T004,Deportes,64338953,1336,Base
2026-04,T004,Electrohogar,88698752,1118,Base
2026-04,T004,Jugueteria,205016838,852,Base
2026-04,T004,Moda,186038976,1268,Base
2026-04,T004,Muebles,312105598,1120,Base
2026-04,T004,Tecnologia,142032242,766,Base
2026-04,T005,Alimentos,317520982,722,Base
2026-04,T005,Belleza,257451542,958,Base
2026-04,T005,Deportes,386945818,649,Base
2026-04,T005,Electrohogar,224223856,589,Base
2026-04,T005,Jugueteria,157342143,606,Base
2026-04,T005,Moda,145513640,471,Base
2026-04,T005,Muebles,395986523,272,Base
2026-04,T005,Tecnologia,73550015,621,Base
2026-04,T006,Alimentos,107474129,1299,Base
2026-04,T006,Belleza,196268932,758,Base
2026-04,T006,Deportes,183244355,1381,Base
2026-04,T006,Electrohogar,338950998,1317,Base
2026-04,T006,Jugueteria,116508895,408,Base
2026-04,T006,Moda,410402523,274,Base
2026-04,T006,Muebles,225960270,971,Base
2026-04,T006,Tecnologia,113676750,681,Base
2026-04,T007,Alimentos,405030529,815,Base
2026-04,T007,Belleza,237509207,954,Base
2026-04,T007,Deportes,332398217,296,Base
2026-04,T007,Electrohogar,276008766,133,Base
2026-04,T007,Jugueteria,167055116,258,Base
2026-04,T007,Moda,306486583,993,Base
2026-04,T007,Muebles,172969863,458,Base
2026-04,T007,Tecnologia,178859137,648,Base
2026-04,T008,Alimentos,273112820,758,Base
2026-04,T008,Belleza,140088406,612,Base
2026-04,T008,Deportes,398358963,251,Base
2026-04,T008,Electrohogar,169852432,752,Base
2026-04,T008,Jugueteria,73393232,1283,Base
2026-04,T008,Moda,297272835,393,Base
2026-04,T008,Muebles,219176347,732,Base
2026-04,T008,Tecnologia,169760130,671,Base
2026-04,T009,Alimentos,270926009,545,Base
2026-04,T009,Belleza,100405251,312,Base
2026-04,T009,Deportes,131023816,871,Base
2026-04,T009,Electrohogar,91428087,1293,Base
2026-04,T009,Jugueteria,344225454,302,Base
2026-04,T009,Moda,380703294,1164,Base
2026-04,T009,Muebles,108102864,413,Base
2026-04,T009,Tecnologia,147251372,1149,Base
2026-04,T010,Alimentos,54847545,672,Base
2026-04,T010,Belleza,88276644,1318,Base
2026-04,T010,Deportes,343374557,731,Base
2026-04,T010,Electrohogar,56065727,1330,Base
2026-04,T010,Jugueteria,201864391,911,Base
2026-04,T010,Moda,243704176,943,Base
2026-04,T010,Muebles,179431813,125,Base
2026-04,T010,Tecnologia,241919675,967,Base
2026-04,T011,Alimentos,193043628,248,Base
2026-04,T011,Belleza,236634791,1093,Base
2026-04,T011,Deportes,255778045,318,Base
2026-04,T011,Electrohogar,45021992,1186,Base
2026-04,T011,Jugueteria,342437042,567,Base
2026-04,T011,Moda,66468417,342,Base
2026-04,T011,Muebles,381122176,371,Base
2026-04,T011,Tecnologia,57219383,790,Base
2026-04,T012,Alimentos,128270815,1347,Base
2026-04,T012,Belleza,274128681,1391,Base
2026-04,T012,Deportes,105850808,393,Base
2026-04,T012,Electrohogar,319928943,782,Base
2026-04,T012,Jugueteria,124879981,592,Base
2026-04,T012,Moda,200189543,1184,Base
2026-04,T012,Muebles,367340075,123,Base
2026-04,T012,Tecnologia,96797528,215,Base
2026-04,T013,Alimentos,303664655,1039,Base
2026-04,T013,Belleza,407408243,1278,Base
2026-04,T013,Deportes,228521186,1071,Base
2026-04,T013,Electrohogar,302894059,232,Base
2026-04,T013,Jugueteria,156072670,995,Base
2026-04,T013,Moda,55887776,1350,Base
2026-04,T013,Muebles,373169294,318,Base
2026-04,T013,Tecnologia,399075983,1320,Base
2026-04,T014,Alimentos,416632789,1159,Base
2026-04,T014,Belleza,352539840,488,Base
2026-04,T014,Deportes,344418320,311,Base
2026-04,T014,Electrohogar,191256985,626,Base
2026-04,T014,Jugueteria,82582491,831,Base
2026-04,T014,Moda,128987485,621,Base
2026-04,T014,Muebles,380008610,802,Base
2026-04,T014,Tecnologia,194095692,845,Base
2026-04,T015,Alimentos,55730228,1289,Base
2026-04,T015,Belleza,158202347,946,Base
2026-04,T015,Deportes,388287114,469,Base
2026-04,T015,Electrohogar,288360703,677,Base
2026-04,T015,Jugueteria,238169854,951,Base
2026-04,T015,Moda,418803953,505,Base
2026-04,T015,Muebles,207915353,608,Base
2026-04,T015,Tecnologia,402054569,772,Base
2026-04,T016,Alimentos,381884565,828,Base
2026-04,T016,Belleza,334886609,349,Base
2026-04,T016,Deportes,195196922,1124,Base
2026-04,T016,Electrohogar,126092523,1343,Base
2026-04,T016,Jugueteria,46056035,743,Base
2026-04,T016,Moda,78152812,1256,Base
2026-04,T016,Muebles,91026082,624,Base
2026-04,T016,Tecnologia,244700900,1017,Base
2026-04,T017,Alimentos,407704380,614,Base
2026-04,T017,Belleza,387628721,1350,Base
2026-04,T017,Deportes,162727877,1340,Base
2026-04,T017,Electrohogar,331681007,685,Base
2026-04,T017,Jugueteria,298901417,219,Base
2026-04,T017,Moda,249732391,546,Base
2026-04,T017,Muebles,334740843,921,Base
2026-04,T017,Tecnologia,366500043,846,Base
2026-04,T018,Alimentos,252199683,549,Base
2026-04,T018,Belleza,311418526,721,Base
2026-04,T018,Deportes,104487501,977,Base
2026-04,T018,Electrohogar,104680029,568,Base
2026-04,T018,Jugueteria,56951529,460,Base
2026-04,T018,Moda,250021044,375,Base
2026-04,T018,Muebles,61289326,936,Base
2026-04,T018,Tecnologia,162479632,938,Base
2026-04,T019,Alimentos,344954750,1293,Base
2026-04,T019,Belleza,225730909,895,Base
2026-04,T019,Deportes,149988807,949,Base
2026-04,T019,Electrohogar,142008524,351,Base
2026-04,T019,Jugueteria,55620776,732,Base
2026-04,T019,Moda,223674459,1331,Base
2026-04,T019,Muebles,53724622,256,Base
2026-04,T019,Tecnologia,387296357,1154,Base
2026-04,T020,Alimentos,218856793,1322,Base
2026-04,T020,Belleza,355429399,413,Base
2026-04,T020,Deportes,65406697,495,Base
2026-04,T020,Electrohogar,184222778,479,Base
2026-04,T020,Jugueteria,221050453,696,Base
2026-04,T020,Moda,326674470,1028,Base
2026-04,T020,Muebles,215920750,1013,Base
2026-04,T020,Tecnologia,78489392,844,Base
2026-04,T021,Alimentos,372442752,146,Base
2026-04,T021,Belleza,197280255,484,Base
2026-04,T021,Deportes,253399567,236,Base
2026-04,T021,Electrohogar,284469585,1306,Base
2026-04,T021,Jugueteria,331161037,956,Base
2026-04,T021,Moda,314051867,744,Base
2026-04,T021,Muebles,364058224,790,Base
2026-04,T021,Tecnologia,75156530,1331,Base
2026-04,T022,Alimentos,64956123,512,Base
2026-04,T022,Belleza,407787384,987,Base
2026-04,T022,Deportes,419961160,1320,Base
2026-04,T022,Electrohogar,335384673,337,Base
2026-04,T022,Jugueteria,150381799,468,Base
2026-04,T022,Moda,304302518,580,Base
2026-04,T022,Muebles,193049105,220,Base
2026-04,T022,Tecnologia,217067087,748,Base
2026-04,T023,Alimentos,252284662,685,Base
2026-04,T023,Belleza,92599870,928,Base
2026-04,T023,Deportes,399838737,588,Base
2026-04,T023,Electrohogar,74698247,821,Base
2026-04,T023,Jugueteria,303284845,431,Base
2026-04,T023,Moda,139755683,201,Base
2026-04,T023,Muebles,174910971,1074,Base
2026-04,T023,Tecnologia,74189961,489,Base
2026-04,T024,Alimentos,400305202,451,Base
2026-04,T024,Belleza,365797608,813,Base
2026-04,T024,Deportes,248808274,730,Base
2026-04,T024,Electrohogar,157648497,1120,Base
2026-04,T024,Jugueteria,416055247,1168,Base
2026-04,T024,Moda,80298165,372,Base
2026-04,T024,Muebles,306485826,362,Base
2026-04,T024,Tecnologia,342016649,816,Base
2026-04,T025,Alimentos,195864699,1250,Base
2026-04,T025,Belleza,416127785,409,Base
2026-04,T025,Deportes,235196787,460,Base
2026-04,T025,Electrohogar,127902075,348,Base
2026-04,T025,Jugueteria,369090564,1152,Base
2026-04,T025,Moda,392421146,693,Base
2026-04,T025,Muebles,185384688,594,Base
2026-04,T025,Tecnologia,262243483,1064,Base
2026-04,T026,Alimentos,191536972,161,Base
2026-04,T026,Belleza,214260591,417,Base
2026-04,T026,Deportes,114903974,876,Base
2026-04,T026,Electrohogar,369292650,903,Base
2026-04,T026,Jugueteria,181884435,520,Base
2026-04,T026,Moda,122442085,262,Base
2026-04,T026,Muebles,302373749,1232,Base
2026-04,T026,Tecnologia,347091711,1072,Base
2026-04,T027,Alimentos,80477814,1181,Base
2026-04,T027,Belleza,164219840,1169,Base
2026-04,T027,Deportes,273505362,792,Base
2026-04,T027,Electrohogar,288725322,960,Base
2026-04,T027,Jugueteria,167536171,1385,Base
2026-04,T027,Moda,332870125,1249,Base
2026-04,T027,Muebles,165348033,595,Base
2026-04,T027,Tecnologia,65389997,1352,Base
2026-04,T028,Alimentos,153295941,1043,Base
2026-04,T028,Belleza,86579609,980,Base
2026-04,T028,Deportes,415772019,595,Base
2026-04,T028,Electrohogar,258228279,1159,Base
2026-04,T028,Jugueteria,188131682,678,Base
2026-04,T028,Moda,103287801,849,Base
2026-04,T028,Muebles,249747485,339,Base
2026-04,T028,Tecnologia,283817219,133,Base
2026-04,T029,Alimentos,353012885,445,Base
2026-04,T029,Belleza,204281141,201,Base
2026-04,T029,Deportes,357479491,646,Base
2026-04,T029,Electrohogar,228070759,415,Base
2026-04,T029,Jugueteria,272156428,607,Base
2026-04,T029,Moda,203548287,577,Base
2026-04,T029,Muebles,297062362,169,Base
2026-04,T029,Tecnologia,123857573,801,Base
2026-04,T030,Alimentos,264426034,671,Base
2026-04,T030,Belleza,279767997,697,Base
2026-04,T030,Deportes,358565836,506,Base
2026-04,T030,Electrohogar,262300362,780,Base
2026-04,T030,Jugueteria,148963628,450,Base
2026-04,T030,Moda,287774953,299,Base
2026-04,T030,Muebles,67811212,467,Base
2026-04,T030,Tecnologia,205644011,526,Base
2026-04,T031,Alimentos,223885501,524,Base
2026-04,T031,Belleza,93678530,1207,Base
2026-04,T031,Deportes,86532863,1023,Base
2026-04,T031,Electrohogar,381142386,828,Base
2026-04,T031,Jugueteria,124767516,196,Base
2026-04,T031,Moda,173004911,1394,Base
2026-04,T031,Muebles,357716614,1219,Base
2026-04,T031,Tecnologia,114894225,929,Base
2026-04,T032,Alimentos,265780418,1394,Base
2026-04,T032,Belleza,45014406,971,Base
2026-04,T032,Deportes,116458623,509,Base
2026-04,T032,Electrohogar,345156637,502,Base
2026-04,T032,Jugueteria,126923759,1315,Base
2026-04,T032,Moda,119351374,921,Base
2026-04,T032,Muebles,304460832,1031,Base
2026-04,T032,Tecnologia,363136532,734,Base
2026-04,T033,Alimentos,279205994,413,Base
2026-04,T033,Belleza,257000019,865,Base
2026-04,T033,Deportes,56748505,714,Base
2026-04,T033,Electrohogar,308978976,675,Base
2026-04,T033,Jugueteria,169514055,870,Base
2026-04,T033,Moda,313885542,259,Base
2026-04,T033,Muebles,164050207,189,Base
2026-04,T033,Tecnologia,232479434,649,Base
2026-04,T034,Alimentos,380135388,884,Base
2026-04,T034,Belleza,341630679,679,Base
2026-04,T034,Deportes,125884306,314,Base
2026-04,T034,Electrohogar,419639618,415,Base
2026-04,T034,Jugueteria,137309773,1014,Base
2026-04,T034,Moda,341007581,380,Base
2026-04,T034,Muebles,268702214,227,Base
2026-04,T034,Tecnologia,380255397,234,Base
2026-04,T035,Alimentos,166090765,402,Base
2026-04,T035,Belleza,381456858,784,Base
2026-04,T035,Deportes,60264046,1310,Base
2026-04,T035,Electrohogar,145795376,1286,Base
2026-04,T035,Jugueteria,68524342,1398,Base
2026-04,T035,Moda,297409124,1112,Base
2026-04,T035,Muebles,380640632,633,Base
2026-04,T035,Tecnologia,142642169,1222,Base
2026-04,T036,Alimentos,162833489,965,Base
2026-04,T036,Belleza,383691108,927,Base
2026-04,T036,Deportes,231793425,1024,Base
2026-04,T036,Electrohogar,103030184,506,Base
2026-04,T036,Jugueteria,329856756,470,Base
2026-04,T036,Moda,275483601,775,Base
2026-04,T036,Muebles,294506221,669,Base
2026-04,T036,Tecnologia,266227259,509,Base
2026-04,T037,Alimentos,377256222,974,Base
2026-04,T037,Belleza,325482129,621,Base
2026-04,T037,Deportes,373080512,772,Base
2026-04,T037,Electrohogar,326560911,1126,Base
2026-04,T037,Jugueteria,193683371,1301,Base
2026-04,T037,Moda,227619110,1122,Base
2026-04,T037,Muebles,329096435,945,Base
2026-04,T037,Tecnologia,165945763,402,Base
2026-04,T038,Alimentos,90995422,769,Base
2026-04,T038,Belleza,197031980,620,Base
2026-04,T038,Deportes,245764184,937,Base
2026-04,T038,Electrohogar,331568377,391,Base
2026-04,T038,Jugueteria,403367390,1258,Base
2026-04,T038,Moda,199090099,825,Base
2026-04,T038,Muebles,166788200,138,Base
2026-04,T038,Tecnologia,335926296,1374,Base
2026-04,T039,Alimentos,383308629,473,Base
2026-04,T039,Belleza,303666227,434,Base
2026-04,T039,Deportes,236713460,546,Base
2026-04,T039,Electrohogar,91793255,142,Base
2026-04,T039,Jugueteria,97249955,1177,Base
2026-04,T039,Moda,341734679,1064,Base
2026-04,T039,Muebles,262754224,122,Base
2026-04,T039,Tecnologia,87320613,499,Base
2026-04,T040,Alimentos,149729690,1191,Base
2026-04,T040,Belleza,334041123,999,Base
2026-04,T040,Deportes,210962726,1045,Base
2026-04,T040,Electrohogar,404318866,963,Base
2026-04,T040,Jugueteria,212037649,564,Base
2026-04,T040,Moda,322556710,1212,Base
2026-04,T040,Muebles,105997403,752,Base
2026-04,T040,Tecnologia,121925339,164,Base
2026-04,T041,Alimentos,345971052,850,Base
2026-04,T041,Belleza,341404571,973,Base
2026-04,T041,Deportes,59566826,988,Base
2026-04,T041,Electrohogar,110951291,961,Base
2026-04,T041,Jugueteria,210441780,405,Base
2026-04,T041,Moda,137127008,954,Base
2026-04,T041,Muebles,54180666,145,Base
2026-04,T041,Tecnologia,359012480,928,Base
2026-04,T042,Alimentos,128966027,1044,Base
2026-04,T042,Belleza,157713382,1382,Base
2026-04,T042,Deportes,202388369,280,Base
2026-04,T042,Electrohogar,367284247,958,Base
2026-04,T042,Jugueteria,380499756,998,Base
2026-04,T042,Moda,145747976,756,Base
2026-04,T042,Muebles,187663335,1266,Base
2026-04,T042,Tecnologia,178969085,1390,Base
2026-04,T043,Alimentos,396277064,219,Base
2026-04,T043,Belleza,294215622,819,Base
2026-04,T043,Deportes,381299360,637,Base
2026-04,T043,Electrohogar,367756011,1179,Base
2026-04,T043,Jugueteria,335080807,862,Base
2026-04,T043,Moda,303471209,410,Base
2026-04,T043,Muebles,333172916,225,Base
2026-04,T043,Tecnologia,100312638,272,Base
2026-04,T044,Alimentos,262550684,1037,Base
2026-04,T044,Belleza,274193699,864,Base
2026-04,T044,Deportes,169632351,335,Base
2026-04,T044,Electrohogar,270772046,1351,Base
2026-04,T044,Jugueteria,85255352,675,Base
2026-04,T044,Moda,350387219,490,Base
2026-04,T044,Muebles,217550957,1094,Base
2026-04,T044,Tecnologia,54913473,1327,Base
2026-04,T045,Alimentos,116054679,927,Base
2026-04,T045,Belleza,287294374,988,Base
2026-04,T045,Deportes,97834435,789,Base
2026-04,T045,Electrohogar,306944902,1294,Base
2026-04,T045,Jugueteria,234693723,855,Base
2026-04,T045,Moda,349640842,373,Base
2026-04,T045,Muebles,177985649,1017,Base
2026-04,T045,Tecnologia,153615625,793,Base
2026-04,T046,Alimentos,278343719,129,Base
2026-04,T046,Belleza,395479086,570,Base
2026-04,T046,Deportes,411678825,431,Base
2026-04,T046,Electrohogar,309251483,328,Base
2026-04,T046,Jugueteria,49758467,807,Base
2026-04,T046,Moda,300080941,485,Base
2026-04,T046,Muebles,351163768,778,Base
2026-04,T046,Tecnologia,79489701,391,Base
2026-04,T047,Alimentos,49078533,1192,Base
2026-04,T047,Belleza,333976995,979,Base
2026-04,T047,Deportes,365828005,638,Base
2026-04,T047,Electrohogar,72606225,916,Base
2026-04,T047,Jugueteria,395151816,714,Base
2026-04,T047,Moda,131143624,1190,Base
2026-04,T047,Muebles,276672282,1394,Base
2026-04,T047,Tecnologia,330382442,612,Base
2026-04,T048,Alimentos,417098560,845,Base
2026-04,T048,Belleza,417749338,354,Base
2026-04,T048,Deportes,154875106,258,Base
2026-04,T048,Electrohogar,51791572,855,Base
2026-04,T048,Jugueteria,139614601,516,Base
2026-04,T048,Moda,409368715,739,Base
2026-04,T048,Muebles,114231408,1194,Base
2026-04,T048,Tecnologia,143207647,1145,Base
2026-04,T049,Alimentos,213686696,257,Base
2026-04,T049,Belleza,326378644,632,Base
2026-04,T049,Deportes,228888168,222,Base
2026-04,T049,Electrohogar,76161357,478,Base
2026-04,T049,Jugueteria,404532386,988,Base
2026-04,T049,Moda,232691652,470,Base
2026-04,T049,Muebles,292537603,807,Base
2026-04,T049,Tecnologia,344194391,302,Base
2026-04,T050,Alimentos,281370598,1218,Base
2026-04,T050,Belleza,108076917,725,Base
2026-04,T050,Deportes,271275357,1231,Base
2026-04,T050,Electrohogar,260072935,1110,Base
2026-04,T050,Jugueteria,208977356,654,Base
2026-04,T050,Moda,319656521,831,Base
2026-04,T050,Muebles,108147345,385,Base
2026-04,T050,Tecnologia,97362433,1347,Base
2026-04,T051,Alimentos,62553262,258,Base
2026-04,T051,Belleza,238152292,587,Base
2026-04,T051,Deportes,279385279,860,Base
2026-04,T051,Electrohogar,49681288,378,Base
2026-04,T051,Jugueteria,377586003,360,Base
2026-04,T051,Moda,353938055,763,Base
2026-04,T051,Muebles,402146465,1092,Base
2026-04,T051,Tecnologia,74147925,457,Base
2026-04,T052,Alimentos,401230849,723,Base
2026-04,T052,Belleza,220122235,1008,Base
2026-04,T052,Deportes,61823342,761,Base
2026-04,T052,Electrohogar,402656851,209,Base
2026-04,T052,Jugueteria,249249729,457,Base
2026-04,T052,Moda,138813081,519,Base
2026-04,T052,Muebles,175212521,1352,Base
2026-04,T052,Tecnologia,158020112,786,Base
2026-04,T053,Alimentos,390471355,1123,Base
2026-04,T053,Belleza,159933453,914,Base
2026-04,T053,Deportes,167706764,216,Base
2026-04,T053,Electrohogar,81940712,1382,Base
2026-04,T053,Jugueteria,297895669,739,Base
2026-04,T053,Moda,154552641,1293,Base
2026-04,T053,Muebles,256834688,1396,Base
2026-04,T053,Tecnologia,236749651,608,Base
2026-04,T054,Alimentos,146007753,1015,Base
2026-04,T054,Belleza,286735152,1048,Base
2026-04,T054,Deportes,115958372,286,Base
2026-04,T054,Electrohogar,216994404,287,Base
2026-04,T054,Jugueteria,190226352,771,Base
2026-04,T054,Moda,84564533,1225,Base
2026-04,T054,Muebles,176298099,977,Base
2026-04,T054,Tecnologia,416389298,954,Base
2026-04,T055,Alimentos,161972764,1396,Base
2026-04,T055,Belleza,119421345,407,Base
2026-04,T055,Deportes,323948622,590,Base
2026-04,T055,Electrohogar,114826965,425,Base
2026-04,T055,Jugueteria,212128136,997,Base
2026-04,T055,Moda,253911141,1125,Base
2026-04,T055,Muebles,370328749,1205,Base
2026-04,T055,Tecnologia,193191233,1186,Base
2026-04,T056,Alimentos,372100512,622,Base
2026-04,T056,Belleza,329627702,1369,Base
2026-04,T056,Deportes,394089872,575,Base
2026-04,T056,Electrohogar,255993524,360,Base
2026-04,T056,Jugueteria,407430373,312,Base
2026-04,T056,Moda,365649115,1243,Base
2026-04,T056,Muebles,332140985,972,Base
2026-04,T056,Tecnologia,63447360,1383,Base
2026-04,T057,Alimentos,166064030,1382,Base
2026-04,T057,Belleza,247609091,797,Base
2026-04,T057,Deportes,272527378,674,Base
2026-04,T057,Electrohogar,193299717,684,Base
2026-04,T057,Jugueteria,174268428,302,Base
2026-04,T057,Moda,377595713,922,Base
2026-04,T057,Muebles,416260078,1323,Base
2026-04,T057,Tecnologia,57151035,979,Base
2026-04,T058,Alimentos,307521690,219,Base
2026-04,T058,Belleza,256196936,624,Base
2026-04,T058,Deportes,199243869,323,Base
2026-04,T058,Electrohogar,154718028,890,Base
2026-04,T058,Jugueteria,136326919,1195,Base
2026-04,T058,Moda,68834118,1227,Base
2026-04,T058,Muebles,308662869,1329,Base
2026-04,T058,Tecnologia,179939219,372,Base
2026-04,T059,Alimentos,374214731,900,Base
2026-04,T059,Belleza,418510918,330,Base
2026-04,T059,Deportes,256790859,458,Base
2026-04,T059,Electrohogar,353957044,1128,Base
2026-04,T059,Jugueteria,51618529,359,Base
2026-04,T059,Moda,365413627,787,Base
2026-04,T059,Muebles,342178861,259,Base
2026-04,T059,Tecnologia,193241184,669,Base
2026-04,T060,Alimentos,271042980,184,Base
2026-04,T060,Belleza,123899046,1272,Base
2026-04,T060,Deportes,141920176,1310,Base
2026-04,T060,Electrohogar,381049524,882,Base
2026-04,T060,Jugueteria,85558469,1011,Base
2026-04,T060,Moda,188659472,1231,Base
2026-04,T060,Muebles,74587600,501,Base
2026-04,T060,Tecnologia,367184875,1362,Base
2026-05,T001,Alimentos,226728583,283,Base
2026-05,T001,Belleza,263991633,640,Base
2026-05,T001,Deportes,413674743,768,Base
2026-05,T001,Electrohogar,436319612,1163,Base
2026-05,T001,Jugueteria,92474867,747,Base
2026-05,T001,Moda,150892923,343,Base
2026-05,T001,Muebles,189855210,1348,Base
2026-05,T001,Tecnologia,247580591,394,Base
2026-05,T002,Alimentos,453515741,612,Base
2026-05,T002,Belleza,71919305,1292,Base
2026-05,T002,Deportes,446720815,1080,Base
2026-05,T002,Electrohogar,204083363,1271,Base
2026-05,T002,Jugueteria,258111447,836,Base
2026-05,T002,Moda,155748676,198,Base
2026-05,T002,Muebles,376212782,462,Base
2026-05,T002,Tecnologia,86377730,526,Base
2026-05,T003,Alimentos,408378887,126,Base
2026-05,T003,Belleza,117601285,1039,Base
2026-05,T003,Deportes,76403021,1309,Base
2026-05,T003,Electrohogar,493362048,245,Base
2026-05,T003,Jugueteria,76161838,391,Base
2026-05,T003,Moda,455908145,1104,Base
2026-05,T003,Muebles,296649701,999,Base
2026-05,T003,Tecnologia,68169916,1008,Base
2026-05,T004,Alimentos,521770220,931,Base
2026-05,T004,Belleza,515349621,148,Base
2026-05,T004,Deportes,312870510,930,Base
2026-05,T004,Electrohogar,253508226,430,Base
2026-05,T004,Jugueteria,407634413,535,Base
2026-05,T004,Moda,115048665,303,Base
2026-05,T004,Muebles,175627850,814,Base
2026-05,T004,Tecnologia,234239036,551,Base
2026-05,T005,Alimentos,239641748,183,Base
2026-05,T005,Belleza,520033960,659,Base
2026-05,T005,Deportes,319544803,991,Base
2026-05,T005,Electrohogar,87809461,315,Base
2026-05,T005,Jugueteria,242512971,1332,Base
2026-05,T005,Moda,297420161,273,Base
2026-05,T005,Muebles,312960167,952,Base
2026-05,T005,Tecnologia,510926677,1282,Base
2026-05,T006,Alimentos,111773398,743,Base
2026-05,T006,Belleza,412690855,634,Base
2026-05,T006,Deportes,344331705,507,Base
2026-05,T006,Electrohogar,511082898,586,Base
2026-05,T006,Jugueteria,145301791,326,Base
2026-05,T006,Moda,153874258,791,Base
2026-05,T006,Muebles,447212573,154,Base
2026-05,T006,Tecnologia,259830891,343,Base
2026-05,T007,Alimentos,276721892,1317,Base
2026-05,T007,Belleza,366249707,948,Base
2026-05,T007,Deportes,398563935,386,Base
2026-05,T007,Electrohogar,237408297,1389,Base
2026-05,T007,Jugueteria,116096556,650,Base
2026-05,T007,Moda,359952963,717,Base
2026-05,T007,Muebles,81381055,442,Base
2026-05,T007,Tecnologia,115343696,795,Base
2026-05,T008,Alimentos,160832452,737,Base
2026-05,T008,Belleza,108743168,222,Base
2026-05,T008,Deportes,227448435,245,Base
2026-05,T008,Electrohogar,138311913,360,Base
2026-05,T008,Jugueteria,282839281,243,Base
2026-05,T008,Moda,524235638,185,Base
2026-05,T008,Muebles,169107510,535,Base
2026-05,T008,Tecnologia,507940281,901,Base
2026-05,T009,Alimentos,493435488,581,Base
2026-05,T009,Belleza,244865056,1110,Base
2026-05,T009,Deportes,114777867,686,Base
2026-05,T009,Electrohogar,329121942,750,Base
2026-05,T009,Jugueteria,258562728,505,Base
2026-05,T009,Moda,408206198,186,Base
2026-05,T009,Muebles,396190341,458,Base
2026-05,T009,Tecnologia,262545353,1211,Base
2026-05,T010,Alimentos,441269656,350,Base
2026-05,T010,Belleza,68816961,1334,Base
2026-05,T010,Deportes,215713325,248,Base
2026-05,T010,Electrohogar,264122251,763,Base
2026-05,T010,Jugueteria,243522492,1113,Base
2026-05,T010,Moda,317301451,165,Base
2026-05,T010,Muebles,325181011,524,Base
2026-05,T010,Tecnologia,429534476,189,Base
2026-05,T011,Alimentos,227383911,271,Base
2026-05,T011,Belleza,435781043,537,Base
2026-05,T011,Deportes,381594025,1134,Base
2026-05,T011,Electrohogar,180651527,916,Base
2026-05,T011,Jugueteria,261996836,479,Base
2026-05,T011,Moda,103536730,1341,Base
2026-05,T011,Muebles,265210310,478,Base
2026-05,T011,Tecnologia,264778510,144,Base
2026-05,T012,Alimentos,503914418,993,Base
2026-05,T012,Belleza,431578812,516,Base
2026-05,T012,Deportes,230662262,796,Base
2026-05,T012,Electrohogar,250796966,1213,Base
2026-05,T012,Jugueteria,124574293,1195,Base
2026-05,T012,Moda,488682545,1386,Base
2026-05,T012,Muebles,245303772,720,Base
2026-05,T012,Tecnologia,182533908,1084,Base
2026-05,T013,Alimentos,256373562,250,Base
2026-05,T013,Belleza,249258358,1040,Base
2026-05,T013,Deportes,477779278,1226,Base
2026-05,T013,Electrohogar,330553566,790,Base
2026-05,T013,Jugueteria,438249593,605,Base
2026-05,T013,Moda,368105783,754,Base
2026-05,T013,Muebles,415205700,801,Base
2026-05,T013,Tecnologia,112507902,1133,Base
2026-05,T014,Alimentos,514865766,1306,Base
2026-05,T014,Belleza,483008316,211,Base
2026-05,T014,Deportes,304699976,562,Base
2026-05,T014,Electrohogar,373149220,333,Base
2026-05,T014,Jugueteria,445629455,1301,Base
2026-05,T014,Moda,325634783,1308,Base
2026-05,T014,Muebles,503421317,1311,Base
2026-05,T014,Tecnologia,260392705,1057,Base
2026-05,T015,Alimentos,163900586,787,Base
2026-05,T015,Belleza,158197146,1356,Base
2026-05,T015,Deportes,172796323,837,Base
2026-05,T015,Electrohogar,417789755,578,Base
2026-05,T015,Jugueteria,111736697,991,Base
2026-05,T015,Moda,311880615,715,Base
2026-05,T015,Muebles,297827446,429,Base
2026-05,T015,Tecnologia,281542080,1120,Base
2026-05,T016,Alimentos,182762511,927,Base
2026-05,T016,Belleza,407664555,511,Base
2026-05,T016,Deportes,213747381,274,Base
2026-05,T016,Electrohogar,158000333,539,Base
2026-05,T016,Jugueteria,150853315,524,Base
2026-05,T016,Moda,456752220,335,Base
2026-05,T016,Muebles,70130358,806,Base
2026-05,T016,Tecnologia,478594521,942,Base
2026-05,T017,Alimentos,470226700,630,Base
2026-05,T017,Belleza,70924936,1126,Base
2026-05,T017,Deportes,173489842,1172,Base
2026-05,T017,Electrohogar,417928922,1108,Base
2026-05,T017,Jugueteria,61178843,1057,Base
2026-05,T017,Moda,495014246,991,Base
2026-05,T017,Muebles,73249918,1303,Base
2026-05,T017,Tecnologia,125292297,1045,Base
2026-05,T018,Alimentos,170487625,149,Base
2026-05,T018,Belleza,293231681,549,Base
2026-05,T018,Deportes,331352667,1153,Base
2026-05,T018,Electrohogar,127554598,1379,Base
2026-05,T018,Jugueteria,370026555,122,Base
2026-05,T018,Moda,241033323,971,Base
2026-05,T018,Muebles,443387333,1241,Base
2026-05,T018,Tecnologia,383758888,1016,Base
2026-05,T019,Alimentos,157538082,634,Base
2026-05,T019,Belleza,411631813,671,Base
2026-05,T019,Deportes,402823963,980,Base
2026-05,T019,Electrohogar,420902008,814,Base
2026-05,T019,Jugueteria,481716880,312,Base
2026-05,T019,Moda,467165480,1379,Base
2026-05,T019,Muebles,286476151,811,Base
2026-05,T019,Tecnologia,162916257,1337,Base
2026-05,T020,Alimentos,196017540,666,Base
2026-05,T020,Belleza,240380673,603,Base
2026-05,T020,Deportes,306759806,210,Base
2026-05,T020,Electrohogar,421124253,357,Base
2026-05,T020,Jugueteria,419538463,928,Base
2026-05,T020,Moda,96418186,1163,Base
2026-05,T020,Muebles,95471322,1239,Base
2026-05,T020,Tecnologia,436149472,1182,Base
2026-05,T021,Alimentos,311618800,203,Base
2026-05,T021,Belleza,133253070,908,Base
2026-05,T021,Deportes,367138123,465,Base
2026-05,T021,Electrohogar,148958030,676,Base
2026-05,T021,Jugueteria,467853961,359,Base
2026-05,T021,Moda,482618313,1368,Base
2026-05,T021,Muebles,121319843,646,Base
2026-05,T021,Tecnologia,72465351,730,Base
2026-05,T022,Alimentos,100232171,282,Base
2026-05,T022,Belleza,140579933,1260,Base
2026-05,T022,Deportes,193783238,292,Base
2026-05,T022,Electrohogar,58779247,666,Base
2026-05,T022,Jugueteria,436993936,1384,Base
2026-05,T022,Moda,424309970,1066,Base
2026-05,T022,Muebles,423235697,1100,Base
2026-05,T022,Tecnologia,475221056,905,Base
2026-05,T023,Alimentos,300545686,1220,Base
2026-05,T023,Belleza,426718711,890,Base
2026-05,T023,Deportes,140776970,902,Base
2026-05,T023,Electrohogar,66803357,1313,Base
2026-05,T023,Jugueteria,194537336,1377,Base
2026-05,T023,Moda,293563188,610,Base
2026-05,T023,Muebles,452669050,479,Base
2026-05,T023,Tecnologia,409138835,322,Base
2026-05,T024,Alimentos,178055786,693,Base
2026-05,T024,Belleza,211954817,871,Base
2026-05,T024,Deportes,387118733,860,Base
2026-05,T024,Electrohogar,413331403,1198,Base
2026-05,T024,Jugueteria,323506203,510,Base
2026-05,T024,Moda,213419417,319,Base
2026-05,T024,Muebles,479850063,904,Base
2026-05,T024,Tecnologia,76160486,709,Base
2026-05,T025,Alimentos,164404615,1075,Base
2026-05,T025,Belleza,370437725,1210,Base
2026-05,T025,Deportes,421923888,897,Base
2026-05,T025,Electrohogar,508703977,511,Base
2026-05,T025,Jugueteria,494084510,948,Base
2026-05,T025,Moda,251884897,576,Base
2026-05,T025,Muebles,389554401,1177,Base
2026-05,T025,Tecnologia,193018538,667,Base
2026-05,T026,Alimentos,382802002,1279,Base
2026-05,T026,Belleza,523664712,968,Base
2026-05,T026,Deportes,484762201,735,Base
2026-05,T026,Electrohogar,370500691,1365,Base
2026-05,T026,Jugueteria,408843326,1395,Base
2026-05,T026,Moda,332868387,1073,Base
2026-05,T026,Muebles,190444800,927,Base
2026-05,T026,Tecnologia,500463337,1213,Base
2026-05,T027,Alimentos,365942688,1273,Base
2026-05,T027,Belleza,315701796,835,Base
2026-05,T027,Deportes,297849362,637,Base
2026-05,T027,Electrohogar,429778885,1283,Base
2026-05,T027,Jugueteria,352620318,355,Base
2026-05,T027,Moda,313447208,260,Base
2026-05,T027,Muebles,364009263,519,Base
2026-05,T027,Tecnologia,81941796,647,Base
2026-05,T028,Alimentos,100985892,1235,Base
2026-05,T028,Belleza,246521325,656,Base
2026-05,T028,Deportes,367216882,246,Base
2026-05,T028,Electrohogar,446980506,1177,Base
2026-05,T028,Jugueteria,379830547,707,Base
2026-05,T028,Moda,373221285,1397,Base
2026-05,T028,Muebles,220844416,542,Base
2026-05,T028,Tecnologia,434168743,224,Base
2026-05,T029,Alimentos,185767358,716,Base
2026-05,T029,Belleza,260554288,440,Base
2026-05,T029,Deportes,76058895,559,Base
2026-05,T029,Electrohogar,327129782,1029,Base
2026-05,T029,Jugueteria,507682738,1105,Base
2026-05,T029,Moda,336304661,1381,Base
2026-05,T029,Muebles,151680962,754,Base
2026-05,T029,Tecnologia,143098420,1246,Base
2026-05,T030,Alimentos,361647960,366,Base
2026-05,T030,Belleza,455011403,187,Base
2026-05,T030,Deportes,479923415,841,Base
2026-05,T030,Electrohogar,223959443,399,Base
2026-05,T030,Jugueteria,408473268,1317,Base
2026-05,T030,Moda,93217852,746,Base
2026-05,T030,Muebles,408213168,559,Base
2026-05,T030,Tecnologia,85196952,1118,Base
2026-05,T031,Alimentos,338352383,887,Base
2026-05,T031,Belleza,455953760,201,Base
2026-05,T031,Deportes,185085472,330,Base
2026-05,T031,Electrohogar,523378730,668,Base
2026-05,T031,Jugueteria,149554878,1027,Base
2026-05,T031,Moda,251201071,558,Base
2026-05,T031,Muebles,406276061,147,Base
2026-05,T031,Tecnologia,248811265,1135,Base
2026-05,T032,Alimentos,519784781,974,Base
2026-05,T032,Belleza,308050155,464,Base
2026-05,T032,Deportes,406417053,220,Base
2026-05,T032,Electrohogar,456364443,999,Base
2026-05,T032,Jugueteria,331469292,1365,Base
2026-05,T032,Moda,441299661,432,Base
2026-05,T032,Muebles,460288148,1383,Base
2026-05,T032,Tecnologia,488225775,1098,Base
2026-05,T033,Alimentos,472676570,602,Base
2026-05,T033,Belleza,76126416,314,Base
2026-05,T033,Deportes,155509563,705,Base
2026-05,T033,Electrohogar,249499666,782,Base
2026-05,T033,Jugueteria,209945367,396,Base
2026-05,T033,Moda,270049491,1117,Base
2026-05,T033,Muebles,337064068,771,Base
2026-05,T033,Tecnologia,299687240,828,Base
2026-05,T034,Alimentos,286798842,418,Base
2026-05,T034,Belleza,278743160,365,Base
2026-05,T034,Deportes,439078965,834,Base
2026-05,T034,Electrohogar,358953717,1075,Base
2026-05,T034,Jugueteria,411816171,957,Base
2026-05,T034,Moda,519545213,388,Base
2026-05,T034,Muebles,253354408,949,Base
2026-05,T034,Tecnologia,362432508,223,Base
2026-05,T035,Alimentos,123957908,248,Base
2026-05,T035,Belleza,166048025,154,Base
2026-05,T035,Deportes,129823910,711,Base
2026-05,T035,Electrohogar,140837900,1261,Base
2026-05,T035,Jugueteria,230949140,954,Base
2026-05,T035,Moda,103339160,548,Base
2026-05,T035,Muebles,392194328,391,Base
2026-05,T035,Tecnologia,282839300,1216,Base
2026-05,T036,Alimentos,119222885,609,Base
2026-05,T036,Belleza,114366813,358,Base
2026-05,T036,Deportes,89080806,769,Base
2026-05,T036,Electrohogar,468471528,642,Base
2026-05,T036,Jugueteria,490962625,128,Base
2026-05,T036,Moda,124704952,1150,Base
2026-05,T036,Muebles,402290460,763,Base
2026-05,T036,Tecnologia,511003853,597,Base
2026-05,T037,Alimentos,280271586,420,Base
2026-05,T037,Belleza,175478638,1344,Base
2026-05,T037,Deportes,487978892,1028,Base
2026-05,T037,Electrohogar,467479711,589,Base
2026-05,T037,Jugueteria,56368863,183,Base
2026-05,T037,Moda,350470673,795,Base
2026-05,T037,Muebles,86954105,1216,Base
2026-05,T037,Tecnologia,332347781,1023,Base
2026-05,T038,Alimentos,346247563,1398,Base
2026-05,T038,Belleza,350299956,758,Base
2026-05,T038,Deportes,154492032,455,Base
2026-05,T038,Electrohogar,304618057,475,Base
2026-05,T038,Jugueteria,233167536,1393,Base
2026-05,T038,Moda,371795075,1362,Base
2026-05,T038,Muebles,138566880,131,Base
2026-05,T038,Tecnologia,213834291,382,Base
2026-05,T039,Alimentos,101024380,751,Base
2026-05,T039,Belleza,264694945,396,Base
2026-05,T039,Deportes,381161493,1185,Base
2026-05,T039,Electrohogar,485870772,549,Base
2026-05,T039,Jugueteria,283988542,802,Base
2026-05,T039,Moda,229703076,251,Base
2026-05,T039,Muebles,206488322,376,Base
2026-05,T039,Tecnologia,277088681,1010,Base
2026-05,T040,Alimentos,322975611,1394,Base
2026-05,T040,Belleza,369025836,631,Base
2026-05,T040,Deportes,89582803,610,Base
2026-05,T040,Electrohogar,511919396,305,Base
2026-05,T040,Jugueteria,127285406,861,Base
2026-05,T040,Moda,333693261,794,Base
2026-05,T040,Muebles,224298725,986,Base
2026-05,T040,Tecnologia,412411033,1043,Base
2026-05,T041,Alimentos,401773801,1311,Base
2026-05,T041,Belleza,108922925,1231,Base
2026-05,T041,Deportes,485058715,1046,Base
2026-05,T041,Electrohogar,469413691,822,Base
2026-05,T041,Jugueteria,217238706,271,Base
2026-05,T041,Moda,415305305,135,Base
2026-05,T041,Muebles,78324436,204,Base
2026-05,T041,Tecnologia,132655268,638,Base
2026-05,T042,Alimentos,355526861,266,Base
2026-05,T042,Belleza,118086232,970,Base
2026-05,T042,Deportes,343952861,215,Base
2026-05,T042,Electrohogar,379750227,366,Base
2026-05,T042,Jugueteria,350926735,1104,Base
2026-05,T042,Moda,352437268,400,Base
2026-05,T042,Muebles,129080867,278,Base
2026-05,T042,Tecnologia,471777042,229,Base
2026-05,T043,Alimentos,189088248,1317,Base
2026-05,T043,Belleza,294636210,1056,Base
2026-05,T043,Deportes,62498421,1127,Base
2026-05,T043,Electrohogar,318030151,135,Base
2026-05,T043,Jugueteria,227193506,1375,Base
2026-05,T043,Moda,295832306,235,Base
2026-05,T043,Muebles,156212348,218,Base
2026-05,T043,Tecnologia,348550837,141,Base
2026-05,T044,Alimentos,206240643,834,Base
2026-05,T044,Belleza,403276808,149,Base
2026-05,T044,Deportes,464485787,888,Base
2026-05,T044,Electrohogar,347194577,1038,Base
2026-05,T044,Jugueteria,353080398,976,Base
2026-05,T044,Moda,280514715,611,Base
2026-05,T044,Muebles,63129907,718,Base
2026-05,T044,Tecnologia,314334267,642,Base
2026-05,T045,Alimentos,199492711,709,Base
2026-05,T045,Belleza,353775826,751,Base
2026-05,T045,Deportes,223105013,1219,Base
2026-05,T045,Electrohogar,371923982,1086,Base
2026-05,T045,Jugueteria,400049646,1154,Base
2026-05,T045,Moda,94661957,880,Base
2026-05,T045,Muebles,171101767,749,Base
2026-05,T045,Tecnologia,309761650,750,Base
2026-05,T046,Alimentos,188399088,942,Base
2026-05,T046,Belleza,200070227,972,Base
2026-05,T046,Deportes,505991748,897,Base
2026-05,T046,Electrohogar,367742638,443,Base
2026-05,T046,Jugueteria,127756036,485,Base
2026-05,T046,Moda,292595900,496,Base
2026-05,T046,Muebles,148109191,821,Base
2026-05,T046,Tecnologia,472708947,658,Base
2026-05,T047,Alimentos,99055342,259,Base
2026-05,T047,Belleza,309096228,194,Base
2026-05,T047,Deportes,125595260,1163,Base
2026-05,T047,Electrohogar,370098078,954,Base
2026-05,T047,Jugueteria,482464496,896,Base
2026-05,T047,Moda,197335618,134,Base
2026-05,T047,Muebles,254881885,562,Base
2026-05,T047,Tecnologia,518794351,685,Base
2026-05,T048,Alimentos,451985407,1017,Base
2026-05,T048,Belleza,408795117,804,Base
2026-05,T048,Deportes,392493167,1193,Base
2026-05,T048,Electrohogar,59135566,597,Base
2026-05,T048,Jugueteria,234822660,1121,Base
2026-05,T048,Moda,420086941,1128,Base
2026-05,T048,Muebles,415441136,177,Base
2026-05,T048,Tecnologia,88018607,770,Base
2026-05,T049,Alimentos,83028676,522,Base
2026-05,T049,Belleza,421560020,395,Base
2026-05,T049,Deportes,372599877,1099,Base
2026-05,T049,Electrohogar,246264313,1214,Base
2026-05,T049,Jugueteria,157709420,1211,Base
2026-05,T049,Moda,445614625,578,Base
2026-05,T049,Muebles,166382306,830,Base
2026-05,T049,Tecnologia,233104045,465,Base
2026-05,T050,Alimentos,502485170,1307,Base
2026-05,T050,Belleza,393507960,911,Base
2026-05,T050,Deportes,222640818,747,Base
2026-05,T050,Electrohogar,221523906,906,Base
2026-05,T050,Jugueteria,357938630,553,Base
2026-05,T050,Moda,220624750,348,Base
2026-05,T050,Muebles,360201142,374,Base
2026-05,T050,Tecnologia,280406930,566,Base
2026-05,T051,Alimentos,511285985,846,Base
2026-05,T051,Belleza,182696077,897,Base
2026-05,T051,Deportes,391559390,1153,Base
2026-05,T051,Electrohogar,513330521,263,Base
2026-05,T051,Jugueteria,324421683,316,Base
2026-05,T051,Moda,110170795,1103,Base
2026-05,T051,Muebles,262365741,1244,Base
2026-05,T051,Tecnologia,391567256,592,Base
2026-05,T052,Alimentos,476687381,252,Base
2026-05,T052,Belleza,354772238,1113,Base
2026-05,T052,Deportes,217190397,1367,Base
2026-05,T052,Electrohogar,375056673,519,Base
2026-05,T052,Jugueteria,143542913,627,Base
2026-05,T052,Moda,374240111,282,Base
2026-05,T052,Muebles,70929440,401,Base
2026-05,T052,Tecnologia,268766831,338,Base
2026-05,T053,Alimentos,376687278,860,Base
2026-05,T053,Belleza,127080592,856,Base
2026-05,T053,Deportes,483198448,1083,Base
2026-05,T053,Electrohogar,388852530,1240,Base
2026-05,T053,Jugueteria,88428765,1242,Base
2026-05,T053,Moda,451578793,1209,Base
2026-05,T053,Muebles,280512561,1258,Base
2026-05,T053,Tecnologia,443236341,1318,Base
2026-05,T054,Alimentos,259377452,857,Base
2026-05,T054,Belleza,223613628,551,Base
2026-05,T054,Deportes,146190980,1265,Base
2026-05,T054,Electrohogar,333396513,745,Base
2026-05,T054,Jugueteria,507431325,408,Base
2026-05,T054,Moda,488495660,585,Base
2026-05,T054,Muebles,261475020,686,Base
2026-05,T054,Tecnologia,235140593,1135,Base
2026-05,T055,Alimentos,265327483,868,Base
2026-05,T055,Belleza,139609053,613,Base
2026-05,T055,Deportes,182225180,435,Base
2026-05,T055,Electrohogar,207749563,582,Base
2026-05,T055,Jugueteria,246944427,1192,Base
2026-05,T055,Moda,393243076,151,Base
2026-05,T055,Muebles,346085568,1179,Base
2026-05,T055,Tecnologia,504556105,853,Base
2026-05,T056,Alimentos,68857048,333,Base
2026-05,T056,Belleza,474770778,1306,Base
2026-05,T056,Deportes,250286995,1125,Base
2026-05,T056,Electrohogar,112707453,617,Base
2026-05,T056,Jugueteria,325419520,398,Base
2026-05,T056,Moda,324805906,1005,Base
2026-05,T056,Muebles,252816978,551,Base
2026-05,T056,Tecnologia,119998607,1190,Base
2026-05,T057,Alimentos,151059658,971,Base
2026-05,T057,Belleza,512894511,1074,Base
2026-05,T057,Deportes,130025232,996,Base
2026-05,T057,Electrohogar,61847538,684,Base
2026-05,T057,Jugueteria,209544478,413,Base
2026-05,T057,Moda,198976688,569,Base
2026-05,T057,Muebles,383008785,243,Base
2026-05,T057,Tecnologia,442115758,705,Base
2026-05,T058,Alimentos,101120962,1344,Base
2026-05,T058,Belleza,116884181,1257,Base
2026-05,T058,Deportes,429782061,597,Base
2026-05,T058,Electrohogar,319233175,1331,Base
2026-05,T058,Jugueteria,196655522,739,Base
2026-05,T058,Moda,457253130,1143,Base
2026-05,T058,Muebles,458374108,901,Base
2026-05,T058,Tecnologia,182814808,813,Base
2026-05,T059,Alimentos,111744397,662,Base
2026-05,T059,Belleza,339142297,710,Base
2026-05,T059,Deportes,223475942,350,Base
2026-05,T059,Electrohogar,59188080,195,Base
2026-05,T059,Jugueteria,407274423,199,Base
2026-05,T059,Moda,405049148,687,Base
2026-05,T059,Muebles,104107010,264,Base
2026-05,T059,Tecnologia,467327988,289,Base
2026-05,T060,Alimentos,280100270,1208,Base
2026-05,T060,Belleza,149886292,429,Base
2026-05,T060,Deportes,103048530,1369,Base
2026-05,T060,Electrohogar,119342472,1167,Base
2026-05,T060,Jugueteria,80227570,549,Base
2026-05,T060,Moda,344994985,168,Base
2026-05,T060,Muebles,313894731,1007,Base
2026-05,T060,Tecnologia,222540310,988,Base
2026-06,T001,Alimentos,457641898,555,Base
2026-06,T001,Belleza,103220622,1356,Base
2026-06,T001,Deportes,504580687,474,Base
2026-06,T001,Electrohogar,441819843,827,Base
2026-06,T001,Jugueteria,172090583,1028,Base
2026-06,T001,Moda,124959490,431,Base
2026-06,T001,Muebles,304745862,1356,Base
2026-06,T001,Tecnologia,61750123,678,Base
2026-06,T002,Alimentos,63644958,124,Base
2026-06,T002,Belleza,390190997,765,Base
2026-06,T002,Deportes,485720966,781,Base
2026-06,T002,Electrohogar,120433603,624,Base
2026-06,T002,Jugueteria,443273861,777,Base
2026-06,T002,Moda,380616283,1253,Base
2026-06,T002,Muebles,504061530,770,Base
2026-06,T002,Tecnologia,265007147,707,Base
2026-06,T003,Alimentos,140800471,1084,Base
2026-06,T003,Belleza,392164948,1384,Base
2026-06,T003,Deportes,472426197,513,Base
2026-06,T003,Electrohogar,84096095,1222,Base
2026-06,T003,Jugueteria,155805478,1333,Base
2026-06,T003,Moda,223730905,813,Base
2026-06,T003,Muebles,96419462,926,Base
2026-06,T003,Tecnologia,432972546,1233,Base
2026-06,T004,Alimentos,84785136,217,Base
2026-06,T004,Belleza,339435532,912,Base
2026-06,T004,Deportes,512239575,406,Base
2026-06,T004,Electrohogar,290077680,1274,Base
2026-06,T004,Jugueteria,490793976,1238,Base
2026-06,T004,Moda,100803912,929,Base
2026-06,T004,Muebles,337939055,1199,Base
2026-06,T004,Tecnologia,324553342,943,Base
2026-06,T005,Alimentos,498515778,338,Base
2026-06,T005,Belleza,315146987,1054,Base
2026-06,T005,Deportes,142551192,692,Base
2026-06,T005,Electrohogar,122639782,542,Base
2026-06,T005,Jugueteria,373822542,888,Base
2026-06,T005,Moda,179183197,952,Base
2026-06,T005,Muebles,398874093,1263,Base
2026-06,T005,Tecnologia,508216108,240,Base
2026-06,T006,Alimentos,125799113,1115,Base
2026-06,T006,Belleza,430601273,978,Base
2026-06,T006,Deportes,413788096,901,Base
2026-06,T006,Electrohogar,456452390,866,Base
2026-06,T006,Jugueteria,103480980,708,Base
2026-06,T006,Moda,184554268,771,Base
2026-06,T006,Muebles,97596416,744,Base
2026-06,T006,Tecnologia,499448903,1359,Base
2026-06,T007,Alimentos,313178892,492,Base
2026-06,T007,Belleza,298421220,222,Base
2026-06,T007,Deportes,211231350,622,Base
2026-06,T007,Electrohogar,308084530,733,Base
2026-06,T007,Jugueteria,213952640,371,Base
2026-06,T007,Moda,404391245,1345,Base
2026-06,T007,Muebles,105360355,1134,Base
2026-06,T007,Tecnologia,226005476,633,Base
2026-06,T008,Alimentos,390132623,597,Base
2026-06,T008,Belleza,443346213,1367,Base
2026-06,T008,Deportes,396660920,584,Base
2026-06,T008,Electrohogar,402302840,1090,Base
2026-06,T008,Jugueteria,503773191,380,Base
2026-06,T008,Moda,134415685,1161,Base
2026-06,T008,Muebles,236417665,578,Base
2026-06,T008,Tecnologia,205237490,538,Base
2026-06,T009,Alimentos,264444043,362,Base
2026-06,T009,Belleza,281055387,329,Base
2026-06,T009,Deportes,217766101,286,Base
2026-06,T009,Electrohogar,284269993,1375,Base
2026-06,T009,Jugueteria,184281566,844,Base
2026-06,T009,Moda,86425833,890,Base
2026-06,T009,Muebles,311434960,992,Base
2026-06,T009,Tecnologia,501730912,1208,Base
2026-06,T010,Alimentos,388254270,1392,Base
2026-06,T010,Belleza,182312628,677,Base
2026-06,T010,Deportes,523717462,1159,Base
2026-06,T010,Electrohogar,202804057,253,Base
2026-06,T010,Jugueteria,484583122,532,Base
2026-06,T010,Moda,204961731,1262,Base
2026-06,T010,Muebles,201962056,991,Base
2026-06,T010,Tecnologia,285367336,722,Base
2026-06,T011,Alimentos,372045337,241,Base
2026-06,T011,Belleza,284523375,764,Base
2026-06,T011,Deportes,59549101,894,Base
2026-06,T011,Electrohogar,386422410,754,Base
2026-06,T011,Jugueteria,418912358,1062,Base
2026-06,T011,Moda,411277792,365,Base
2026-06,T011,Muebles,250252627,1138,Base
2026-06,T011,Tecnologia,257799583,709,Base
2026-06,T012,Alimentos,306525580,477,Base
2026-06,T012,Belleza,127406488,1205,Base
2026-06,T012,Deportes,441803487,707,Base
2026-06,T012,Electrohogar,328570145,472,Base
2026-06,T012,Jugueteria,429371676,349,Base
2026-06,T012,Moda,151410075,895,Base
2026-06,T012,Muebles,454246487,1043,Base
2026-06,T012,Tecnologia,200600830,800,Base
2026-06,T013,Alimentos,426201500,189,Base
2026-06,T013,Belleza,512289952,622,Base
2026-06,T013,Deportes,192963146,1306,Base
2026-06,T013,Electrohogar,190304142,408,Base
2026-06,T013,Jugueteria,492751557,603,Base
2026-06,T013,Moda,409764237,1132,Base
2026-06,T013,Muebles,138053236,973,Base
2026-06,T013,Tecnologia,384454815,840,Base
2026-06,T014,Alimentos,320519706,1359,Base
2026-06,T014,Belleza,325725416,427,Base
2026-06,T014,Deportes,181721503,658,Base
2026-06,T014,Electrohogar,187895460,733,Base
2026-06,T014,Jugueteria,166115780,450,Base
2026-06,T014,Moda,397706603,791,Base
2026-06,T014,Muebles,152261307,985,Base
2026-06,T014,Tecnologia,434235710,1087,Base
2026-06,T015,Alimentos,128136605,694,Base
2026-06,T015,Belleza,396723912,960,Base
2026-06,T015,Deportes,158070145,954,Base
2026-06,T015,Electrohogar,225388695,447,Base
2026-06,T015,Jugueteria,308975118,391,Base
2026-06,T015,Moda,190044046,1296,Base
2026-06,T015,Muebles,167126921,1313,Base
2026-06,T015,Tecnologia,231935300,1281,Base
2026-06,T016,Alimentos,91652202,1373,Base
2026-06,T016,Belleza,151630617,1115,Base
2026-06,T016,Deportes,221736982,963,Base
2026-06,T016,Electrohogar,73466362,763,Base
2026-06,T016,Jugueteria,93980742,1035,Base
2026-06,T016,Moda,351548991,1125,Base
2026-06,T016,Muebles,97028055,1063,Base
2026-06,T016,Tecnologia,149911341,876,Base
2026-06,T017,Alimentos,334805040,300,Base
2026-06,T017,Belleza,112819480,504,Base
2026-06,T017,Deportes,277461232,921,Base
2026-06,T017,Electrohogar,329251281,899,Base
2026-06,T017,Jugueteria,372721568,197,Base
2026-06,T017,Moda,424678763,985,Base
2026-06,T017,Muebles,389583271,1141,Base
2026-06,T017,Tecnologia,368101387,342,Base
2026-06,T018,Alimentos,264080146,555,Base
2026-06,T018,Belleza,356692611,397,Base
2026-06,T018,Deportes,516705397,1201,Base
2026-06,T018,Electrohogar,478771463,1153,Base
2026-06,T018,Jugueteria,333303422,288,Base
2026-06,T018,Moda,358890440,1238,Base
2026-06,T018,Muebles,138193912,354,Base
2026-06,T018,Tecnologia,129875390,418,Base
2026-06,T019,Alimentos,297609041,414,Base
2026-06,T019,Belleza,393602048,367,Base
2026-06,T019,Deportes,515639703,665,Base
2026-06,T019,Electrohogar,430088207,1385,Base
2026-06,T019,Jugueteria,370756846,1113,Base
2026-06,T019,Moda,486433851,1340,Base
2026-06,T019,Muebles,468720247,1186,Base
2026-06,T019,Tecnologia,359250736,763,Base
2026-06,T020,Alimentos,293062005,657,Base
2026-06,T020,Belleza,109199080,580,Base
2026-06,T020,Deportes,96363553,724,Base
2026-06,T020,Electrohogar,90800326,1158,Base
2026-06,T020,Jugueteria,385263170,1269,Base
2026-06,T020,Moda,156902463,1046,Base
2026-06,T020,Muebles,478111078,886,Base
2026-06,T020,Tecnologia,387395618,905,Base
2026-06,T021,Alimentos,223204391,1370,Base
2026-06,T021,Belleza,507365952,283,Base
2026-06,T021,Deportes,386391091,981,Base
2026-06,T021,Electrohogar,75298802,746,Base
2026-06,T021,Jugueteria,499321227,829,Base
2026-06,T021,Moda,174183931,972,Base
2026-06,T021,Muebles,515060910,795,Base
2026-06,T021,Tecnologia,367223938,827,Base
2026-06,T022,Alimentos,237699188,490,Base
2026-06,T022,Belleza,359762470,179,Base
2026-06,T022,Deportes,392217041,1303,Base
2026-06,T022,Electrohogar,311072546,1232,Base
2026-06,T022,Jugueteria,80875577,209,Base
2026-06,T022,Moda,347779078,1276,Base
2026-06,T022,Muebles,148686702,1114,Base
2026-06,T022,Tecnologia,284674611,1311,Base
2026-06,T023,Alimentos,395115622,1289,Base
2026-06,T023,Belleza,195037596,736,Base
2026-06,T023,Deportes,237825007,889,Base
2026-06,T023,Electrohogar,140638580,1137,Base
2026-06,T023,Jugueteria,130390122,1317,Base
2026-06,T023,Moda,483421155,1093,Base
2026-06,T023,Muebles,107324410,1224,Base
2026-06,T023,Tecnologia,498446208,740,Base
2026-06,T024,Alimentos,406907846,255,Base
2026-06,T024,Belleza,192901976,630,Base
2026-06,T024,Deportes,308208581,340,Base
2026-06,T024,Electrohogar,398828095,1177,Base
2026-06,T024,Jugueteria,76276915,235,Base
2026-06,T024,Moda,325442795,811,Base
2026-06,T024,Muebles,282689116,592,Base
2026-06,T024,Tecnologia,184118030,725,Base
2026-06,T025,Alimentos,282362623,155,Base
2026-06,T025,Belleza,192026967,271,Base
2026-06,T025,Deportes,277852817,1082,Base
2026-06,T025,Electrohogar,191584062,935,Base
2026-06,T025,Jugueteria,303914432,1140,Base
2026-06,T025,Moda,67049847,1108,Base
2026-06,T025,Muebles,511646136,552,Base
2026-06,T025,Tecnologia,271263261,395,Base
2026-06,T026,Alimentos,360395612,356,Base
2026-06,T026,Belleza,392477047,145,Base
2026-06,T026,Deportes,68713612,1045,Base
2026-06,T026,Electrohogar,60043542,412,Base
2026-06,T026,Jugueteria,176893238,851,Base
2026-06,T026,Moda,510288050,1164,Base
2026-06,T026,Muebles,507641730,1135,Base
2026-06,T026,Tecnologia,187951502,863,Base
2026-06,T027,Alimentos,342128771,849,Base
2026-06,T027,Belleza,56569322,208,Base
2026-06,T027,Deportes,269922580,576,Base
2026-06,T027,Electrohogar,104063166,689,Base
2026-06,T027,Jugueteria,144553113,973,Base
2026-06,T027,Moda,137797023,1278,Base
2026-06,T027,Muebles,441638593,590,Base
2026-06,T027,Tecnologia,314640912,447,Base
2026-06,T028,Alimentos,142585640,1195,Base
2026-06,T028,Belleza,228363716,464,Base
2026-06,T028,Deportes,153784751,470,Base
2026-06,T028,Electrohogar,199631710,1345,Base
2026-06,T028,Jugueteria,344433172,266,Base
2026-06,T028,Moda,381891386,1045,Base
2026-06,T028,Muebles,501478343,187,Base
2026-06,T028,Tecnologia,512595122,717,Base
2026-06,T029,Alimentos,362907767,172,Base
2026-06,T029,Belleza,464607127,792,Base
2026-06,T029,Deportes,493590096,298,Base
2026-06,T029,Electrohogar,438669840,351,Base
2026-06,T029,Jugueteria,116411835,913,Base
2026-06,T029,Moda,124835155,878,Base
2026-06,T029,Muebles,310474345,1205,Base
2026-06,T029,Tecnologia,124402106,263,Base
2026-06,T030,Alimentos,276644288,1167,Base
2026-06,T030,Belleza,123266008,136,Base
2026-06,T030,Deportes,88982507,830,Base
2026-06,T030,Electrohogar,91344112,400,Base
2026-06,T030,Jugueteria,412479536,408,Base
2026-06,T030,Moda,506865443,135,Base
2026-06,T030,Muebles,235459381,1040,Base
2026-06,T030,Tecnologia,199159273,1043,Base
2026-06,T031,Alimentos,229669918,186,Base
2026-06,T031,Belleza,469905187,906,Base
2026-06,T031,Deportes,239569531,272,Base
2026-06,T031,Electrohogar,260733848,785,Base
2026-06,T031,Jugueteria,257625561,298,Base
2026-06,T031,Moda,119975271,701,Base
2026-06,T031,Muebles,519458083,133,Base
2026-06,T031,Tecnologia,250404815,553,Base
2026-06,T032,Alimentos,407348813,925,Base
2026-06,T032,Belleza,75203038,1005,Base
2026-06,T032,Deportes,484105492,1365,Base
2026-06,T032,Electrohogar,83490467,1001,Base
2026-06,T032,Jugueteria,333675688,270,Base
2026-06,T032,Moda,502518212,1204,Base
2026-06,T032,Muebles,291674010,472,Base
2026-06,T032,Tecnologia,468868291,380,Base
2026-06,T033,Alimentos,115284591,793,Base
2026-06,T033,Belleza,335815537,1277,Base
2026-06,T033,Deportes,199512570,918,Base
2026-06,T033,Electrohogar,208938422,1193,Base
2026-06,T033,Jugueteria,410828567,701,Base
2026-06,T033,Moda,445045645,331,Base
2026-06,T033,Muebles,209914811,594,Base
2026-06,T033,Tecnologia,116264305,994,Base
2026-06,T034,Alimentos,99841817,461,Base
2026-06,T034,Belleza,357414220,495,Base
2026-06,T034,Deportes,269750900,808,Base
2026-06,T034,Electrohogar,437848753,798,Base
2026-06,T034,Jugueteria,93972902,199,Base
2026-06,T034,Moda,337733870,311,Base
2026-06,T034,Muebles,349007471,540,Base
2026-06,T034,Tecnologia,155716682,332,Base
2026-06,T035,Alimentos,517031593,453,Base
2026-06,T035,Belleza,419779938,1374,Base
2026-06,T035,Deportes,126522656,494,Base
2026-06,T035,Electrohogar,205253938,125,Base
2026-06,T035,Jugueteria,194591636,1324,Base
2026-06,T035,Moda,518021325,237,Base
2026-06,T035,Muebles,240015137,474,Base
2026-06,T035,Tecnologia,282806168,884,Base
2026-06,T036,Alimentos,356515391,1232,Base
2026-06,T036,Belleza,182056020,681,Base
2026-06,T036,Deportes,99622921,1055,Base
2026-06,T036,Electrohogar,199231633,1274,Base
2026-06,T036,Jugueteria,381927577,906,Base
2026-06,T036,Moda,258471501,1017,Base
2026-06,T036,Muebles,126805840,388,Base
2026-06,T036,Tecnologia,258139281,759,Base
2026-06,T037,Alimentos,185609070,966,Base
2026-06,T037,Belleza,74914137,760,Base
2026-06,T037,Deportes,292563797,1338,Base
2026-06,T037,Electrohogar,394515462,1302,Base
2026-06,T037,Jugueteria,300162661,1250,Base
2026-06,T037,Moda,332047881,455,Base
2026-06,T037,Muebles,144811845,1379,Base
2026-06,T037,Tecnologia,438812946,415,Base
2026-06,T038,Alimentos,95352575,404,Base
2026-06,T038,Belleza,412233910,961,Base
2026-06,T038,Deportes,508750345,150,Base
2026-06,T038,Electrohogar,445603458,1226,Base
2026-06,T038,Jugueteria,505986527,947,Base
2026-06,T038,Moda,327766841,1278,Base
2026-06,T038,Muebles,82366752,757,Base
2026-06,T038,Tecnologia,370128485,481,Base
2026-06,T039,Alimentos,283449053,502,Base
2026-06,T039,Belleza,173332971,180,Base
2026-06,T039,Deportes,233823553,1348,Base
2026-06,T039,Electrohogar,212812276,599,Base
2026-06,T039,Jugueteria,131038362,413,Base
2026-06,T039,Moda,414510020,1115,Base
2026-06,T039,Muebles,339163066,1225,Base
2026-06,T039,Tecnologia,300980142,467,Base
2026-06,T040,Alimentos,455046525,548,Base
2026-06,T040,Belleza,336589326,1330,Base
2026-06,T040,Deportes,196394213,1165,Base
2026-06,T040,Electrohogar,156763038,1008,Base
2026-06,T040,Jugueteria,190464945,865,Base
2026-06,T040,Moda,171663105,1400,Base
2026-06,T040,Muebles,313597478,849,Base
2026-06,T040,Tecnologia,73911438,1099,Base
2026-06,T041,Alimentos,247883873,811,Base
2026-06,T041,Belleza,276687252,682,Base
2026-06,T041,Deportes,168568400,242,Base
2026-06,T041,Electrohogar,261214733,621,Base
2026-06,T041,Jugueteria,448973868,725,Base
2026-06,T041,Moda,406414026,1233,Base
2026-06,T041,Muebles,337755227,578,Base
2026-06,T041,Tecnologia,435720323,596,Base
2026-06,T042,Alimentos,443672808,804,Base
2026-06,T042,Belleza,298933462,1222,Base
2026-06,T042,Deportes,193019920,1301,Base
2026-06,T042,Electrohogar,360189365,1222,Base
2026-06,T042,Jugueteria,172598775,645,Base
2026-06,T042,Moda,155073098,607,Base
2026-06,T042,Muebles,319972110,203,Base
2026-06,T042,Tecnologia,519104630,936,Base
2026-06,T043,Alimentos,476893525,333,Base
2026-06,T043,Belleza,134451592,802,Base
2026-06,T043,Deportes,108814462,434,Base
2026-06,T043,Electrohogar,112375301,1225,Base
2026-06,T043,Jugueteria,514306388,610,Base
2026-06,T043,Moda,126394946,1035,Base
2026-06,T043,Muebles,459527088,181,Base
2026-06,T043,Tecnologia,120932171,724,Base
2026-06,T044,Alimentos,97957413,534,Base
2026-06,T044,Belleza,271122707,897,Base
2026-06,T044,Deportes,150312587,1210,Base
2026-06,T044,Electrohogar,204443188,425,Base
2026-06,T044,Jugueteria,328229277,1363,Base
2026-06,T044,Moda,467164273,144,Base
2026-06,T044,Muebles,239810981,1247,Base
2026-06,T044,Tecnologia,145745060,1171,Base
2026-06,T045,Alimentos,62092001,473,Base
2026-06,T045,Belleza,106197081,599,Base
2026-06,T045,Deportes,389933307,739,Base
2026-06,T045,Electrohogar,299794950,879,Base
2026-06,T045,Jugueteria,305038098,319,Base
2026-06,T045,Moda,197713416,377,Base
2026-06,T045,Muebles,515133628,1129,Base
2026-06,T045,Tecnologia,138145963,474,Base
2026-06,T046,Alimentos,110881651,1095,Base
2026-06,T046,Belleza,464649335,777,Base
2026-06,T046,Deportes,69666777,144,Base
2026-06,T046,Electrohogar,461012612,166,Base
2026-06,T046,Jugueteria,96649947,189,Base
2026-06,T046,Moda,260648836,1360,Base
2026-06,T046,Muebles,281465200,121,Base
2026-06,T046,Tecnologia,431231647,487,Base
2026-06,T047,Alimentos,427256896,194,Base
2026-06,T047,Belleza,487954218,1050,Base
2026-06,T047,Deportes,490547890,407,Base
2026-06,T047,Electrohogar,152348118,587,Base
2026-06,T047,Jugueteria,407055491,722,Base
2026-06,T047,Moda,236531306,664,Base
2026-06,T047,Muebles,185894551,1147,Base
2026-06,T047,Tecnologia,427204193,771,Base
2026-06,T048,Alimentos,411340503,397,Base
2026-06,T048,Belleza,483613762,311,Base
2026-06,T048,Deportes,59456491,895,Base
2026-06,T048,Electrohogar,413408521,836,Base
2026-06,T048,Jugueteria,414604802,1331,Base
2026-06,T048,Moda,399740170,1315,Base
2026-06,T048,Muebles,500817118,1288,Base
2026-06,T048,Tecnologia,202284248,1343,Base
2026-06,T049,Alimentos,219786486,729,Base
2026-06,T049,Belleza,312028212,395,Base
2026-06,T049,Deportes,517409961,924,Base
2026-06,T049,Electrohogar,457122977,872,Base
2026-06,T049,Jugueteria,76604770,1353,Base
2026-06,T049,Moda,346363248,398,Base
2026-06,T049,Muebles,333547018,144,Base
2026-06,T049,Tecnologia,412951782,193,Base
2026-06,T050,Alimentos,459787381,246,Base
2026-06,T050,Belleza,514265960,776,Base
2026-06,T050,Deportes,129116470,1380,Base
2026-06,T050,Electrohogar,284995457,1267,Base
2026-06,T050,Jugueteria,180528610,302,Base
2026-06,T050,Moda,434824588,364,Base
2026-06,T050,Muebles,232819923,299,Base
2026-06,T050,Tecnologia,440865040,978,Base
2026-06,T051,Alimentos,447749660,1110,Base
2026-06,T051,Belleza,342682057,709,Base
2026-06,T051,Deportes,216952031,1032,Base
2026-06,T051,Electrohogar,450831827,962,Base
2026-06,T051,Jugueteria,124393977,326,Base
2026-06,T051,Moda,148311462,341,Base
2026-06,T051,Muebles,198448086,891,Base
2026-06,T051,Tecnologia,311235670,148,Base
2026-06,T052,Alimentos,459636377,299,Base
2026-06,T052,Belleza,151107423,1345,Base
2026-06,T052,Deportes,450695957,166,Base
2026-06,T052,Electrohogar,300478778,1001,Base
2026-06,T052,Jugueteria,497403307,683,Base
2026-06,T052,Moda,292678603,1047,Base
2026-06,T052,Muebles,481556725,1013,Base
2026-06,T052,Tecnologia,143278041,964,Base
2026-06,T053,Alimentos,381456452,1375,Base
2026-06,T053,Belleza,443203751,375,Base
2026-06,T053,Deportes,103595410,1044,Base
2026-06,T053,Electrohogar,121417646,475,Base
2026-06,T053,Jugueteria,276626811,538,Base
2026-06,T053,Moda,170102581,1015,Base
2026-06,T053,Muebles,421935306,156,Base
2026-06,T053,Tecnologia,473429162,271,Base
2026-06,T054,Alimentos,116999268,1390,Base
2026-06,T054,Belleza,206015687,1124,Base
2026-06,T054,Deportes,113290662,316,Base
2026-06,T054,Electrohogar,237672462,1340,Base
2026-06,T054,Jugueteria,182620295,132,Base
2026-06,T054,Moda,338339156,1377,Base
2026-06,T054,Muebles,68397426,565,Base
2026-06,T054,Tecnologia,382924835,1228,Base
2026-06,T055,Alimentos,517862677,1034,Base
2026-06,T055,Belleza,85707532,1114,Base
2026-06,T055,Deportes,185100175,345,Base
2026-06,T055,Electrohogar,237516980,750,Base
2026-06,T055,Jugueteria,198026086,603,Base
2026-06,T055,Moda,95461786,1282,Base
2026-06,T055,Muebles,163694831,1251,Base
2026-06,T055,Tecnologia,430535041,1085,Base
2026-06,T056,Alimentos,127003562,370,Base
2026-06,T056,Belleza,140964980,299,Base
2026-06,T056,Deportes,259947597,1017,Base
2026-06,T056,Electrohogar,472233351,1256,Base
2026-06,T056,Jugueteria,101450326,1252,Base
2026-06,T056,Moda,365065756,325,Base
2026-06,T056,Muebles,286131592,557,Base
2026-06,T056,Tecnologia,276336641,161,Base
2026-06,T057,Alimentos,494204630,1279,Base
2026-06,T057,Belleza,515670202,1156,Base
2026-06,T057,Deportes,232765468,1101,Base
2026-06,T057,Electrohogar,379449881,150,Base
2026-06,T057,Jugueteria,421066893,348,Base
2026-06,T057,Moda,396836195,1125,Base
2026-06,T057,Muebles,133965366,925,Base
2026-06,T057,Tecnologia,296799526,1230,Base
2026-06,T058,Alimentos,92340498,567,Base
2026-06,T058,Belleza,386204357,457,Base
2026-06,T058,Deportes,450239300,962,Base
2026-06,T058,Electrohogar,524010295,1168,Base
2026-06,T058,Jugueteria,180208160,1260,Base
2026-06,T058,Moda,368142083,1366,Base
2026-06,T058,Muebles,505522633,1389,Base
2026-06,T058,Tecnologia,106933401,301,Base
2026-06,T059,Alimentos,310775247,796,Base
2026-06,T059,Belleza,152877270,434,Base
2026-06,T059,Deportes,58598390,124,Base
2026-06,T059,Electrohogar,156127376,1050,Base
2026-06,T059,Jugueteria,143706706,191,Base
2026-06,T059,Moda,274270985,258,Base
2026-06,T059,Muebles,216580995,844,Base
2026-06,T059,Tecnologia,405010898,423,Base
2026-06,T060,Alimentos,127219630,794,Base
2026-06,T060,Belleza,249776933,807,Base
2026-06,T060,Deportes,426837103,509,Base
2026-06,T060,Electrohogar,451531337,454,Base
2026-06,T060,Jugueteria,288238720,574,Base
2026-06,T060,Moda,485001163,944,Base
2026-06,T060,Muebles,376643397,1321,Base
2026-06,T060,Tecnologia,106784751,195,Base
